ds,y
2013-01-01,198.86
2013-01-02,157.47
2013-01-03,112.0
2013-01-04,103.78
2013-01-05,93.44
2013-01-06,338.18
2013-01-07,314.87
2013-01-08,526.73
2013-01-09,493.2
2013-01-10,335.12
2013-01-11,208.45
2013-01-12,167.69
2013-01-13,100.8
2013-01-14,110.32
2013-01-15,134.97
2013-01-16,94.65
2013-01-17,86.56
2013-01-18,142.23
2013-01-19,130.1
2013-01-20,110.44
2013-01-21,114.78
2013-01-22,188.22
2013-01-23,132.12
2013-01-24,88.56
2013-01-25,91.8
2013-01-26,60.44
2013-01-27,52.22
2013-01-28,59.14
2013-01-29,44.08
2013-01-30,60.55
2013-01-31,42.7
2013-02-01,61.15
2013-02-02,67.64
2013-02-03,212.06
2013-02-04,132.07
2013-02-05,76.38
2013-02-06,85.28
2013-02-07,95.85
2013-02-08,105.73
2013-02-09,169.47
2013-02-10,145.75
2013-02-11,162.08
2013-02-12,162.64
2013-02-13,169.94
2013-02-14,184.94
2013-02-15,417.72
2013-02-16,416.42
2013-02-17,238.57
2013-02-18,241.46
2013-02-19,216.19
2013-02-20,235.68
2013-02-21,293.3
2013-02-22,346.93
2013-02-23,246.75
2013-02-24,188.57
2013-02-25,186.74
2013-02-26,415.1
2013-02-27,358.81
2013-02-28,209.43
2013-03-01,192.83
2013-03-02,141.53
2013-03-03,98.84
2013-03-04,97.0
2013-03-05,620.78
2013-03-06,1378.94
2013-03-07,526.54
2013-03-08,360.03
2013-03-09,445.0
2013-03-10,431.77
2013-03-11,326.26
2013-03-12,292.56
2013-03-13,355.99
2013-03-14,335.45
2013-03-15,272.03
2013-03-16,257.59
2013-03-17,388.21
2013-03-18,329.55
2013-03-19,256.32
2013-03-20,360.44
2013-03-21,990.56
2013-03-22,858.13
2013-03-23,454.59
2013-03-24,364.63
2013-03-25,240.26
2013-03-26,257.3
2013-03-27,212.49
2013-03-28,170.74
2013-03-29,178.56
2013-03-30,144.3
2013-03-31,118.37
2013-04-01,137.94
2013-04-02,157.69
2013-04-03,131.11
2013-04-04,109.01
2013-04-05,417.94
2013-04-06,435.25
2013-04-07,321.14
2013-04-08,184.36
2013-04-09,164.64
2013-04-10,141.2
2013-04-11,98.08
2013-04-12,147.28
2013-04-13,153.92
2013-04-14,136.96
2013-04-15,102.04
2013-04-16,97.64
2013-04-17,74.32
2013-04-18,88.84
2013-04-19,80.56
2013-04-20,57.38
2013-04-21,67.29
2013-04-22,55.14
2013-04-23,63.81
2013-04-24,44.34
2013-04-25,52.81
2013-04-26,89.28
2013-04-27,65.73
2013-04-28,66.0
2013-04-29,65.09
2013-04-30,50.62
2013-05-01,50.81
2013-05-02,57.67
2013-05-03,51.02
2013-05-04,53.29
2013-05-05,45.55
2013-05-06,46.32
2013-05-07,49.22
2013-05-08,54.46
2013-05-09,50.27
2013-05-10,38.75
2013-05-11,41.43
2013-05-12,40.35
2013-05-13,32.01
2013-05-14,35.01
2013-05-15,58.83
2013-05-16,49.53
2013-05-17,39.02
2013-05-18,70.96
2013-05-19,59.91
2013-05-20,195.0
2013-05-21,171.72
2013-05-22,135.66
2013-05-23,89.73
2013-05-24,93.95
2013-05-25,62.21
2013-05-26,39.96
2013-05-27,61.28
2013-05-28,46.96
2013-05-29,83.87
2013-05-30,117.67
2013-05-31,117.81
2013-06-01,133.62
2013-06-02,377.95
2013-06-03,330.87
2013-06-04,201.14
2013-06-05,145.3
2013-06-06,102.02
2013-06-07,97.13
2013-06-08,72.94
2013-06-09,81.05
2013-06-10,74.32
2013-06-11,73.42
2013-06-12,72.2
2013-06-13,62.22
2013-06-14,58.42
2013-06-15,48.64
2013-06-16,56.74
2013-06-17,80.54
2013-06-18,69.32
2013-06-19,170.34
2013-06-20,216.66
2013-06-21,279.77
2013-06-22,622.48
2013-06-23,502.57
2013-06-24,445.56
2013-06-25,1040.52
2013-06-26,761.43
2013-06-27,489.16
2013-06-28,423.8
2013-06-29,694.63
2013-06-30,747.06
2013-07-01,407.83
2013-07-02,301.19
2013-07-03,319.63
2013-07-04,186.74
2013-07-05,212.46
2013-07-06,182.67
2013-07-07,183.01
2013-07-08,258.01
2013-07-09,212.06
2013-07-10,212.64
2013-07-11,156.86
2013-07-12,128.85
2013-07-13,128.96
2013-07-14,138.69
2013-07-15,186.25
2013-07-16,181.87
2013-07-17,185.29
2013-07-18,143.44
2013-07-19,197.51
2013-07-20,256.13
2013-07-21,692.24
2013-07-22,532.78
2013-07-23,334.26
2013-07-24,286.49
2013-07-25,210.87
2013-07-26,210.33
2013-07-27,152.34
2013-07-28,123.29
2013-07-29,162.53
2013-07-30,124.16
2013-07-31,98.6
2013-08-01,212.0
2013-08-02,66.43
2013-08-03,135.57
2013-08-04,702.39
2013-08-05,889.57
2013-08-06,726.19
2013-08-07,678.42
2013-08-08,411.39
2013-08-09,452.39
2013-08-10,3545.49
2013-08-11,3712.48
2013-08-12,1514.88
2013-08-13,940.98
2013-08-14,791.66
2013-08-15,630.0
2013-08-16,504.98
2013-08-17,431.0
2013-08-18,378.42
2013-08-19,331.23
2013-08-20,270.65
2013-08-21,241.58
2013-08-22,227.26
2013-08-23,407.03
2013-08-24,2577.16
2013-08-25,2623.68
2013-08-26,3643.34
2013-08-27,2687.3
2013-08-28,1568.04
2013-08-29,1033.7
2013-08-30,638.77
2013-08-31,591.58
2013-09-01,580.26
2013-09-02,609.42
2013-09-03,518.0
2013-09-04,475.0
2013-09-05,382.96
2013-09-06,350.94
2013-09-07,279.07
2013-09-08,243.4
2013-09-09,246.22
2013-09-10,216.94
2013-09-11,175.97
2013-09-12,156.71
2013-09-13,177.43
2013-09-14,146.99
2013-09-15,127.85
2013-09-16,209.56
2013-09-17,260.38
2013-09-18,250.19
2013-09-19,228.05
2013-09-20,427.13
2013-09-21,3814.97
2013-09-22,3515.51
2013-09-23,2291.66
2013-09-24,1127.96
2013-09-25,707.39
2013-09-26,578.98
2013-09-27,462.02
2013-09-28,430.0
2013-09-29,449.72
2013-09-30,403.56
2013-10-01,309.36
2013-10-02,344.36
2013-10-03,309.08
2013-10-04,354.22
2013-10-05,277.37
2013-10-06,212.32
2013-10-07,208.26
2013-10-08,188.68
2013-10-09,164.46
2013-10-10,124.47
2013-10-11,128.6
2013-10-12,142.5
2013-10-13,122.01
2013-10-14,134.88
2013-10-15,137.56
2013-10-16,102.32
2013-10-17,160.99
2013-10-18,219.99
2013-10-19,195.99
2013-10-20,157.97
2013-10-21,196.14
2013-10-22,246.03
2013-10-23,245.08
2013-10-24,949.3
2013-10-25,992.44
2013-10-26,571.73
2013-10-27,1151.6
2013-10-28,672.3
2013-10-29,419.94
2013-10-30,333.46
2013-10-31,280.25
2013-11-01,199.43
2013-11-02,168.21
2013-11-03,169.21
2013-11-04,203.88
2013-11-05,153.36
2013-11-06,149.51
2013-11-07,145.37
2013-11-08,109.27
2013-11-09,79.45
2013-11-10,115.61
2013-11-11,142.4
2013-11-12,410.95
2013-11-13,573.14
2013-11-14,211.95
2013-11-15,172.65
2013-11-16,173.2
2013-11-17,139.56
2013-11-18,112.64
2013-11-19,130.42
2013-11-20,173.05
2013-11-21,194.65
2013-11-22,255.02
2013-11-23,176.82
2013-11-24,181.36
2013-11-25,142.58
2013-11-26,114.7
2013-11-27,124.05
2013-11-28,124.44
2013-11-29,132.17
2013-11-30,134.68
2013-12-01,106.06
2013-12-02,100.65
2013-12-03,96.36
2013-12-04,77.32
2013-12-05,331.92
2013-12-06,976.75
2013-12-07,345.63
2013-12-08,229.19
2013-12-09,173.11
2013-12-10,244.66
2013-12-11,210.13
2013-12-12,182.78
2013-12-13,170.93
2013-12-14,152.91
2013-12-15,157.4
2013-12-16,113.64
2013-12-17,114.71
2013-12-18,74.82
2013-12-19,76.32
2013-12-20,71.8
2013-12-21,49.84
2013-12-22,40.17
2013-12-23,58.5
2013-12-24,43.16
2013-12-25,62.22
2013-12-26,73.63
2013-12-27,67.47
2013-12-28,65.19
2013-12-29,24.85
2013-12-30,65.94
2013-12-31,150.5
2014-01-01,219.94
2014-01-02,255.5
2014-01-03,348.14
2014-01-04,463.37
2014-01-05,353.04
2014-01-06,231.75
2014-01-07,183.65
2014-01-08,172.49
2014-01-09,158.62
2014-01-10,126.26
2014-01-11,480.79
2014-01-12,581.25
2014-01-13,630.23
2014-01-14,454.65
2014-01-15,347.68
2014-01-16,317.72
2014-01-17,252.92
2014-01-18,176.81
2014-01-19,129.4
2014-01-20,130.88
2014-01-21,114.77
2014-01-22,96.03
2014-01-23,89.13
2014-01-24,103.01
2014-01-25,129.91
2014-01-26,107.35
2014-01-27,99.25
2014-01-28,101.18
2014-01-29,90.69
2014-01-30,95.11
2014-01-31,69.41
2014-02-01,59.34
2014-02-02,58.27
2014-02-03,63.65
2014-02-04,78.03
2014-02-05,64.64
2014-02-06,40.05
2014-02-07,92.14
2014-02-08,101.8
2014-02-09,88.51
2014-02-10,86.17
2014-02-11,129.89
2014-02-12,82.49
2014-02-13,67.31
2014-02-14,123.79
2014-02-15,168.05
2014-02-16,303.81
2014-02-17,129.87
2014-02-18,102.98
2014-02-19,116.32
2014-02-20,108.31
2014-02-21,85.53
2014-02-22,135.71
2014-02-23,203.71
2014-02-24,525.46
2014-02-25,404.85
2014-02-26,336.58
2014-02-27,859.3
2014-02-28,721.58
2014-03-01,446.8
2014-03-02,359.82
2014-03-03,322.13
2014-03-04,406.16
2014-03-05,627.98
2014-03-06,622.91
2014-03-07,376.97
2014-03-08,233.08
2014-03-09,279.19
2014-03-10,342.79
2014-03-11,287.39
2014-03-12,327.0
2014-03-13,255.21
2014-03-14,245.57
2014-03-15,289.0
2014-03-16,193.05
2014-03-17,187.74
2014-03-18,187.04
2014-03-19,948.7
2014-03-20,1151.57
2014-03-21,742.4
2014-03-22,526.19
2014-03-23,373.37
2014-03-24,291.15
2014-03-25,267.18
2014-03-26,206.65
2014-03-27,158.79
2014-03-28,206.79
2014-03-29,167.36
2014-03-30,139.69
2014-03-31,177.51
2014-04-01,161.24
2014-04-02,188.6
2014-04-03,381.17
2014-04-04,490.48
2014-04-05,311.26
2014-04-06,193.61
2014-04-07,120.83
2014-04-08,148.14
2014-04-09,859.67
2014-04-10,763.38
2014-04-11,369.82
2014-04-12,557.18
2014-04-13,877.67
2014-04-14,485.66
2014-04-15,343.01
2014-04-16,256.04
2014-04-17,239.12
2014-04-18,178.81
2014-04-19,193.71
2014-04-20,146.75
2014-04-21,141.79
2014-04-22,321.0
2014-04-23,325.04
2014-04-24,301.34
2014-04-25,194.26
2014-04-26,198.8
2014-04-27,122.06
2014-04-28,127.13
2014-04-29,140.94
2014-04-30,404.0
2014-05-01,1240.39
2014-05-02,728.5
2014-05-03,414.08
2014-05-04,308.47
2014-05-05,249.13
2014-05-06,222.14
2014-05-07,242.03
2014-05-08,211.07
2014-05-09,210.23
2014-05-10,218.86
2014-05-11,162.07
2014-05-12,153.42
2014-05-13,148.24
2014-05-14,123.3
2014-05-15,137.85
2014-05-16,188.85
2014-05-17,152.6
2014-05-18,149.5
2014-05-19,137.45
2014-05-20,122.05
2014-05-21,169.73
2014-05-22,2114.47
2014-05-23,1514.07
2014-05-24,785.07
2014-05-25,564.75
2014-05-26,785.98
2014-05-27,719.71
2014-05-28,509.46
2014-05-29,411.74
2014-05-30,325.54
2014-05-31,904.25
2014-06-01,1331.79
2014-06-02,811.55
2014-06-03,562.83
2014-06-04,438.5
2014-06-05,1282.35
2014-06-06,3217.9
2014-06-07,1399.75
2014-06-08,961.33
2014-06-09,1475.74
2014-06-10,850.32
2014-06-11,608.74
2014-06-12,458.06
2014-06-13,450.61
2014-06-14,1034.16
2014-06-15,915.6
2014-06-16,641.45
2014-06-17,586.28
2014-06-18,494.0
2014-06-19,381.98
2014-06-20,320.28
2014-06-21,323.74
2014-06-22,228.02
2014-06-23,259.66
2014-06-24,292.26
2014-06-25,1713.68
2014-06-26,2558.64
2014-06-27,4394.42
2014-06-28,5952.26
2014-06-29,2916.72
2014-06-30,1909.36
2014-07-01,1477.26
2014-07-02,1060.72
2014-07-03,746.7
2014-07-04,615.02
2014-07-05,508.6
2014-07-06,409.98
2014-07-07,380.38
2014-07-08,346.26
2014-07-09,304.06
2014-07-10,300.89
2014-07-11,273.69
2014-07-12,241.7
2014-07-13,220.91
2014-07-14,216.09
2014-07-15,202.81
2014-07-16,183.94
2014-07-17,201.7
2014-07-18,220.55
2014-07-19,229.11
2014-07-20,217.19
2014-07-21,169.67
2014-07-22,152.22
2014-07-23,170.85
2014-07-24,592.16
2014-07-25,713.19
2014-07-26,454.78
2014-07-27,291.5
2014-07-28,270.75
2014-07-29,214.22
2014-07-30,203.08
2014-07-31,188.94
2014-08-01,185.52
2014-08-02,313.35
2014-08-03,289.0
2014-08-04,232.17
2014-08-05,270.33
2014-08-06,243.54
2014-08-07,217.72
2014-08-08,142.58
2014-08-09,159.6
2014-08-10,121.44
2014-08-11,144.67
2014-08-12,186.34
2014-08-13,484.58
2014-08-14,366.79
2014-08-15,211.62
2014-08-16,287.02
2014-08-17,300.33
2014-08-18,217.83
2014-08-19,234.19
2014-08-20,171.58
2014-08-21,177.23
2014-08-22,137.54
2014-08-23,134.87
2014-08-24,118.25
2014-08-25,105.03
2014-08-26,107.36
2014-08-27,106.22
2014-08-28,105.23
2014-08-29,101.6
2014-08-30,100.14
2014-08-31,194.78
2014-09-01,325.13
2014-09-02,637.87
2014-09-03,1164.13
2014-09-04,526.01
2014-09-05,414.1
2014-09-06,255.28
2014-09-07,351.11
2014-09-08,312.81
2014-09-09,251.7
2014-09-10,199.0
2014-09-11,216.01
2014-09-12,296.5
2014-09-13,303.22
2014-09-14,204.21
2014-09-15,187.18
2014-09-16,175.1
2014-09-17,126.99
2014-09-18,178.41
2014-09-19,151.76
2014-09-20,168.96
2014-09-21,170.4
2014-09-22,137.16
2014-09-23,137.06
2014-09-24,106.48
2014-09-25,186.03
2014-09-26,549.87
2014-09-27,613.21
2014-09-28,460.48
2014-09-29,3037.06
2014-09-30,1899.24
2014-10-01,1165.68
2014-10-02,762.09
2014-10-03,501.76
2014-10-04,373.63
2014-10-05,253.46
2014-10-06,240.53
2014-10-07,265.18
2014-10-08,209.64
2014-10-09,189.43
2014-10-10,188.33
2014-10-11,146.36
2014-10-12,145.27
2014-10-13,193.0
2014-10-14,1533.96
2014-10-15,947.53
2014-10-16,435.0
2014-10-17,706.3
2014-10-18,2018.13
2014-10-19,1929.3
2014-10-20,1652.31
2014-10-21,793.3
2014-10-22,513.45
2014-10-23,444.0
2014-10-24,401.56
2014-10-25,342.66
2014-10-26,258.3
2014-10-27,226.02
2014-10-28,209.17
2014-10-29,182.73
2014-10-30,164.33
2014-10-31,174.44
2014-11-01,167.07
2014-11-02,201.82
2014-11-03,148.43
2014-11-04,437.93
2014-11-05,583.2
2014-11-06,475.62
2014-11-07,542.73
2014-11-08,520.19
2014-11-09,350.08
2014-11-10,250.73
2014-11-11,165.07
2014-11-12,196.32
2014-11-13,169.62
2014-11-14,182.57
2014-11-15,147.96
2014-11-16,123.98
2014-11-17,133.56
2014-11-18,101.79
2014-11-19,92.48
2014-11-20,95.98
2014-11-21,93.56
2014-11-22,100.78
2014-11-23,102.19
2014-11-24,123.66
2014-11-25,135.05
2014-11-26,139.53
2014-11-27,117.66
2014-11-28,99.79
2014-11-29,71.9
2014-11-30,68.38
2014-12-01,68.8
2014-12-02,82.76
2014-12-03,192.54
2014-12-04,192.21
2014-12-05,137.81
2014-12-06,107.12
2014-12-07,64.56
2014-12-08,58.13
2014-12-09,40.84
2014-12-10,58.02
2014-12-11,104.2
2014-12-12,194.15
2014-12-13,480.11
2014-12-14,290.38
2014-12-15,208.94
2014-12-16,147.25
2014-12-17,72.75
2014-12-18,102.69
2014-12-19,125.48
2014-12-20,124.13
2014-12-21,580.75
2014-12-22,1072.9
2014-12-23,558.28
2014-12-24,343.67
2014-12-25,229.57
2014-12-26,223.39
2014-12-27,595.52
2014-12-28,472.8
2014-12-29,512.3
2014-12-30,436.18
2014-12-31,388.79
2015-01-01,527.71
2015-01-02,652.76
2015-01-03,563.32
2015-01-04,376.96
2015-01-05,253.41
2015-01-06,229.31
2015-01-07,213.26
2015-01-08,251.07
2015-01-09,733.87
2015-01-10,553.81
2015-01-11,523.29
2015-01-12,367.87
2015-01-13,266.97
2015-01-14,240.52
2015-01-15,257.33
2015-01-16,351.94
2015-01-17,350.14
2015-01-18,362.74
2015-01-19,374.11
2015-01-20,365.94
2015-01-21,360.31
2015-01-22,371.46
2015-01-23,305.86
2015-01-24,209.04
2015-01-25,208.15
2015-01-26,177.68
2015-01-27,206.67
2015-01-28,280.48
2015-01-29,330.02
2015-01-30,277.65
2015-01-31,281.79
2015-02-01,208.47
2015-02-02,211.91
2015-02-03,199.19
2015-02-04,270.25
2015-02-05,319.43
2015-02-06,254.28
2015-02-07,193.15
2015-02-08,180.69
2015-02-09,148.34
2015-02-10,130.74
2015-02-11,129.1
2015-02-12,128.71
2015-02-13,188.55
2015-02-14,135.85
2015-02-15,127.73
2015-02-16,109.13
2015-02-17,119.59
2015-02-18,108.75
2015-02-19,158.45
2015-02-20,186.16
2015-02-21,251.94
2015-02-22,1130.07
2015-02-23,880.97
2015-02-24,539.71
2015-02-25,692.28
2015-02-26,428.12
2015-02-27,353.0
2015-02-28,305.56
2015-03-01,214.25
2015-03-02,153.97
2015-03-03,164.55
2015-03-04,151.46
2015-03-05,387.55
2015-03-06,345.67
2015-03-07,276.99
2015-03-08,167.22
2015-03-09,171.9
2015-03-10,161.36
2015-03-11,338.9
2015-03-12,422.54
2015-03-13,236.03
2015-03-14,178.27
2015-03-15,174.75
2015-03-16,253.26
2015-03-17,263.61
2015-03-18,183.43
2015-03-19,101.98
2015-03-20,138.77
2015-03-21,83.07
2015-03-22,82.93
2015-03-23,98.83
2015-03-24,81.81
2015-03-25,104.7
2015-03-26,82.32
2015-03-27,103.12
2015-03-28,100.17
2015-03-29,82.77
2015-03-30,424.97
2015-03-31,468.21
2015-04-01,280.95
2015-04-02,151.79
2015-04-03,90.99
2015-04-04,115.3
2015-04-05,203.95
2015-04-06,397.95
2015-04-07,293.48
2015-04-08,243.31
2015-04-09,200.05
2015-04-10,136.18
2015-04-11,92.78
2015-04-12,98.98
2015-04-13,114.4
2015-04-14,106.43
2015-04-15,62.02
2015-04-16,19.15
2015-04-17,66.8
2015-04-18,102.62
2015-04-19,66.86
2015-04-20,175.94
2015-04-21,620.69
2015-04-22,564.39
2015-04-23,358.69
2015-04-24,316.87
2015-04-25,187.74
2015-04-26,230.66
2015-04-27,137.26
2015-04-28,136.26
2015-04-29,137.84
2015-04-30,114.92
2015-05-01,125.84
2015-05-02,72.48
2015-05-03,110.44
2015-05-04,285.26
2015-05-05,103.85
2015-05-06,182.9
2015-05-07,103.11
2015-05-08,42.75
2015-05-09,49.98
2015-05-10,64.51
2015-05-11,102.27
2015-05-12,102.87
2015-05-13,290.94
2015-05-14,169.05
2015-05-15,149.49
2015-05-16,103.36
2015-05-17,88.64
2015-05-18,82.85
2015-05-19,70.61
2015-05-20,70.61
2015-05-21,77.61
2015-05-22,64.1
2015-05-23,74.36
2015-05-24,86.64
2015-05-25,163.54
2015-05-26,247.84
2015-05-27,328.52
2015-05-28,478.62
2015-05-29,371.49
2015-05-30,221.2
2015-05-31,210.54
2015-06-01,306.95
2015-06-02,265.78
2015-06-03,194.55
2015-06-04,133.05
2015-06-05,116.35
2015-06-06,88.19
2015-06-07,64.45
2015-06-08,97.27
2015-06-09,80.63
2015-06-10,91.79
2015-06-11,100.12
2015-06-12,174.6
2015-06-13,340.66
2015-06-14,1963.23
2015-06-15,1797.19
2015-06-16,676.53
2015-06-17,408.69
2015-06-18,673.98
2015-06-19,782.41
2015-06-20,414.12
2015-06-21,337.89
2015-06-22,328.92
2015-06-23,342.32
2015-06-24,296.83
2015-06-25,246.76
2015-06-26,189.45
2015-06-27,213.77
2015-06-28,168.94
2015-06-29,138.53
2015-06-30,189.52
2015-07-01,140.82
2015-07-02,185.84
2015-07-03,137.96
2015-07-04,162.06
2015-07-05,138.02
2015-07-06,140.94
2015-07-07,361.41
2015-07-08,607.19
2015-07-09,883.39
2015-07-10,697.62
2015-07-11,482.8
2015-07-12,386.48
2015-07-13,338.43
2015-07-14,3760.51
2015-07-15,4697.42
2015-07-16,3315.68
2015-07-17,1594.85
2015-07-18,963.81
2015-07-19,782.28
2015-07-20,741.62
2015-07-21,1893.96
2015-07-22,1040.42
2015-07-23,674.0
2015-07-24,682.02
2015-07-25,1163.6
2015-07-26,790.4
2015-07-27,628.04
2015-07-28,497.55
2015-07-29,378.7
2015-07-30,339.7
2015-07-31,292.98
2015-08-01,247.66
2015-08-02,231.96
2015-08-03,206.0
2015-08-04,181.7
2015-08-05,194.39
2015-08-06,167.0
2015-08-07,164.05
2015-08-08,158.98
2015-08-09,113.66
2015-08-10,175.2
2015-08-11,118.31
2015-08-12,125.6
2015-08-13,90.83
2015-08-14,133.87
2015-08-15,103.75
2015-08-16,112.14
2015-08-17,84.67
2015-08-18,93.34
2015-08-19,146.75
2015-08-20,153.86
2015-08-21,102.06
2015-08-22,127.57
2015-08-23,89.73
2015-08-24,109.34
2015-08-25,90.96
2015-08-26,111.86
2015-08-27,308.0
2015-08-28,341.53
2015-08-29,163.45
2015-08-30,119.34
2015-08-31,79.82
2015-09-01,106.08
2015-09-02,116.19
2015-09-03,107.3
2015-09-04,106.77
2015-09-05,91.45
2015-09-06,83.55
2015-09-07,124.22
2015-09-08,230.17
2015-09-09,238.31
2015-09-10,185.41
2015-09-11,151.34
2015-09-12,136.37
2015-09-13,123.77
2015-09-14,99.0
2015-09-15,81.8
2015-09-16,84.19
2015-09-17,1435.96
2015-09-18,3432.02
2015-09-19,2813.2
2015-09-20,1975.8
2015-09-21,1567.44
2015-09-22,883.53
2015-09-23,554.22
2015-09-24,444.19
2015-09-25,588.71
2015-09-26,926.16
2015-09-27,2298.75
2015-09-28,1955.0
2015-09-29,1044.7
2015-09-30,631.6
2015-10-01,469.72
2015-10-02,433.7
2015-10-03,587.02
2015-10-04,437.58
2015-10-05,321.04
2015-10-06,545.34
2015-10-07,618.26
2015-10-08,2788.07
2015-10-09,5487.32
2015-10-10,3699.65
2015-10-11,2048.69
2015-10-12,1442.28
2015-10-13,1061.04
2015-10-14,816.28
2015-10-15,763.44
2015-10-16,1160.56
2015-10-17,981.72
2015-10-18,742.28
2015-10-19,498.7
2015-10-20,419.28
2015-10-21,2218.1
2015-10-22,5412.64
2015-10-23,2232.66
2015-10-24,1051.34
2015-10-25,724.7
2015-10-26,542.02
2015-10-27,459.0
2015-10-28,454.3
2015-10-29,429.3
2015-10-30,333.72
2015-10-31,295.0
2015-11-01,242.28
2015-11-02,236.4
2015-11-03,259.98
2015-11-04,587.02
2015-11-05,808.26
2015-11-06,749.0
2015-11-07,454.02
2015-11-08,369.74
2015-11-09,324.0
2015-11-10,280.26
2015-11-11,423.7
2015-11-12,336.58
2015-11-13,323.44
2015-11-14,294.02
2015-11-15,260.98
2015-11-16,195.96
2015-11-17,262.62
2015-11-18,250.0
2015-11-19,410.4
2015-11-20,411.62
2015-11-21,260.44
2015-11-22,191.23
2015-11-23,194.3
2015-11-24,156.02
2015-11-25,146.98
2015-11-26,196.42
2015-11-27,170.3
2015-11-28,176.34
2015-11-29,124.64
2015-11-30,124.04
2015-12-01,145.26
2015-12-02,696.45
2015-12-03,820.72
2015-12-04,502.87
2015-12-05,341.64
2015-12-06,234.07
2015-12-07,190.31
2015-12-08,175.76
2015-12-09,272.19
2015-12-10,562.67
2015-12-11,333.7
2015-12-12,219.36
2015-12-13,173.94
2015-12-14,210.04
2015-12-15,578.71
2015-12-16,440.3
2015-12-17,274.61
2015-12-18,233.05
2015-12-19,286.72
2015-12-20,202.31
2015-12-21,174.5
2015-12-22,194.48
2015-12-23,225.3
2015-12-24,432.97
2015-12-25,525.04
2015-12-26,372.47
2015-12-27,326.55
2015-12-28,255.62
2015-12-29,399.68
2015-12-30,886.15
2015-12-31,1272.87
2016-01-01,803.45
2016-01-02,1309.85
2016-01-03,590.66
2016-01-04,397.44
2016-01-05,347.25
2016-01-06,265.44
2016-01-07,268.49
2016-01-08,243.12
2016-01-09,215.12
2016-01-10,310.7
2016-01-11,331.43
2016-01-12,302.97
2016-01-13,208.56
2016-01-14,187.58
2016-01-15,173.48
2016-01-16,140.31
2016-01-17,123.24
2016-01-18,87.13
2016-01-19,120.1
2016-01-20,87.29
2016-01-21,96.05
2016-01-22,50.65
2016-01-23,66.28
2016-01-24,77.23
2016-01-25,36.32
2016-01-26,101.71
2016-01-27,113.41
2016-01-28,98.11
2016-01-29,94.36
2016-01-30,93.65
2016-01-31,431.25
2016-02-01,1838.6
2016-02-02,2130.96
2016-02-03,1031.15
2016-02-04,659.37
2016-02-05,751.72
2016-02-06,581.58
2016-02-07,464.38
2016-02-08,362.66
2016-02-09,263.54
2016-02-10,297.29
2016-02-11,209.91
2016-02-12,224.64
2016-02-13,147.81
2016-02-14,251.97
2016-02-15,206.08
2016-02-16,270.67
2016-02-17,355.22
2016-02-18,289.94
2016-02-19,176.24
2016-02-20,142.6
2016-02-21,171.43
2016-02-22,177.0
2016-02-23,240.97
2016-02-24,230.09
2016-02-25,185.21
2016-02-26,204.0
2016-02-27,180.51
2016-02-28,183.46
2016-02-29,127.54
2016-03-01,100.73
2016-03-02,128.51
2016-03-03,210.94
2016-03-04,725.42
2016-03-05,387.88
2016-03-06,240.77
2016-03-07,191.53
2016-03-08,167.34
2016-03-09,173.88
2016-03-10,435.5
2016-03-11,519.75
2016-03-12,434.72
2016-03-13,284.98
2016-03-14,252.53
2016-03-15,224.66
2016-03-16,155.86
2016-03-17,161.49
2016-03-18,127.93
2016-03-19,121.31
2016-03-20,106.3
2016-03-21,208.24
2016-03-22,276.49
2016-03-23,191.84
2016-03-24,138.99
2016-03-25,274.93
2016-03-26,842.65
2016-03-27,557.34
2016-03-28,330.26
2016-03-29,242.06
2016-03-30,200.87
2016-03-31,185.21
2016-04-01,173.28
2016-04-02,140.44
2016-04-03,131.02
2016-04-04,139.44
2016-04-05,120.93
2016-04-06,110.32
2016-04-07,103.64
2016-04-08,100.19
2016-04-09,165.07
2016-04-10,232.93
2016-04-11,327.07
2016-04-12,433.93
2016-04-13,312.37
2016-04-14,514.75
2016-04-15,340.25
2016-04-16,244.35
2016-04-17,185.51
2016-04-18,158.67
2016-04-19,134.32
2016-04-20,133.15
2016-04-21,143.27
2016-04-22,192.23
2016-04-23,379.25
2016-04-24,403.45
2016-04-25,319.91
2016-04-26,357.95
2016-04-27,728.63
2016-04-28,683.21
2016-04-29,387.37
2016-04-30,260.88
2016-05-01,231.3
2016-05-02,202.05
2016-05-03,186.0
2016-05-04,171.31
2016-05-05,156.86
2016-05-06,176.62
2016-05-07,162.46
2016-05-08,150.35
2016-05-09,153.2
2016-05-10,179.27
2016-05-11,153.57
2016-05-12,147.19
2016-05-13,179.32
2016-05-14,148.13
2016-05-15,156.19
2016-05-16,424.25
2016-05-17,382.63
2016-05-18,235.02
2016-05-19,189.49
2016-05-20,194.06
2016-05-21,279.75
2016-05-22,242.24
2016-05-23,260.09
2016-05-24,233.62
2016-05-25,208.39
2016-05-26,159.76
2016-05-27,139.19
2016-05-28,136.51
2016-05-29,127.37
2016-05-30,203.37
2016-05-31,256.39
2016-06-01,185.44
2016-06-02,165.27
2016-06-03,139.72
2016-06-04,144.21
2016-06-05,128.07
2016-06-06,118.93
2016-06-07,111.11
2016-06-08,105.79
2016-06-09,96.11
2016-06-10,107.55
2016-06-11,89.63
2016-06-12,78.84
2016-06-13,101.48
2016-06-14,78.22
2016-06-15,77.01
2016-06-16,93.69
2016-06-17,164.36
2016-06-18,112.44
2016-06-19,95.56
2016-06-20,105.75
2016-06-21,101.66
2016-06-22,88.72
2016-06-23,87.41
2016-06-24,80.93
2016-06-25,66.69
2016-06-26,69.05
2016-06-27,66.63
2016-06-28,63.23
2016-06-29,61.04
2016-06-30,65.97
2016-07-01,57.25
2016-07-02,58.51
2016-07-03,53.06
2016-07-04,49.84
2016-07-05,46.89
2016-07-06,55.66
2016-07-07,80.22
2016-07-08,87.77
2016-07-09,89.52
2016-07-10,86.85
2016-07-11,89.55
2016-07-12,471.04
2016-07-13,321.89
2016-07-14,2490.29
2016-07-15,4954.81
2016-07-16,1515.49
2016-07-17,814.49
2016-07-18,506.92
2016-07-19,371.78
2016-07-20,324.18
2016-07-21,243.63
2016-07-22,227.86
2016-07-23,199.93
2016-07-24,170.13
2016-07-25,194.65
2016-07-26,163.28
2016-07-27,149.6
2016-07-28,198.48
2016-07-29,145.82
2016-07-30,149.73
2016-07-31,136.0
2016-08-01,117.84
2016-08-02,151.67
2016-08-03,181.6
2016-08-04,179.15
2016-08-05,129.98
2016-08-06,132.86
2016-08-07,250.13
2016-08-08,336.25
2016-08-09,252.68
2016-08-10,182.2
2016-08-11,146.35
2016-08-12,132.41
2016-08-13,127.74
2016-08-14,124.29
2016-08-15,147.19
2016-08-16,150.46
2016-08-17,153.96
2016-08-18,166.61
2016-08-19,286.51
2016-08-20,598.79
2016-08-21,1166.12
2016-08-22,889.86
2016-08-23,523.29
2016-08-24,352.76
2016-08-25,240.23
2016-08-26,206.5
2016-08-27,195.6
2016-08-28,152.78
2016-08-29,141.17
2016-08-30,142.46
2016-08-31,202.19
2016-09-01,248.37
2016-09-02,119.5
2016-09-03,163.02
2016-09-04,353.14
2016-09-05,613.04
2016-09-06,902.92
2016-09-07,531.0
2016-09-08,371.22
2016-09-09,277.58
2016-09-10,206.58
2016-09-11,177.84
2016-09-12,157.02
2016-09-13,216.19
2016-09-14,244.05
2016-09-15,222.05
2016-09-16,181.42
2016-09-17,147.2
2016-09-18,139.42
2016-09-19,173.32
2016-09-20,142.51
2016-09-21,146.04
2016-09-22,107.5
2016-09-23,101.23
2016-09-24,98.06
2016-09-25,96.58
2016-09-26,92.05
2016-09-27,92.18
2016-09-28,88.03
2016-09-29,89.17
2016-09-30,76.99
2016-10-01,71.76
2016-10-02,67.97
2016-10-03,64.37
2016-10-04,60.3
2016-10-05,93.5
2016-10-06,155.26
2016-10-07,157.65
2016-10-08,192.99
2016-10-09,136.45
2016-10-10,121.11
2016-10-11,67.31
2016-10-12,64.97
2016-10-13,106.52
2016-10-14,103.06
2016-10-15,108.13
2016-10-16,180.9
2016-10-17,518.18
2016-10-18,1608.31
2016-10-19,2260.7
2016-10-20,2781.12
2016-10-21,1099.99
2016-10-22,593.93
2016-10-23,443.89
2016-10-24,377.81
2016-10-25,712.81
2016-10-26,662.73
2016-10-27,779.39
2016-10-28,665.5
2016-10-29,440.66
2016-10-30,353.07
2016-10-31,236.72
2016-11-01,225.72
2016-11-02,230.89
2016-11-03,198.1
2016-11-04,206.74
2016-11-05,157.63
2016-11-06,123.49
2016-11-07,129.81
2016-11-08,114.51
2016-11-09,147.38
2016-11-10,170.5
2016-11-11,177.96
2016-11-12,120.13
2016-11-13,101.65
2016-11-14,85.43
2016-11-15,78.93
2016-11-16,105.43
2016-11-17,104.03
2016-11-18,116.65
2016-11-19,110.21
2016-11-20,80.88
2016-11-21,87.62
2016-11-22,101.31
2016-11-23,78.31
2016-11-24,72.88
2016-11-25,65.33
2016-11-26,91.58
2016-11-27,97.2
2016-11-28,132.87
2016-11-29,126.77
2016-11-30,78.71
2016-12-01,64.69
2016-12-02,96.25
2016-12-03,78.47
2016-12-04,242.98
2016-12-05,506.38
2016-12-06,236.55
2016-12-07,161.47
2016-12-08,127.29
2016-12-09,117.77
2016-12-10,104.77
2016-12-11,105.36
2016-12-12,93.37
2016-12-13,82.47
2016-12-14,93.75
2016-12-15,75.58
2016-12-16,55.63
2016-12-17,91.87
2016-12-18,70.31
2016-12-19,65.99
2016-12-20,80.32
2016-12-21,187.31
2016-12-22,142.32
2016-12-23,116.38
2016-12-24,405.3
2016-12-25,323.41
2016-12-26,253.61
2016-12-27,193.45
2016-12-28,190.45
2016-12-29,415.35
2016-12-30,673.01
2016-12-31,1122.57
2017-01-01,558.45
2017-01-02,365.31
2017-01-03,275.31
2017-01-04,217.74
2017-01-05,485.46
2017-01-06,1337.99
2017-01-07,751.69
2017-01-08,407.24
2017-01-09,324.01
2017-01-10,430.76
2017-01-11,395.75
2017-01-12,299.13
2017-01-13,221.34
2017-01-14,166.7
2017-01-15,158.04
2017-01-16,157.56
2017-01-17,113.53
2017-01-18,138.89
2017-01-19,113.97
2017-01-20,179.19
2017-01-21,121.37
2017-01-22,100.58
2017-01-23,98.06
2017-01-24,105.74
2017-01-25,170.12
2017-01-26,166.57
2017-01-27,106.69
2017-01-28,137.61
2017-01-29,158.58
2017-01-30,282.9
2017-01-31,250.92
2017-02-01,226.46
2017-02-02,145.58
2017-02-03,118.6
2017-02-04,112.72
2017-02-05,286.55
2017-02-06,128.73
2017-02-07,93.0
2017-02-08,93.01
2017-02-09,122.63
2017-02-10,142.34
2017-02-11,87.55
2017-02-12,135.82
2017-02-13,436.36
2017-02-14,243.61
2017-02-15,97.02
2017-02-16,70.25
2017-02-17,109.98
2017-02-18,160.02
2017-02-19,158.45
2017-02-20,146.71
2017-02-21,109.23
2017-02-22,104.33
2017-02-23,95.43
2017-02-24,65.33
2017-02-25,58.2
2017-02-26,52.01
2017-02-27,84.45
2017-02-28,90.56
2017-03-01,76.51
2017-03-02,68.51
2017-03-03,52.68
2017-03-04,63.45
2017-03-05,63.34
2017-03-06,70.13
2017-03-07,76.74
2017-03-08,70.47
2017-03-09,76.52
2017-03-10,86.0
2017-03-11,110.68
2017-03-12,95.05
2017-03-13,106.27
2017-03-14,96.13
2017-03-15,71.01
2017-03-16,68.26
2017-03-17,55.47
2017-03-18,55.58
2017-03-19,47.71
2017-03-20,46.87
2017-03-21,38.55
2017-03-22,40.24
2017-03-23,64.45
2017-03-24,72.43
2017-03-25,53.78
2017-03-26,47.15
2017-03-27,40.03
2017-03-28,37.26
2017-03-29,40.0
2017-03-30,44.25
2017-03-31,44.48
2017-04-01,53.35
2017-04-02,45.83
2017-04-03,44.94
2017-04-04,48.06
2017-04-05,208.68
2017-04-06,338.74
2017-04-07,292.79
2017-04-08,144.75
2017-04-09,113.62
2017-04-10,45.48
2017-04-11,45.71
2017-04-12,43.94
2017-04-13,56.7
2017-04-14,46.29
2017-04-15,46.41
2017-04-16,61.92
2017-04-17,69.79
2017-04-18,62.15
2017-04-19,47.1
2017-04-20,48.1
2017-04-21,48.33
2017-04-22,48.56
2017-04-23,48.68
2017-04-24,48.91
2017-04-25,41.39
2017-04-26,343.86
2017-04-27,566.78
2017-04-28,291.7
2017-04-29,156.39
2017-04-30,148.64
2017-05-01,110.21
2017-05-02,84.18
2017-05-03,92.94
2017-05-04,117.97
2017-05-05,87.3
2017-05-06,71.02
2017-05-07,70.13
2017-05-08,53.97
2017-05-09,41.93
2017-05-10,58.32
2017-05-11,41.27
2017-05-12,49.03
2017-05-13,83.99
2017-05-14,88.11
2017-05-15,164.69
2017-05-16,126.84
2017-05-17,96.75
2017-05-18,88.11
2017-05-19,345.05
2017-05-20,346.98
2017-05-21,339.15
2017-05-22,216.39
2017-05-23,208.98
2017-05-24,487.95
2017-05-25,498.25
2017-05-26,421.56
2017-05-27,793.15
2017-05-28,3331.39
2017-05-29,2711.14
2017-05-30,1860.4
2017-05-31,3678.39
2017-06-01,3024.04
2017-06-02,1705.21
2017-06-03,1051.34
2017-06-04,2398.7
2017-06-05,5543.2
2017-06-06,2104.38
2017-06-07,1430.73
2017-06-08,2007.4
2017-06-09,1502.22
2017-06-10,1163.36
2017-06-11,798.04
2017-06-12,658.58
2017-06-13,526.68
2017-06-14,418.02
2017-06-15,359.72
2017-06-16,326.28
2017-06-17,261.74
2017-06-18,262.58
2017-06-19,271.13
2017-06-20,253.26
2017-06-21,215.56
2017-06-22,192.66
2017-06-23,176.78
2017-06-24,175.48
2017-06-25,153.14
2017-06-26,140.16
2017-06-27,124.49
2017-06-28,131.93
2017-06-29,126.28
2017-06-30,124.25
2017-07-01,115.63
2017-07-02,116.01
2017-07-03,113.46
2017-07-04,102.55
2017-07-05,96.85
2017-07-06,99.57
2017-07-07,92.15
2017-07-08,82.87
2017-07-09,85.54
2017-07-10,75.96
2017-07-11,76.87
2017-07-12,75.77
2017-07-13,98.51
2017-07-14,76.28
2017-07-15,74.23
2017-07-16,67.0
2017-07-17,68.74
2017-07-18,70.5
2017-07-19,64.05
2017-07-20,73.59
2017-07-21,60.44
2017-07-22,68.45
2017-07-23,59.25
2017-07-24,69.02
2017-07-25,58.51
2017-07-26,65.2
2017-07-27,57.07
2017-07-28,57.27
2017-07-29,61.92
2017-07-30,56.0
2017-07-31,56.81
2017-08-01,57.22
2017-08-02,52.77
2017-08-03,126.49
2017-08-04,232.03
2017-08-05,219.19
2017-08-06,124.78
2017-08-07,90.4
2017-08-08,57.77
2017-08-09,52.9
2017-08-10,56.15
2017-08-11,54.71
2017-08-12,105.94
2017-08-13,127.06
2017-08-14,147.92
2017-08-15,192.38
2017-08-16,125.56
2017-08-17,121.35
2017-08-18,113.16
2017-08-19,96.26
2017-08-20,302.0
2017-08-21,425.46
2017-08-22,232.21
2017-08-23,176.6
2017-08-24,132.56
2017-08-25,108.34
2017-08-26,84.16
2017-08-27,122.48
2017-08-28,83.65
2017-08-29,70.98
2017-08-30,71.95
2017-08-31,59.5
2017-09-01,61.21
2017-09-02,59.98
2017-09-03,63.29
2017-09-04,67.48
2017-09-05,62.31
2017-09-06,54.56
2017-09-07,48.16
2017-09-08,47.31
2017-09-09,40.12
2017-09-10,36.19
2017-09-11,36.72
2017-09-12,35.67
2017-09-13,34.74
2017-09-14,34.04
2017-09-15,39.91
2017-09-16,106.69
2017-09-17,144.94
2017-09-18,118.66
2017-09-19,88.38
2017-09-20,76.44
2017-09-21,50.22
2017-09-22,53.35
2017-09-23,43.21
2017-09-24,41.0
2017-09-25,35.95
2017-09-26,37.22
2017-09-27,48.75
2017-09-28,53.06
2017-09-29,71.04
2017-09-30,76.03
2017-10-01,106.92
2017-10-02,253.96
2017-10-03,185.0
2017-10-04,149.92
2017-10-05,143.01
2017-10-06,129.38
2017-10-07,129.21
2017-10-08,128.97
2017-10-09,131.54
2017-10-10,222.6
2017-10-11,376.4
2017-10-12,673.29
2017-10-13,1041.89
2017-10-14,930.08
2017-10-15,567.9
2017-10-16,392.56
2017-10-17,298.67
2017-10-18,234.55
2017-10-19,232.58
2017-10-20,250.94
2017-10-21,195.56
2017-10-22,246.52
2017-10-23,190.62
2017-10-24,167.92
2017-10-25,139.41
2017-10-26,123.73
2017-10-27,120.51
2017-10-28,110.9
2017-10-29,126.51
2017-10-30,112.74
2017-10-31,72.94
2017-11-01,56.6
2017-11-02,65.0
2017-11-03,101.52
2017-11-04,129.39
2017-11-05,187.9
2017-11-06,129.05
2017-11-07,141.27
2017-11-08,84.72
2017-11-09,63.41
2017-11-10,142.12
2017-11-11,354.43
2017-11-12,253.5
2017-11-13,145.71
2017-11-14,103.0
2017-11-15,85.56
2017-11-16,88.01
2017-11-17,68.97
2017-11-18,127.31
2017-11-19,221.44
2017-11-20,187.14
2017-11-21,142.28
2017-11-22,95.72
2017-11-23,125.81
2017-11-24,93.6
2017-11-25,87.18
2017-11-26,127.0
2017-11-27,174.27
2017-11-28,124.59
2017-11-29,90.29
2017-11-30,74.09
2017-12-01,66.81
2017-12-02,65.65
2017-12-03,59.35
2017-12-04,52.31
2017-12-05,50.78
2017-12-06,61.91
2017-12-07,60.41
2017-12-08,102.46
2017-12-09,71.09
2017-12-10,63.22
2017-12-11,62.17
2017-12-12,55.35
2017-12-13,46.17
2017-12-14,40.05
2017-12-15,38.9
2017-12-16,35.38
2017-12-17,29.75
2017-12-18,30.1
2017-12-19,32.33
2017-12-20,24.93
2017-12-21,160.75
2017-12-22,75.32
2017-12-23,101.23
2017-12-24,574.95
2017-12-25,947.35
2017-12-26,419.51
2017-12-27,256.2
2017-12-28,200.25
2017-12-29,210.79
2017-12-30,185.44
2017-12-31,332.09
2018-01-01,317.62
2018-01-02,229.08
2018-01-03,258.35
2018-01-04,219.16
2018-01-05,146.32
2018-01-06,115.19
2018-01-07,82.32
2018-01-08,60.1
2018-01-09,80.12
2018-01-10,87.46
2018-01-11,243.32
2018-01-12,347.97
2018-01-13,371.78
2018-01-14,326.19
2018-01-15,412.98
2018-01-16,557.64
2018-01-17,693.02
2018-01-18,893.91
2018-01-19,583.26
2018-01-20,374.23
2018-01-21,278.38
2018-01-22,360.76
2018-01-23,519.1
2018-01-24,480.06
2018-01-25,439.89
2018-01-26,338.92
2018-01-27,259.17
2018-01-28,214.96
2018-01-29,189.68
2018-01-30,161.25
2018-01-31,144.12
2018-02-01,106.86
2018-02-02,105.0
2018-02-03,99.83
2018-02-04,79.66
2018-02-05,77.0
2018-02-06,70.06
2018-02-07,66.8
2018-02-08,74.61
2018-02-09,74.05
2018-02-10,94.08
2018-02-11,151.53
2018-02-12,133.59
2018-02-13,165.11
2018-02-14,106.86
2018-02-15,95.49
2018-02-16,64.49
2018-02-17,54.44
2018-02-18,79.31
2018-02-19,80.11
2018-02-20,94.03
2018-02-21,83.6
2018-02-22,74.15
2018-02-23,64.08
2018-02-24,63.91
2018-02-25,61.65
2018-02-26,57.45
2018-02-27,50.2
2018-02-28,44.13
2018-03-01,76.76
2018-03-02,92.89
2018-03-03,109.69
2018-03-04,85.79
2018-03-05,79.02
2018-03-06,72.67
2018-03-07,74.116
2018-03-08,62.8
2018-03-09,57.4
2018-03-10,56.32
2018-03-11,50.14
2018-03-12,45.1
2018-03-13,45.53
2018-03-14,47.76
2018-03-15,70.58
2018-03-16,101.0
2018-03-17,75.87
2018-03-18,66.58
2018-03-19,77.92
2018-03-20,111.19
2018-03-21,203.88
2018-03-22,164.55
2018-03-23,122.1
2018-03-24,93.45
2018-03-25,195.04
2018-03-26,215.25
2018-03-27,173.74
2018-03-28,150.52
2018-03-29,224.67
2018-03-30,287.52
2018-03-31,255.0
2018-04-01,222.01
2018-04-02,218.29
2018-04-03,180.7
2018-04-04,147.15
2018-04-05,151.61
2018-04-06,119.73
2018-04-07,96.35
2018-04-08,86.13
2018-04-09,81.29
2018-04-10,86.32
2018-04-11,79.25
2018-04-12,57.29
2018-04-13,62.52
2018-04-14,84.97
2018-04-15,84.97
2018-04-16,82.22
2018-04-17,74.0
2018-04-18,68.54
2018-04-19,63.78
2018-04-20,58.45
2018-04-21,51.99
2018-04-22,52.1
2018-04-23,44.33
2018-04-24,40.9
2018-04-25,43.77
2018-04-26,40.68
2018-04-27,33.46
2018-04-28,34.22
2018-04-29,35.55
2018-04-30,29.78
2018-05-01,35.44
2018-05-02,29.0
2018-05-03,27.49
2018-05-04,33.14
2018-05-05,34.44
2018-05-06,42.77
2018-05-07,40.23
2018-05-08,45.33
2018-05-09,48.22
2018-05-10,39.45
2018-05-11,44.08
2018-05-12,42.54
2018-05-13,34.44
2018-05-14,33.59
2018-05-15,40.19
2018-05-16,44.81
2018-05-17,31.75
2018-05-18,67.14
2018-05-19,213.3
2018-05-20,230.43
2018-05-21,220.92
2018-05-22,191.94
2018-05-23,113.78
2018-05-24,78.59
2018-05-25,81.27
2018-05-26,70.36
2018-05-27,50.56
2018-05-28,48.58
2018-05-29,67.5
2018-05-30,50.23
2018-05-31,45.0
2018-06-01,40.17
2018-06-02,49.26
2018-06-03,53.78
2018-06-04,66.36
2018-06-05,62.82
2018-06-06,54.46
2018-06-07,58.7
2018-06-08,81.31
2018-06-09,64.0
2018-06-10,48.29
2018-06-11,55.06
2018-06-12,1730.98
2018-06-13,1055.65
2018-06-14,445.14
2018-06-15,284.36
2018-06-16,184.63
2018-06-17,152.0
2018-06-18,149.02
2018-06-19,104.61
2018-06-20,125.93
2018-06-21,96.37
2018-06-22,61.5
2018-06-23,94.35
2018-06-24,121.78
2018-06-25,197.87
2018-06-26,708.22
2018-06-27,571.57
2018-06-28,325.59
2018-06-29,431.82
2018-06-30,1036.21
2018-07-01,705.72
2018-07-02,404.58
2018-07-03,361.69
2018-07-04,612.32
2018-07-05,1149.42
2018-07-06,693.63
2018-07-07,443.32
2018-07-08,349.77
2018-07-09,274.0
2018-07-10,235.17
2018-07-11,230.77
2018-07-12,241.06
2018-07-13,182.0
2018-07-14,144.46
2018-07-15,125.84
2018-07-16,148.31
2018-07-17,683.0
2018-07-18,579.93
2018-07-19,333.97
2018-07-20,228.44
2018-07-21,203.78
2018-07-22,166.93
2018-07-23,169.4
2018-07-24,177.31
2018-07-25,361.56
2018-07-26,918.72
2018-07-27,677.25
2018-07-28,416.14
2018-07-29,352.14
2018-07-30,281.99
2018-07-31,256.08
2018-08-01,218.01
2018-08-02,199.79
2018-08-03,176.35
2018-08-04,211.53
2018-08-05,232.19
2018-08-06,178.12
2018-08-07,153.35
2018-08-08,201.19
2018-08-09,485.75
2018-08-10,346.77
2018-08-11,290.74
2018-08-12,222.29
2018-08-13,189.86
2018-08-14,160.71
2018-08-15,172.13
2018-08-16,132.87
2018-08-17,150.29
2018-08-18,113.25
2018-08-19,107.48
2018-08-20,148.66
2018-08-21,608.45
2018-08-22,734.05
2018-08-23,587.99
2018-08-24,484.71
2018-08-25,450.0
2018-08-26,425.28
2018-08-27,321.18
2018-08-28,239.06
2018-08-29,215.4
2018-08-30,193.48
2018-08-31,179.86
2018-09-01,1604.89
2018-09-02,2086.95
2018-09-03,1823.98
2018-09-04,1590.76
2018-09-05,1071.52
2018-09-06,680.64
2018-09-07,485.19
2018-09-08,362.27
2018-09-09,323.6
2018-09-10,263.67
2018-09-11,240.15
2018-09-12,245.45
2018-09-13,229.12
2018-09-14,296.94
2018-09-15,340.13
2018-09-16,332.27
2018-09-17,353.91
2018-09-18,511.94
2018-09-19,511.54
2018-09-20,341.49
2018-09-21,253.71
2018-09-22,209.85
2018-09-23,192.69
2018-09-24,274.08
2018-09-25,299.19
2018-09-26,284.87
2018-09-27,300.26
2018-09-28,237.61
2018-09-29,224.9
2018-09-30,181.75
2018-10-01,188.45
2018-10-02,189.19
2018-10-03,941.29
2018-10-04,1032.39
2018-10-05,521.85
2018-10-06,339.0
2018-10-07,251.0
2018-10-08,223.48
2018-10-09,210.12
2018-10-10,288.7
2018-10-11,336.27
2018-10-12,272.78
2018-10-13,506.23
2018-10-14,606.02
2018-10-15,384.71
2018-10-16,282.55
2018-10-17,291.27
2018-10-18,292.28
2018-10-19,256.22
2018-10-20,187.17
2018-10-21,132.78
2018-10-22,152.05
2018-10-23,132.06
2018-10-24,125.12
2018-10-25,143.27
2018-10-26,137.95
2018-10-27,211.69
2018-10-28,227.11
2018-10-29,176.23
2018-10-30,156.55
2018-10-31,745.62
2018-11-01,1017.9
2018-11-02,499.35
2018-11-03,910.52
2018-11-04,1235.16
2018-11-05,566.04
2018-11-06,378.3
2018-11-07,287.93
2018-11-08,203.56
2018-11-09,243.77
2018-11-10,204.68
2018-11-11,138.32
2018-11-12,149.37
2018-11-13,134.95
2018-11-14,171.72
2018-11-15,152.86
2018-11-16,126.87
2018-11-17,128.94
2018-11-18,308.15
2018-11-19,394.95
2018-11-20,231.9
2018-11-21,152.29
2018-11-22,136.49
2018-11-23,124.74
2018-11-24,161.57
2018-11-25,170.0
2018-11-26,168.0
2018-11-27,149.87
2018-11-28,123.69
2018-11-29,131.74
2018-11-30,353.03
2018-12-01,649.04
2018-12-02,396.65
2018-12-03,250.18
2018-12-04,183.78
2018-12-05,148.9
2018-12-06,130.78
2018-12-07,114.35
2018-12-08,98.31
2018-12-09,86.56
2018-12-10,58.69
2018-12-11,56.38
2018-12-12,64.01
2018-12-13,63.85
2018-12-14,69.82
2018-12-15,100.56
2018-12-16,121.73
2018-12-17,148.24
2018-12-18,166.11
2018-12-19,181.15
2018-12-20,210.28
2018-12-21,544.19
2018-12-22,490.87
2018-12-23,323.03
2018-12-24,251.97
2018-12-25,181.54
2018-12-26,171.94
2018-12-27,159.72
2018-12-28,161.04
2018-12-29,152.62
2018-12-30,128.22
2018-12-31,112.25
2019-01-01,103.0
2019-01-02,94.54
2019-01-03,87.95
2019-01-04,84.24
2019-01-05,83.76
2019-01-06,83.56
2019-01-07,90.63
2019-01-08,78.95
2019-01-09,86.31
2019-01-10,113.09
2019-01-11,136.95
2019-01-12,152.64
2019-01-13,156.36
2019-01-14,162.43
2019-01-15,183.24
2019-01-16,193.18
2019-01-17,199.67
2019-01-18,301.91
2019-01-19,651.64
2019-01-20,582.94
2019-01-21,490.69
2019-01-22,382.31
2019-01-23,323.97
2019-01-24,266.75
2019-01-25,210.56
2019-01-26,187.39
2019-01-27,176.87
2019-01-28,139.08
2019-01-29,127.5
2019-01-30,103.27
2019-01-31,106.59
2019-02-01,126.88
2019-02-02,171.77
2019-02-03,235.3
2019-02-04,280.01
2019-02-05,211.64
2019-02-06,146.01
2019-02-07,103.63
2019-02-08,99.97
2019-02-09,102.14
2019-02-10,103.04
2019-02-11,107.19
2019-02-12,127.87
2019-02-13,127.5
2019-02-14,113.02
2019-02-15,107.63
2019-02-16,118.08
2019-02-17,126.19
2019-02-18,147.69
2019-02-19,182.92
2019-02-20,165.19
2019-02-21,123.26
2019-02-22,89.56
2019-02-23,91.26
2019-02-24,98.6
2019-02-25,109.73
2019-02-26,131.82
2019-02-27,111.4
2019-02-28,99.73
2019-03-01,74.26
2019-03-02,64.6
2019-03-03,47.6
2019-03-04,40.0
2019-03-05,47.6
2019-03-06,98.4
2019-03-07,195.0
2019-03-08,214.81
2019-03-09,227.83
2019-03-10,230.35
2019-03-11,236.31
2019-03-12,224.92
2019-03-13,192.07
2019-03-14,164.83
2019-03-15,156.96
2019-03-16,111.42
2019-03-17,71.75
2019-03-18,140.96
2019-03-19,134.29
2019-03-20,103.79
2019-03-21,89.75
2019-03-22,71.71
2019-03-23,71.71
2019-03-24,143.38
2019-03-25,145.88
2019-03-26,67.42
2019-03-27,56.62
2019-03-28,55.79
2019-03-29,37.04
2019-03-30,51.88
2019-03-31,47.92
2019-04-01,53.54
2019-04-02,60.33
2019-04-03,71.17
2019-04-04,82.21
2019-04-05,47.29
2019-04-06,100.83
2019-04-07,97.88
2019-04-08,200.42
2019-04-09,206.75
2019-04-10,132.54
2019-04-11,99.04
2019-04-12,86.75
2019-04-13,55.38
2019-04-14,63.29
2019-04-15,73.21
2019-04-16,126.88
2019-04-17,184.21
2019-04-18,195.08
2019-04-19,127.17
2019-04-20,87.62
2019-04-21,71.71
2019-04-22,60.79
2019-04-23,78.21
2019-04-24,64.71
2019-04-25,120.58
2019-04-26,64.96
2019-04-27,113.21
2019-04-28,295.04
2019-04-29,312.88
2019-04-30,202.75
2019-05-01,120.67
2019-05-02,108.0
2019-05-03,107.0
2019-05-04,119.0
2019-05-05,323.0
2019-05-06,448.0
2019-05-07,330.0
2019-05-08,249.0
2019-05-09,197.0
2019-05-10,231.0
2019-05-11,533.0
2019-05-12,751.0
2019-05-13,654.0
2019-05-14,555.0
2019-05-15,483.62
2019-05-16,395.0
2019-05-17,320.0
2019-05-18,270.0
2019-05-19,225.25
2019-05-20,196.62
2019-05-21,185.79
2019-05-22,197.08
2019-05-23,230.29
2019-05-24,731.88
2019-05-25,1674.0
2019-05-26,1259.0
2019-05-27,764.36
2019-05-28,1411.92
2019-05-29,1210.29
2019-05-30,1308.88
2019-05-31,2922.04
2019-06-01,1227.04
