ds,exo
2013-01-01,11.2
2013-01-02,1.0
2013-01-03,0.0
2013-01-04,0.0
2013-01-05,0.0
2013-01-06,34.4
2013-01-07,23.7
2013-01-08,34.0
2013-01-09,5.5
2013-01-10,0.0
2013-01-11,0.0
2013-01-12,0.0
2013-01-13,0.0
2013-01-14,0.0
2013-01-15,1.6
2013-01-16,1.7
2013-01-17,11.5
2013-01-18,0.0
2013-01-19,1.7
2013-01-20,0.0
2013-01-21,1.1
2013-01-22,0.0
2013-01-23,0.0
2013-01-24,0.0
2013-01-25,2.4
2013-01-26,0.4
2013-01-27,0.0
2013-01-28,0.0
2013-01-29,0.0
2013-01-30,0.0
2013-01-31,0.0
2013-02-01,0.0
2013-02-02,4.4
2013-02-03,13.9
2013-02-04,22.1
2013-02-05,0.0
2013-02-06,5.4
2013-02-07,0.0
2013-02-08,3.6
2013-02-09,2.3
2013-02-10,3.1
2013-02-11,5.3
2013-02-12,2.8
2013-02-13,14.5
2013-02-14,6.5
2013-02-15,12.0
2013-02-16,2.5
2013-02-17,0.0
2013-02-18,18.7
2013-02-19,9.5
2013-02-20,0.5
2013-02-21,10.1
2013-02-22,7.3
2013-02-23,0.0
2013-02-24,0.0
2013-02-25,0.4
2013-02-26,25.1
2013-02-27,0.0
2013-02-28,0.0
2013-03-01,0.0
2013-03-02,0.0
2013-03-03,0.0
2013-03-04,0.0
2013-03-05,45.4
2013-03-06,7.2
2013-03-07,0.0
2013-03-08,7.5
2013-03-09,31.6
2013-03-10,4.7
2013-03-11,1.6
2013-03-12,0.0
2013-03-13,37.6
2013-03-14,0.0
2013-03-15,9.1
2013-03-16,1.9
2013-03-17,0.0
2013-03-18,0.0
2013-03-19,0.0
2013-03-20,22.7
2013-03-21,32.1
2013-03-22,0.0
2013-03-23,0.0
2013-03-24,0.0
2013-03-25,2.0
2013-03-26,0.0
2013-03-27,2.0
2013-03-28,0.3
2013-03-29,0.0
2013-03-30,0.0
2013-03-31,0.0
2013-04-01,0.0
2013-04-02,10.7
2013-04-03,0.0
2013-04-04,0.6
2013-04-05,31.4
2013-04-06,0.2
2013-04-07,0.0
2013-04-08,0.0
2013-04-09,7.9
2013-04-10,0.0
2013-04-11,0.0
2013-04-12,7.4
2013-04-13,24.1
2013-04-14,0.0
2013-04-15,0.0
2013-04-16,0.0
2013-04-17,0.0
2013-04-18,0.0
2013-04-19,0.0
2013-04-20,0.0
2013-04-21,0.0
2013-04-22,0.0
2013-04-23,0.0
2013-04-24,0.0
2013-04-25,0.0
2013-04-26,0.0
2013-04-27,0.0
2013-04-28,0.0
2013-04-29,0.0
2013-04-30,3.1
2013-05-01,0.0
2013-05-02,0.0
2013-05-03,0.0
2013-05-04,0.0
2013-05-05,0.0
2013-05-06,0.0
2013-05-07,0.0
2013-05-08,0.0
2013-05-09,0.0
2013-05-10,0.0
2013-05-11,0.0
2013-05-12,0.0
2013-05-13,5.0
2013-05-14,2.4
2013-05-15,2.8
2013-05-16,15.1
2013-05-17,0.0
2013-05-18,0.0
2013-05-19,0.0
2013-05-20,44.3
2013-05-21,0.3
2013-05-22,1.8
2013-05-23,0.0
2013-05-24,0.0
2013-05-25,0.0
2013-05-26,0.0
2013-05-27,0.0
2013-05-28,2.5
2013-05-29,17.6
2013-05-30,10.9
2013-05-31,0.0
2013-06-01,2.9
2013-06-02,37.0
2013-06-03,0.3
2013-06-04,0.0
2013-06-05,0.0
2013-06-06,0.0
2013-06-07,0.0
2013-06-08,0.0
2013-06-09,0.0
2013-06-10,0.6
2013-06-11,0.4
2013-06-12,0.0
2013-06-13,0.2
2013-06-14,0.2
2013-06-15,0.0
2013-06-16,1.9
2013-06-17,4.8
2013-06-18,0.4
2013-06-19,30.5
2013-06-20,1.4
2013-06-21,13.7
2013-06-22,20.4
2013-06-23,0.5
2013-06-24,10.7
2013-06-25,35.3
2013-06-26,8.3
2013-06-27,1.2
2013-06-28,0.7
2013-06-29,17.6
2013-06-30,0.0
2013-07-01,0.2
2013-07-02,0.0
2013-07-03,0.0
2013-07-04,0.0
2013-07-05,0.0
2013-07-06,0.0
2013-07-07,0.0
2013-07-08,10.8
2013-07-09,0.0
2013-07-10,0.0
2013-07-11,0.2
2013-07-12,0.2
2013-07-13,0.0
2013-07-14,1.4
2013-07-15,16.0
2013-07-16,0.0
2013-07-17,0.0
2013-07-18,0.0
2013-07-19,10.8
2013-07-20,9.6
2013-07-21,40.4
2013-07-22,1.5
2013-07-23,0.5
2013-07-24,0.0
2013-07-25,0.0
2013-07-26,0.0
2013-07-27,0.0
2013-07-28,0.0
2013-07-29,0.0
2013-07-30,0.0
2013-07-31,0.0
2013-08-01,0.0
2013-08-02,0.0
2013-08-03,4.4
2013-08-04,51.4
2013-08-05,0.0
2013-08-06,48.6
2013-08-07,0.3
2013-08-08,0.0
2013-08-09,0.4
2013-08-10,78.6
2013-08-11,18.0
2013-08-12,0.0
2013-08-13,1.5
2013-08-14,13.4
2013-08-15,1.0
2013-08-16,0.0
2013-08-17,0.0
2013-08-18,0.0
2013-08-19,0.0
2013-08-20,0.0
2013-08-21,0.0
2013-08-22,0.0
2013-08-23,11.0
2013-08-24,48.6
2013-08-25,12.4
2013-08-26,40.4
2013-08-27,15.4
2013-08-28,2.1
2013-08-29,0.0
2013-08-30,0.0
2013-08-31,0.0
2013-09-01,6.4
2013-09-02,17.3
2013-09-03,1.6
2013-09-04,0.0
2013-09-05,0.0
2013-09-06,0.0
2013-09-07,0.0
2013-09-08,0.0
2013-09-09,1.8
2013-09-10,0.0
2013-09-11,0.0
2013-09-12,0.0
2013-09-13,0.0
2013-09-14,0.0
2013-09-15,0.0
2013-09-16,17.8
2013-09-17,14.6
2013-09-18,0.7
2013-09-19,0.0
2013-09-20,11.2
2013-09-21,96.7
2013-09-22,28.5
2013-09-23,13.3
2013-09-24,2.4
2013-09-25,0.5
2013-09-26,0.0
2013-09-27,0.0
2013-09-28,12.7
2013-09-29,8.6
2013-09-30,0.0
2013-10-01,17.2
2013-10-02,0.9
2013-10-03,4.3
2013-10-04,9.9
2013-10-05,0.0
2013-10-06,0.0
2013-10-07,0.0
2013-10-08,0.0
2013-10-09,0.0
2013-10-10,0.0
2013-10-11,0.0
2013-10-12,3.6
2013-10-13,12.9
2013-10-14,1.6
2013-10-15,0.0
2013-10-16,0.0
2013-10-17,17.5
2013-10-18,4.2
2013-10-19,0.0
2013-10-20,0.0
2013-10-21,2.5
2013-10-22,36.8
2013-10-23,0.0
2013-10-24,40.5
2013-10-25,9.0
2013-10-26,0.0
2013-10-27,34.5
2013-10-28,0.0
2013-10-29,0.0
2013-10-30,0.0
2013-10-31,0.0
2013-11-01,0.0
2013-11-02,0.0
2013-11-03,1.3
2013-11-04,6.6
2013-11-05,0.0
2013-11-06,0.0
2013-11-07,0.0
2013-11-08,0.0
2013-11-09,0.0
2013-11-10,0.0
2013-11-11,0.3
2013-11-12,32.4
2013-11-13,0.0
2013-11-14,0.0
2013-11-15,0.0
2013-11-16,20.2
2013-11-17,0.2
2013-11-18,0.0
2013-11-19,0.0
2013-11-20,18.9
2013-11-21,14.5
2013-11-22,7.9
2013-11-23,0.2
2013-11-24,0.0
2013-11-25,0.0
2013-11-26,1.8
2013-11-27,0.2
2013-11-28,0.0
2013-11-29,1.2
2013-11-30,17.1
2013-12-01,1.6
2013-12-02,16.7
2013-12-03,0.0
2013-12-04,0.0
2013-12-05,6.0
2013-12-06,29.6
2013-12-07,0.0
2013-12-08,0.0
2013-12-09,0.0
2013-12-10,21.5
2013-12-11,0.0
2013-12-12,5.6
2013-12-13,0.0
2013-12-14,12.2
2013-12-15,0.4
2013-12-16,0.0
2013-12-17,0.0
2013-12-18,0.0
2013-12-19,0.0
2013-12-20,0.0
2013-12-21,0.2
2013-12-22,0.0
2013-12-23,2.7
2013-12-24,0.0
2013-12-25,0.0
2013-12-26,0.0
2013-12-27,0.0
2013-12-28,2.4
2013-12-29,0.0
2013-12-30,0.0
2013-12-31,10.9
2014-01-01,13.3
2014-01-02,14.3
2014-01-03,40.5
2014-01-04,22.7
2014-01-05,0.0
2014-01-06,0.0
2014-01-07,0.0
2014-01-08,0.2
2014-01-09,3.1
2014-01-10,1.2
2014-01-11,19.2
2014-01-12,27.5
2014-01-13,18.7
2014-01-14,0.0
2014-01-15,0.0
2014-01-16,8.0
2014-01-17,0.6
2014-01-18,0.0
2014-01-19,0.0
2014-01-20,0.0
2014-01-21,0.0
2014-01-22,0.0
2014-01-23,0.0
2014-01-24,0.2
2014-01-25,7.9
2014-01-26,36.2
2014-01-27,0.0
2014-01-28,0.4
2014-01-29,0.0
2014-01-30,4.2
2014-01-31,0.5
2014-02-01,0.4
2014-02-02,0.0
2014-02-03,0.0
2014-02-04,0.9
2014-02-05,1.8
2014-02-06,1.2
2014-02-07,7.1
2014-02-08,0.0
2014-02-09,23.4
2014-02-10,3.6
2014-02-11,0.0
2014-02-12,0.0
2014-02-13,24.9
2014-02-14,34.1
2014-02-15,1.3
2014-02-16,0.0
2014-02-17,0.0
2014-02-18,0.0
2014-02-19,0.0
2014-02-20,0.0
2014-02-21,5.6
2014-02-22,0.4
2014-02-23,4.7
2014-02-24,12.3
2014-02-25,0.0
2014-02-26,5.5
2014-02-27,67.6
2014-02-28,3.1
2014-03-01,0.0
2014-03-02,0.0
2014-03-03,0.0
2014-03-04,46.8
2014-03-05,17.4
2014-03-06,0.3
2014-03-07,0.0
2014-03-08,0.8
2014-03-09,0.0
2014-03-10,0.0
2014-03-11,9.3
2014-03-12,6.1
2014-03-13,0.0
2014-03-14,4.1
2014-03-15,2.3
2014-03-16,7.4
2014-03-17,9.7
2014-03-18,14.3
2014-03-19,36.8
2014-03-20,25.6
2014-03-21,26.8
2014-03-22,0.7
2014-03-23,0.0
2014-03-24,0.0
2014-03-25,0.0
2014-03-26,0.0
2014-03-27,0.0
2014-03-28,0.0
2014-03-29,0.0
2014-03-30,0.0
2014-03-31,27.6
2014-04-01,0.7
2014-04-02,0.4
2014-04-03,0.0
2014-04-04,0.0
2014-04-05,0.0
2014-04-06,0.0
2014-04-07,0.0
2014-04-08,0.0
2014-04-09,40.6
2014-04-10,0.7
2014-04-11,0.0
2014-04-12,25.6
2014-04-13,15.3
2014-04-14,0.0
2014-04-15,0.0
2014-04-16,0.0
2014-04-17,0.0
2014-04-18,17.0
2014-04-19,0.0
2014-04-20,1.3
2014-04-21,0.0
2014-04-22,16.7
2014-04-23,0.0
2014-04-24,1.3
2014-04-25,0.0
2014-04-26,0.0
2014-04-27,0.0
2014-04-28,0.0
2014-04-29,0.0
2014-04-30,17.8
2014-05-01,81.6
2014-05-02,0.3
2014-05-03,0.0
2014-05-04,0.0
2014-05-05,0.0
2014-05-06,0.8
2014-05-07,0.0
2014-05-08,3.2
2014-05-09,0.0
2014-05-10,0.0
2014-05-11,0.0
2014-05-12,0.0
2014-05-13,0.0
2014-05-14,0.0
2014-05-15,0.5
2014-05-16,10.3
2014-05-17,0.0
2014-05-18,0.0
2014-05-19,0.0
2014-05-20,0.2
2014-05-21,0.3
2014-05-22,87.7
2014-05-23,0.9
2014-05-24,8.2
2014-05-25,0.0
2014-05-26,23.2
2014-05-27,0.6
2014-05-28,0.0
2014-05-29,0.0
2014-05-30,0.0
2014-05-31,29.4
2014-06-01,31.9
2014-06-02,0.5
2014-06-03,0.0
2014-06-04,0.0
2014-06-05,5.3
2014-06-06,34.3
2014-06-07,5.9
2014-06-08,0.0
2014-06-09,26.4
2014-06-10,0.0
2014-06-11,0.0
2014-06-12,0.0
2014-06-13,0.0
2014-06-14,15.6
2014-06-15,3.2
2014-06-16,0.2
2014-06-17,17.3
2014-06-18,5.5
2014-06-19,1.7
2014-06-20,0.0
2014-06-21,0.0
2014-06-22,0.0
2014-06-23,1.3
2014-06-24,9.4
2014-06-25,56.6
2014-06-26,35.7
2014-06-27,67.9
2014-06-28,59.7
2014-06-29,8.9
2014-06-30,11.4
2014-07-01,0.9
2014-07-02,0.0
2014-07-03,0.0
2014-07-04,0.0
2014-07-05,0.0
2014-07-06,0.0
2014-07-07,1.7
2014-07-08,0.0
2014-07-09,0.0
2014-07-10,3.0
2014-07-11,1.1
2014-07-12,0.0
2014-07-13,0.0
2014-07-14,0.0
2014-07-15,0.0
2014-07-16,0.0
2014-07-17,0.0
2014-07-18,13.4
2014-07-19,0.5
2014-07-20,0.0
2014-07-21,0.0
2014-07-22,0.0
2014-07-23,0.0
2014-07-24,39.0
2014-07-25,12.7
2014-07-26,0.0
2014-07-27,0.0
2014-07-28,0.0
2014-07-29,0.0
2014-07-30,0.0
2014-07-31,1.3
2014-08-01,0.6
2014-08-02,18.5
2014-08-03,0.5
2014-08-04,0.0
2014-08-05,11.6
2014-08-06,0.0
2014-08-07,0.0
2014-08-08,0.2
2014-08-09,0.0
2014-08-10,0.4
2014-08-11,0.0
2014-08-12,4.4
2014-08-13,12.9
2014-08-14,0.0
2014-08-15,0.0
2014-08-16,20.3
2014-08-17,7.1
2014-08-18,0.2
2014-08-19,0.0
2014-08-20,0.0
2014-08-21,0.0
2014-08-22,0.0
2014-08-23,0.0
2014-08-24,0.0
2014-08-25,0.0
2014-08-26,4.3
2014-08-27,0.0
2014-08-28,0.0
2014-08-29,0.0
2014-08-30,0.0
2014-08-31,19.8
2014-09-01,7.6
2014-09-02,0.0
2014-09-03,51.6
2014-09-04,0.0
2014-09-05,0.0
2014-09-06,0.0
2014-09-07,20.6
2014-09-08,0.0
2014-09-09,0.0
2014-09-10,0.0
2014-09-11,0.0
2014-09-12,14.6
2014-09-13,0.0
2014-09-14,0.0
2014-09-15,2.9
2014-09-16,1.9
2014-09-17,0.0
2014-09-18,0.5
2014-09-19,23.5
2014-09-20,0.3
2014-09-21,0.9
2014-09-22,0.0
2014-09-23,0.0
2014-09-24,19.2
2014-09-25,0.3
2014-09-26,37.6
2014-09-27,4.4
2014-09-28,0.0
2014-09-29,62.4
2014-09-30,15.9
2014-10-01,42.7
2014-10-02,0.0
2014-10-03,0.0
2014-10-04,0.0
2014-10-05,0.0
2014-10-06,0.0
2014-10-07,0.2
2014-10-08,0.0
2014-10-09,0.0
2014-10-10,0.0
2014-10-11,0.0
2014-10-12,0.0
2014-10-13,0.7
2014-10-14,27.8
2014-10-15,0.0
2014-10-16,0.0
2014-10-17,7.1
2014-10-18,28.4
2014-10-19,26.3
2014-10-20,15.5
2014-10-21,0.0
2014-10-22,0.0
2014-10-23,0.0
2014-10-24,0.0
2014-10-25,0.0
2014-10-26,0.0
2014-10-27,0.0
2014-10-28,0.0
2014-10-29,0.0
2014-10-30,0.0
2014-10-31,4.1
2014-11-01,0.0
2014-11-02,5.1
2014-11-03,3.7
2014-11-04,32.9
2014-11-05,9.1
2014-11-06,0.8
2014-11-07,51.5
2014-11-08,5.5
2014-11-09,0.0
2014-11-10,0.0
2014-11-11,0.0
2014-11-12,0.5
2014-11-13,8.9
2014-11-14,0.0
2014-11-15,0.0
2014-11-16,0.0
2014-11-17,0.0
2014-11-18,0.0
2014-11-19,0.0
2014-11-20,2.3
2014-11-21,0.0
2014-11-22,12.6
2014-11-23,0.0
2014-11-24,0.0
2014-11-25,15.2
2014-11-26,26.0
2014-11-27,0.0
2014-11-28,1.7
2014-11-29,0.0
2014-11-30,0.0
2014-12-01,0.0
2014-12-02,0.0
2014-12-03,12.4
2014-12-04,5.4
2014-12-05,0.0
2014-12-06,0.0
2014-12-07,0.0
2014-12-08,0.0
2014-12-09,0.0
2014-12-10,16.7
2014-12-11,13.0
2014-12-12,27.7
2014-12-13,16.1
2014-12-14,0.0
2014-12-15,0.0
2014-12-16,0.0
2014-12-17,0.0
2014-12-18,0.0
2014-12-19,2.3
2014-12-20,5.5
2014-12-21,21.1
2014-12-22,23.8
2014-12-23,0.0
2014-12-24,4.3
2014-12-25,0.0
2014-12-26,0.0
2014-12-27,30.6
2014-12-28,3.8
2014-12-29,20.9
2014-12-30,2.0
2014-12-31,15.8
2015-01-01,47.0
2015-01-02,31.2
2015-01-03,1.2
2015-01-04,0.8
2015-01-05,0.2
2015-01-06,0.0
2015-01-07,0.0
2015-01-08,2.4
2015-01-09,8.7
2015-01-10,3.9
2015-01-11,5.7
2015-01-12,4.3
2015-01-13,0.0
2015-01-14,17.1
2015-01-15,3.1
2015-01-16,3.4
2015-01-17,12.9
2015-01-18,33.6
2015-01-19,26.0
2015-01-20,0.0
2015-01-21,16.0
2015-01-22,0.2
2015-01-23,0.0
2015-01-24,0.0
2015-01-25,5.2
2015-01-26,21.9
2015-01-27,0.9
2015-01-28,1.5
2015-01-29,8.2
2015-01-30,2.9
2015-01-31,0.0
2015-02-01,2.6
2015-02-02,6.9
2015-02-03,0.0
2015-02-04,9.5
2015-02-05,28.1
2015-02-06,7.4
2015-02-07,1.5
2015-02-08,0.0
2015-02-09,0.0
2015-02-10,7.0
2015-02-11,0.6
2015-02-12,11.4
2015-02-13,24.3
2015-02-14,0.0
2015-02-15,0.0
2015-02-16,2.1
2015-02-17,0.0
2015-02-18,0.0
2015-02-19,3.4
2015-02-20,27.8
2015-02-21,0.0
2015-02-22,37.5
2015-02-23,22.9
2015-02-24,2.0
2015-02-25,1.1
2015-02-26,0.0
2015-02-27,5.5
2015-02-28,5.3
2015-03-01,0.0
2015-03-02,0.0
2015-03-03,0.0
2015-03-04,4.3
2015-03-05,8.8
2015-03-06,1.2
2015-03-07,0.0
2015-03-08,0.3
2015-03-09,1.6
2015-03-10,2.2
2015-03-11,8.1
2015-03-12,0.2
2015-03-13,0.0
2015-03-14,0.2
2015-03-15,8.2
2015-03-16,0.7
2015-03-17,0.0
2015-03-18,0.0
2015-03-19,0.0
2015-03-20,0.0
2015-03-21,5.5
2015-03-22,2.7
2015-03-23,1.8
2015-03-24,0.2
2015-03-25,0.0
2015-03-26,0.0
2015-03-27,3.4
2015-03-28,3.1
2015-03-29,29.5
2015-03-30,9.3
2015-03-31,5.3
2015-04-01,0.0
2015-04-02,0.0
2015-04-03,0.0
2015-04-04,0.0
2015-04-05,0.0
2015-04-06,16.8
2015-04-07,0.0
2015-04-08,0.0
2015-04-09,0.0
2015-04-10,0.0
2015-04-11,0.0
2015-04-12,0.0
2015-04-13,0.0
2015-04-14,0.0
2015-04-15,1.9
2015-04-16,0.3
2015-04-17,0.0
2015-04-18,6.1
2015-04-19,0.0
2015-04-20,0.0
2015-04-21,31.2
2015-04-22,5.6
2015-04-23,2.0
2015-04-24,0.0
2015-04-25,0.0
2015-04-26,0.0
2015-04-27,0.0
2015-04-28,0.0
2015-04-29,0.0
2015-04-30,0.5
2015-05-01,0.0
2015-05-02,0.0
2015-05-03,0.0
2015-05-04,8.5
2015-05-05,0.0
2015-05-06,0.0
2015-05-07,0.0
2015-05-08,0.0
2015-05-09,0.0
2015-05-10,5.5
2015-05-11,0.8
2015-05-12,0.7
2015-05-13,0.0
2015-05-14,0.0
2015-05-15,0.0
2015-05-16,0.2
2015-05-17,2.1
2015-05-18,0.0
2015-05-19,0.0
2015-05-20,0.0
2015-05-21,0.0
2015-05-22,0.0
2015-05-23,0.0
2015-05-24,14.6
2015-05-25,8.9
2015-05-26,0.0
2015-05-27,23.0
2015-05-28,15.8
2015-05-29,7.2
2015-05-30,0.2
2015-05-31,0.0
2015-06-01,0.0
2015-06-02,0.0
2015-06-03,0.0
2015-06-04,0.0
2015-06-05,0.0
2015-06-06,0.0
2015-06-07,0.0
2015-06-08,0.0
2015-06-09,0.2
2015-06-10,0.0
2015-06-11,2.4
2015-06-12,7.9
2015-06-13,3.9
2015-06-14,105.7
2015-06-15,14.7
2015-06-16,0.0
2015-06-17,0.0
2015-06-18,29.3
2015-06-19,0.0
2015-06-20,0.0
2015-06-21,0.6
2015-06-22,3.1
2015-06-23,10.7
2015-06-24,2.1
2015-06-25,0.0
2015-06-26,0.0
2015-06-27,0.0
2015-06-28,0.0
2015-06-29,0.0
2015-06-30,3.8
2015-07-01,10.0
2015-07-02,0.0
2015-07-03,0.3
2015-07-04,8.3
2015-07-05,0.0
2015-07-06,0.0
2015-07-07,44.6
2015-07-08,19.7
2015-07-09,18.7
2015-07-10,1.2
2015-07-11,0.2
2015-07-12,13.0
2015-07-13,8.5
2015-07-14,92.7
2015-07-15,54.4
2015-07-16,22.2
2015-07-17,2.2
2015-07-18,0.3
2015-07-19,0.0
2015-07-20,0.0
2015-07-21,26.6
2015-07-22,0.2
2015-07-23,0.0
2015-07-24,14.6
2015-07-25,6.7
2015-07-26,0.0
2015-07-27,0.0
2015-07-28,0.0
2015-07-29,0.0
2015-07-30,0.0
2015-07-31,0.0
2015-08-01,0.0
2015-08-02,0.0
2015-08-03,0.0
2015-08-04,0.0
2015-08-05,0.0
2015-08-06,0.0
2015-08-07,0.0
2015-08-08,0.0
2015-08-09,0.0
2015-08-10,0.0
2015-08-11,0.0
2015-08-12,0.0
2015-08-13,0.0
2015-08-14,0.0
2015-08-15,0.0
2015-08-16,0.0
2015-08-17,0.0
2015-08-18,0.0
2015-08-19,12.5
2015-08-20,0.9
2015-08-21,0.0
2015-08-22,0.0
2015-08-23,6.3
2015-08-24,1.0
2015-08-25,1.9
2015-08-26,0.0
2015-08-27,44.5
2015-08-28,0.0
2015-08-29,0.0
2015-08-30,0.0
2015-08-31,0.0
2015-09-01,0.0
2015-09-02,8.2
2015-09-03,21.0
2015-09-04,5.8
2015-09-05,0.0
2015-09-06,4.6
2015-09-07,0.2
2015-09-08,26.4
2015-09-09,1.4
2015-09-10,0.0
2015-09-11,15.0
2015-09-12,0.0
2015-09-13,0.0
2015-09-14,0.0
2015-09-15,0.0
2015-09-16,0.0
2015-09-17,43.5
2015-09-18,11.8
2015-09-19,14.0
2015-09-20,30.2
2015-09-21,6.1
2015-09-22,0.0
2015-09-23,0.0
2015-09-24,0.0
2015-09-25,16.2
2015-09-26,2.3
2015-09-27,95.7
2015-09-28,17.4
2015-09-29,0.0
2015-09-30,0.0
2015-10-01,0.0
2015-10-02,0.0
2015-10-03,29.8
2015-10-04,0.0
2015-10-05,0.0
2015-10-06,12.4
2015-10-07,6.0
2015-10-08,15.2
2015-10-09,53.7
2015-10-10,43.9
2015-10-11,5.2
2015-10-12,11.0
2015-10-13,1.1
2015-10-14,11.1
2015-10-15,0.0
2015-10-16,37.6
2015-10-17,6.3
2015-10-18,0.0
2015-10-19,0.0
2015-10-20,0.0
2015-10-21,33.5
2015-10-22,47.4
2015-10-23,12.0
2015-10-24,0.0
2015-10-25,0.0
2015-10-26,3.4
2015-10-27,2.4
2015-10-28,0.7
2015-10-29,0.0
2015-10-30,0.0
2015-10-31,0.0
2015-11-01,0.0
2015-11-02,7.3
2015-11-03,2.4
2015-11-04,13.9
2015-11-05,24.8
2015-11-06,1.6
2015-11-07,0.0
2015-11-08,17.2
2015-11-09,0.0
2015-11-10,0.0
2015-11-11,28.8
2015-11-12,1.9
2015-11-13,1.8
2015-11-14,13.8
2015-11-15,0.0
2015-11-16,0.0
2015-11-17,23.6
2015-11-18,6.8
2015-11-19,3.4
2015-11-20,21.6
2015-11-21,0.0
2015-11-22,0.0
2015-11-23,7.4
2015-11-24,16.6
2015-11-25,0.0
2015-11-26,0.6
2015-11-27,2.8
2015-11-28,23.5
2015-11-29,1.3
2015-11-30,0.0
2015-12-01,0.0
2015-12-02,20.8
2015-12-03,33.9
2015-12-04,9.4
2015-12-05,10.4
2015-12-06,0.0
2015-12-07,0.0
2015-12-08,0.0
2015-12-09,0.0
2015-12-10,46.7
2015-12-11,0.4
2015-12-12,0.0
2015-12-13,0.0
2015-12-14,0.7
2015-12-15,26.6
2015-12-16,0.0
2015-12-17,0.0
2015-12-18,2.8
2015-12-19,21.2
2015-12-20,6.9
2015-12-21,0.0
2015-12-22,3.6
2015-12-23,19.3
2015-12-24,25.0
2015-12-25,13.8
2015-12-26,0.0
2015-12-27,0.0
2015-12-28,0.5
2015-12-29,13.2
2015-12-30,6.3
2015-12-31,5.2
2016-01-01,3.1
2016-01-02,20.1
2016-01-03,0.5
2016-01-04,0.0
2016-01-05,0.0
2016-01-06,1.3
2016-01-07,8.2
2016-01-08,1.5
2016-01-09,1.3
2016-01-10,22.3
2016-01-11,15.0
2016-01-12,0.0
2016-01-13,0.0
2016-01-14,0.0
2016-01-15,0.0
2016-01-16,0.0
2016-01-17,0.0
2016-01-18,0.0
2016-01-19,0.0
2016-01-20,0.0
2016-01-21,0.0
2016-01-22,0.0
2016-01-23,0.0
2016-01-24,0.0
2016-01-25,0.0
2016-01-26,4.7
2016-01-27,37.8
2016-01-28,0.4
2016-01-29,0.0
2016-01-30,0.0
2016-01-31,59.0
2016-02-01,60.3
2016-02-02,19.2
2016-02-03,0.2
2016-02-04,17.8
2016-02-05,3.9
2016-02-06,2.7
2016-02-07,0.2
2016-02-08,0.0
2016-02-09,5.8
2016-02-10,16.4
2016-02-11,0.0
2016-02-12,0.0
2016-02-13,0.0
2016-02-14,20.5
2016-02-15,9.6
2016-02-16,17.9
2016-02-17,8.3
2016-02-18,0.0
2016-02-19,0.0
2016-02-20,0.0
2016-02-21,10.0
2016-02-22,2.3
2016-02-23,2.3
2016-02-24,0.0
2016-02-25,7.2
2016-02-26,0.0
2016-02-27,10.1
2016-02-28,0.6
2016-02-29,0.7
2016-03-01,0.4
2016-03-02,0.2
2016-03-03,46.0
2016-03-04,13.5
2016-03-05,2.7
2016-03-06,0.0
2016-03-07,0.0
2016-03-08,0.0
2016-03-09,14.0
2016-03-10,33.4
2016-03-11,5.7
2016-03-12,7.8
2016-03-13,0.0
2016-03-14,0.0
2016-03-15,0.0
2016-03-16,0.0
2016-03-17,0.0
2016-03-18,0.0
2016-03-19,0.0
2016-03-20,5.5
2016-03-21,38.2
2016-03-22,44.9
2016-03-23,0.0
2016-03-24,0.2
2016-03-25,9.0
2016-03-26,24.7
2016-03-27,1.7
2016-03-28,1.3
2016-03-29,0.0
2016-03-30,0.0
2016-03-31,0.0
2016-04-01,0.0
2016-04-02,0.4
2016-04-03,0.9
2016-04-04,0.0
2016-04-05,0.0
2016-04-06,0.0
2016-04-07,1.0
2016-04-08,0.6
2016-04-09,0.4
2016-04-10,5.9
2016-04-11,16.2
2016-04-12,8.7
2016-04-13,0.0
2016-04-14,46.3
2016-04-15,1.3
2016-04-16,0.0
2016-04-17,0.4
2016-04-18,0.0
2016-04-19,0.0
2016-04-20,0.0
2016-04-21,0.0
2016-04-22,6.2
2016-04-23,9.2
2016-04-24,0.4
2016-04-25,19.8
2016-04-26,10.1
2016-04-27,24.5
2016-04-28,0.2
2016-04-29,0.0
2016-04-30,0.0
2016-05-01,0.0
2016-05-02,0.0
2016-05-03,0.0
2016-05-04,0.0
2016-05-05,0.0
2016-05-06,4.7
2016-05-07,7.0
2016-05-08,0.0
2016-05-09,10.0
2016-05-10,7.3
2016-05-11,0.0
2016-05-12,1.3
2016-05-13,0.0
2016-05-14,0.0
2016-05-15,0.0
2016-05-16,30.2
2016-05-17,0.0
2016-05-18,0.0
2016-05-19,0.0
2016-05-20,0.0
2016-05-21,30.7
2016-05-22,7.3
2016-05-23,9.1
2016-05-24,0.0
2016-05-25,0.0
2016-05-26,0.0
2016-05-27,0.0
2016-05-28,0.0
2016-05-29,4.7
2016-05-30,13.3
2016-05-31,0.0
2016-06-01,0.0
2016-06-02,2.0
2016-06-03,0.0
2016-06-04,0.0
2016-06-05,0.0
2016-06-06,0.0
2016-06-07,0.0
2016-06-08,0.0
2016-06-09,0.0
2016-06-10,0.0
2016-06-11,0.0
2016-06-12,0.0
2016-06-13,0.0
2016-06-14,0.0
2016-06-15,0.0
2016-06-16,0.0
2016-06-17,19.9
2016-06-18,0.0
2016-06-19,0.0
2016-06-20,0.0
2016-06-21,0.0
2016-06-22,4.1
2016-06-23,5.9
2016-06-24,0.0
2016-06-25,0.0
2016-06-26,0.0
2016-06-27,0.0
2016-06-28,0.0
2016-06-29,0.0
2016-06-30,0.0
2016-07-01,0.0
2016-07-02,0.0
2016-07-03,0.0
2016-07-04,0.0
2016-07-05,0.0
2016-07-06,16.2
2016-07-07,0.0
2016-07-08,0.0
2016-07-09,0.0
2016-07-10,9.4
2016-07-11,0.0
2016-07-12,10.2
2016-07-13,0.0
2016-07-14,43.7
2016-07-15,52.2
2016-07-16,12.9
2016-07-17,0.0
2016-07-18,0.0
2016-07-19,0.0
2016-07-20,0.0
2016-07-21,0.0
2016-07-22,0.0
2016-07-23,0.0
2016-07-24,0.0
2016-07-25,0.0
2016-07-26,0.0
2016-07-27,8.5
2016-07-28,0.0
2016-07-29,0.0
2016-07-30,0.0
2016-07-31,0.0
2016-08-01,0.0
2016-08-02,5.3
2016-08-03,18.9
2016-08-04,0.0
2016-08-05,0.0
2016-08-06,0.0
2016-08-07,18.9
2016-08-08,0.0
2016-08-09,0.0
2016-08-10,0.0
2016-08-11,0.0
2016-08-12,0.0
2016-08-13,0.0
2016-08-14,0.0
2016-08-15,24.1
2016-08-16,5.2
2016-08-17,0.0
2016-08-18,10.7
2016-08-19,2.6
2016-08-20,21.3
2016-08-21,36.5
2016-08-22,0.0
2016-08-23,0.0
2016-08-24,0.0
2016-08-25,0.0
2016-08-26,0.0
2016-08-27,0.0
2016-08-28,0.0
2016-08-29,0.0
2016-08-30,11.6
2016-08-31,6.2
2016-09-01,2.7
2016-09-02,0.0
2016-09-03,0.0
2016-09-04,16.1
2016-09-05,0.0
2016-09-06,28.0
2016-09-07,0.0
2016-09-08,0.0
2016-09-09,0.0
2016-09-10,0.0
2016-09-11,0.0
2016-09-12,0.0
2016-09-13,5.3
2016-09-14,10.1
2016-09-15,0.0
2016-09-16,0.0
2016-09-17,0.0
2016-09-18,3.9
2016-09-19,5.6
2016-09-20,0.0
2016-09-21,0.0
2016-09-22,0.0
2016-09-23,0.0
2016-09-24,0.0
2016-09-25,0.0
2016-09-26,0.0
2016-09-27,0.0
2016-09-28,0.0
2016-09-29,0.0
2016-09-30,0.0
2016-10-01,0.0
2016-10-02,0.0
2016-10-03,0.0
2016-10-04,0.0
2016-10-05,0.0
2016-10-06,38.3
2016-10-07,1.0
2016-10-08,0.0
2016-10-09,0.0
2016-10-10,0.0
2016-10-11,1.9
2016-10-12,0.0
2016-10-13,29.1
2016-10-14,0.0
2016-10-15,0.0
2016-10-16,9.2
2016-10-17,11.9
2016-10-18,32.1
2016-10-19,30.3
2016-10-20,42.7
2016-10-21,0.0
2016-10-22,0.0
2016-10-23,0.0
2016-10-24,6.1
2016-10-25,37.8
2016-10-26,1.4
2016-10-27,22.0
2016-10-28,1.4
2016-10-29,0.0
2016-10-30,0.0
2016-10-31,0.0
2016-11-01,0.0
2016-11-02,6.3
2016-11-03,1.1
2016-11-04,0.0
2016-11-05,0.0
2016-11-06,0.0
2016-11-07,0.0
2016-11-08,0.0
2016-11-09,6.7
2016-11-10,28.5
2016-11-11,0.0
2016-11-12,0.0
2016-11-13,0.0
2016-11-14,0.0
2016-11-15,0.0
2016-11-16,26.3
2016-11-17,0.0
2016-11-18,3.4
2016-11-19,0.0
2016-11-20,0.0
2016-11-21,0.0
2016-11-22,0.0
2016-11-23,0.0
2016-11-24,0.0
2016-11-25,5.4
2016-11-26,1.4
2016-11-27,0.0
2016-11-28,5.1
2016-11-29,5.2
2016-11-30,0.0
2016-12-01,0.0
2016-12-02,0.0
2016-12-03,1.9
2016-12-04,40.8
2016-12-05,1.4
2016-12-06,0.0
2016-12-07,0.0
2016-12-08,0.0
2016-12-09,14.9
2016-12-10,4.2
2016-12-11,1.2
2016-12-12,0.0
2016-12-13,6.9
2016-12-14,2.9
2016-12-15,0.0
2016-12-16,0.0
2016-12-17,0.0
2016-12-18,11.7
2016-12-19,1.6
2016-12-20,46.9
2016-12-21,5.3
2016-12-22,0.0
2016-12-23,8.1
2016-12-24,9.9
2016-12-25,0.0
2016-12-26,2.0
2016-12-27,0.0
2016-12-28,0.0
2016-12-29,5.6
2016-12-30,5.9
2016-12-31,11.2
2017-01-01,29.5
2017-01-02,4.0
2017-01-03,4.9
2017-01-04,6.8
2017-01-05,30.0
2017-01-06,16.3
2017-01-07,19.9
2017-01-08,10.5
2017-01-09,0.0
2017-01-10,20.6
2017-01-11,0.0
2017-01-12,0.0
2017-01-13,0.0
2017-01-14,0.0
2017-01-15,0.0
2017-01-16,0.0
2017-01-17,6.1
2017-01-18,0.0
2017-01-19,0.0
2017-01-20,0.0
2017-01-21,0.0
2017-01-22,0.0
2017-01-23,41.8
2017-01-24,0.0
2017-01-25,16.1
2017-01-26,4.7
2017-01-27,8.4
2017-01-28,0.0
2017-01-29,0.0
2017-01-30,3.4
2017-01-31,0.0
2017-02-01,0.0
2017-02-02,7.1
2017-02-03,8.6
2017-02-04,4.4
2017-02-05,0.0
2017-02-06,0.0
2017-02-07,0.0
2017-02-08,0.0
2017-02-09,11.9
2017-02-10,0.0
2017-02-11,0.0
2017-02-12,17.6
2017-02-13,42.6
2017-02-14,19.2
2017-02-15,3.1
2017-02-16,0.0
2017-02-17,1.3
2017-02-18,0.0
2017-02-19,7.8
2017-02-20,0.0
2017-02-21,0.0
2017-02-22,0.0
2017-02-23,0.0
2017-02-24,8.8
2017-02-25,0.0
2017-02-26,0.0
2017-02-27,0.0
2017-02-28,0.0
2017-03-01,18.0
2017-03-02,14.3
2017-03-03,0.0
2017-03-04,0.0
2017-03-05,9.0
2017-03-06,0.0
2017-03-07,2.9
2017-03-08,3.6
2017-03-09,0.0
2017-03-10,18.7
2017-03-11,2.9
2017-03-12,0.0
2017-03-13,21.5
2017-03-14,0.0
2017-03-15,0.0
2017-03-16,2.6
2017-03-17,17.5
2017-03-18,0.0
2017-03-19,0.0
2017-03-20,1.6
2017-03-21,0.0
2017-03-22,0.0
2017-03-23,0.0
2017-03-24,0.0
2017-03-25,0.0
2017-03-26,0.0
2017-03-27,0.0
2017-03-28,3.9
2017-03-29,0.0
2017-03-30,0.0
2017-03-31,0.0
2017-04-01,0.0
2017-04-02,0.0
2017-04-03,0.0
2017-04-04,0.0
2017-04-05,30.8
2017-04-06,22.3
2017-04-07,4.8
2017-04-08,0.0
2017-04-09,0.0
2017-04-10,0.0
2017-04-11,4.9
2017-04-12,0.0
2017-04-13,0.0
2017-04-14,0.0
2017-04-15,2.3
2017-04-16,9.2
2017-04-17,0.0
2017-04-18,0.0
2017-04-19,0.0
2017-04-20,0.0
2017-04-21,3.0
2017-04-22,0.0
2017-04-23,0.0
2017-04-24,0.0
2017-04-25,7.2
2017-04-26,54.1
2017-04-27,0.0
2017-04-28,0.0
2017-04-29,0.0
2017-04-30,0.0
2017-05-01,0.0
2017-05-02,0.0
2017-05-03,0.0
2017-05-04,8.7
2017-05-05,5.1
2017-05-06,0.0
2017-05-07,0.0
2017-05-08,0.0
2017-05-09,0.0
2017-05-10,0.0
2017-05-11,0.0
2017-05-12,0.0
2017-05-13,0.0
2017-05-14,23.2
2017-05-15,0.0
2017-05-16,0.0
2017-05-17,0.0
2017-05-18,0.0
2017-05-19,40.9
2017-05-20,0.0
2017-05-21,18.3
2017-05-22,1.6
2017-05-23,0.0
2017-05-24,40.7
2017-05-25,0.0
2017-05-26,0.0
2017-05-27,9.4
2017-05-28,60.2
2017-05-29,38.8
2017-05-30,11.8
2017-05-31,88.7
2017-06-01,31.4
2017-06-02,2.5
2017-06-03,0.0
2017-06-04,3.6
2017-06-05,73.0
2017-06-06,9.8
2017-06-07,3.4
2017-06-08,31.3
2017-06-09,15.1
2017-06-10,4.9
2017-06-11,0.0
2017-06-12,0.0
2017-06-13,0.0
2017-06-14,0.0
2017-06-15,0.0
2017-06-16,0.0
2017-06-17,0.0
2017-06-18,0.0
2017-06-19,10.6
2017-06-20,0.0
2017-06-21,0.0
2017-06-22,0.0
2017-06-23,0.0
2017-06-24,0.0
2017-06-25,0.0
2017-06-26,0.0
2017-06-27,0.0
2017-06-28,0.0
2017-06-29,0.0
2017-06-30,0.0
2017-07-01,7.0
2017-07-02,0.0
2017-07-03,0.0
2017-07-04,0.0
2017-07-05,0.0
2017-07-06,0.0
2017-07-07,0.0
2017-07-08,0.0
2017-07-09,0.0
2017-07-10,0.0
2017-07-11,0.0
2017-07-12,0.0
2017-07-13,0.0
2017-07-14,0.0
2017-07-15,0.0
2017-07-16,0.0
2017-07-17,3.3
2017-07-18,5.3
2017-07-19,0.0
2017-07-20,0.0
2017-07-21,0.0
2017-07-22,0.0
2017-07-23,0.0
2017-07-24,0.0
2017-07-25,0.0
2017-07-26,0.0
2017-07-27,0.0
2017-07-28,0.0
2017-07-29,0.0
2017-07-30,0.0
2017-07-31,0.0
2017-08-01,0.0
2017-08-02,0.0
2017-08-03,40.5
2017-08-04,0.0
2017-08-05,0.0
2017-08-06,0.0
2017-08-07,0.0
2017-08-08,0.0
2017-08-09,6.7
2017-08-10,0.0
2017-08-11,1.2
2017-08-12,0.0
2017-08-13,6.1
2017-08-14,25.5
2017-08-15,0.0
2017-08-16,0.0
2017-08-17,0.0
2017-08-18,0.0
2017-08-19,0.0
2017-08-20,54.4
2017-08-21,2.7
2017-08-22,0.0
2017-08-23,0.0
2017-08-24,0.0
2017-08-25,0.0
2017-08-26,0.0
2017-08-27,0.0
2017-08-28,0.0
2017-08-29,0.0
2017-08-30,0.0
2017-08-31,0.0
2017-09-01,0.0
2017-09-02,0.0
2017-09-03,0.0
2017-09-04,0.0
2017-09-05,0.0
2017-09-06,0.0
2017-09-07,0.0
2017-09-08,0.0
2017-09-09,0.0
2017-09-10,0.0
2017-09-11,0.0
2017-09-12,2.2
2017-09-13,1.1
2017-09-14,0.0
2017-09-15,13.8
2017-09-16,15.2
2017-09-17,5.9
2017-09-18,0.0
2017-09-19,0.0
2017-09-20,0.0
2017-09-21,0.0
2017-09-22,0.0
2017-09-23,0.0
2017-09-24,5.2
2017-09-25,0.0
2017-09-26,0.0
2017-09-27,0.0
2017-09-28,1.7
2017-09-29,9.0
2017-09-30,19.8
2017-10-01,0.0
2017-10-02,14.7
2017-10-03,3.9
2017-10-04,0.0
2017-10-05,0.0
2017-10-06,0.0
2017-10-07,9.8
2017-10-08,4.3
2017-10-09,8.8
2017-10-10,2.6
2017-10-11,22.2
2017-10-12,14.6
2017-10-13,13.2
2017-10-14,11.9
2017-10-15,0.0
2017-10-16,0.0
2017-10-17,0.0
2017-10-18,0.0
2017-10-19,14.0
2017-10-20,4.3
2017-10-21,9.9
2017-10-22,11.9
2017-10-23,0.0
2017-10-24,0.0
2017-10-25,2.7
2017-10-26,2.2
2017-10-27,0.0
2017-10-28,5.2
2017-10-29,0.0
2017-10-30,15.0
2017-10-31,0.0
2017-11-01,0.0
2017-11-02,0.0
2017-11-03,6.5
2017-11-04,22.8
2017-11-05,6.0
2017-11-06,0.0
2017-11-07,0.0
2017-11-08,0.0
2017-11-09,0.0
2017-11-10,15.2
2017-11-11,14.9
2017-11-12,0.0
2017-11-13,0.0
2017-11-14,0.0
2017-11-15,0.0
2017-11-16,0.0
2017-11-17,9.1
2017-11-18,19.8
2017-11-19,0.0
2017-11-20,0.0
2017-11-21,0.0
2017-11-22,11.6
2017-11-23,0.0
2017-11-24,0.0
2017-11-25,0.0
2017-11-26,17.8
2017-11-27,0.0
2017-11-28,0.0
2017-11-29,0.0
2017-11-30,0.0
2017-12-01,10.7
2017-12-02,0.0
2017-12-03,0.0
2017-12-04,9.9
2017-12-05,0.0
2017-12-06,0.0
2017-12-07,0.0
2017-12-08,5.0
2017-12-09,0.0
2017-12-10,0.0
2017-12-11,0.0
2017-12-12,0.0
2017-12-13,0.0
2017-12-14,0.0
2017-12-15,2.7
2017-12-16,0.0
2017-12-17,0.0
2017-12-18,0.0
2017-12-19,0.0
2017-12-20,2.9
2017-12-21,5.1
2017-12-22,0.0
2017-12-23,0.0
2017-12-24,49.1
2017-12-25,6.6
2017-12-26,0.0
2017-12-27,4.3
2017-12-28,4.8
2017-12-29,0.0
2017-12-30,11.7
2017-12-31,27.3
2018-01-01,0.0
2018-01-02,6.5
2018-01-03,11.3
2018-01-04,0.0
2018-01-05,0.0
2018-01-06,0.0
2018-01-07,1.2
2018-01-08,0.0
2018-01-09,0.0
2018-01-10,0.0
2018-01-11,19.7
2018-01-12,3.5
2018-01-13,3.1
2018-01-14,13.0
2018-01-15,18.8
2018-01-16,0.0
2018-01-17,14.0
2018-01-18,5.6
2018-01-19,5.1
2018-01-20,0.0
2018-01-21,5.1
2018-01-22,19.3
2018-01-23,20.3
2018-01-24,28.8
2018-01-25,5.6
2018-01-26,0.0
2018-01-27,0.0
2018-01-28,0.0
2018-01-29,15.9
2018-01-30,0.0
2018-01-31,0.0
2018-02-01,0.0
2018-02-02,0.0
2018-02-03,0.0
2018-02-04,0.0
2018-02-05,0.0
2018-02-06,0.0
2018-02-07,0.0
2018-02-08,0.0
2018-02-09,2.5
2018-02-10,7.1
2018-02-11,21.9
2018-02-12,15.6
2018-02-13,0.0
2018-02-14,0.0
2018-02-15,0.0
2018-02-16,0.0
2018-02-17,0.0
2018-02-18,0.0
2018-02-19,2.6
2018-02-20,22.7
2018-02-21,10.4
2018-02-22,0.0
2018-02-23,0.0
2018-02-24,0.0
2018-02-25,0.0
2018-02-26,0.0
2018-02-27,0.0
2018-02-28,7.3
2018-03-01,4.7
2018-03-02,0.0
2018-03-03,0.0
2018-03-04,5.2
2018-03-05,1.9
2018-03-06,0.0
2018-03-07,0.0
2018-03-08,0.0
2018-03-09,0.0
2018-03-10,0.0
2018-03-11,0.0
2018-03-12,3.2
2018-03-13,0.0
2018-03-14,3.4
2018-03-15,10.1
2018-03-16,27.6
2018-03-17,1.3
2018-03-18,0.0
2018-03-19,0.0
2018-03-20,1.9
2018-03-21,10.5
2018-03-22,1.6
2018-03-23,2.5
2018-03-24,7.1
2018-03-25,32.4
2018-03-26,0.0
2018-03-27,0.0
2018-03-28,3.1
2018-03-29,0.0
2018-03-30,3.6
2018-03-31,10.8
2018-04-01,7.7
2018-04-02,0.0
2018-04-03,2.5
2018-04-04,0.0
2018-04-05,1.2
2018-04-06,0.0
2018-04-07,0.0
2018-04-08,0.0
2018-04-09,0.0
2018-04-10,0.0
2018-04-11,0.0
2018-04-12,0.0
2018-04-13,0.0
2018-04-14,0.0
2018-04-15,23.0
2018-04-16,0.0
2018-04-17,0.0
2018-04-18,0.0
2018-04-19,0.0
2018-04-20,0.0
2018-04-21,0.0
2018-04-22,6.3
2018-04-23,1.0
2018-04-24,0.0
2018-04-25,0.0
2018-04-26,0.0
2018-04-27,0.0
2018-04-28,0.0
2018-04-29,0.0
2018-04-30,0.0
2018-05-01,0.0
2018-05-02,0.0
2018-05-03,0.0
2018-05-04,3.9
2018-05-05,3.9
2018-05-06,0.0
2018-05-07,3.6
2018-05-08,0.0
2018-05-09,0.0
2018-05-10,0.0
2018-05-11,0.0
2018-05-12,4.3
2018-05-13,0.0
2018-05-14,0.0
2018-05-15,0.0
2018-05-16,23.3
2018-05-17,0.0
2018-05-18,18.2
2018-05-19,39.8
2018-05-20,8.1
2018-05-21,0.0
2018-05-22,0.0
2018-05-23,0.0
2018-05-24,0.0
2018-05-25,0.0
2018-05-26,0.0
2018-05-27,0.0
2018-05-28,0.0
2018-05-29,0.0
2018-05-30,0.0
2018-05-31,0.0
2018-06-01,2.7
2018-06-02,12.9
2018-06-03,0.0
2018-06-04,0.0
2018-06-05,8.7
2018-06-06,6.2
2018-06-07,0.0
2018-06-08,0.0
2018-06-09,0.0
2018-06-10,0.0
2018-06-11,0.0
2018-06-12,45.1
2018-06-13,6.8
2018-06-14,0.0
2018-06-15,0.0
2018-06-16,0.0
2018-06-17,0.0
2018-06-18,0.0
2018-06-19,0.0
2018-06-20,0.0
2018-06-21,0.0
2018-06-22,2.5
2018-06-23,0.0
2018-06-24,2.0
2018-06-25,19.6
2018-06-26,27.0
2018-06-27,0.0
2018-06-28,0.0
2018-06-29,9.0
2018-06-30,17.8
2018-07-01,0.0
2018-07-02,0.0
2018-07-03,0.0
2018-07-04,21.9
2018-07-05,13.1
2018-07-06,0.0
2018-07-07,0.0
2018-07-08,0.0
2018-07-09,0.0
2018-07-10,5.9
2018-07-11,1.1
2018-07-12,0.0
2018-07-13,0.0
2018-07-14,0.0
2018-07-15,0.0
2018-07-16,0.0
2018-07-17,7.9
2018-07-18,0.0
2018-07-19,0.0
2018-07-20,0.0
2018-07-21,9.1
2018-07-22,0.0
2018-07-23,0.0
2018-07-24,0.0
2018-07-25,20.1
2018-07-26,19.8
2018-07-27,0.0
2018-07-28,1.8
2018-07-29,5.7
2018-07-30,0.0
2018-07-31,0.0
2018-08-01,0.0
2018-08-02,0.0
2018-08-03,0.0
2018-08-04,3.4
2018-08-05,0.0
2018-08-06,0.0
2018-08-07,0.0
2018-08-08,0.0
2018-08-09,28.3
2018-08-10,3.2
2018-08-11,0.0
2018-08-12,0.0
2018-08-13,0.0
2018-08-14,0.0
2018-08-15,0.0
2018-08-16,0.0
2018-08-17,0.0
2018-08-18,0.0
2018-08-19,0.0
2018-08-20,3.7
2018-08-21,32.9
2018-08-22,22.3
2018-08-23,0.0
2018-08-24,3.8
2018-08-25,8.2
2018-08-26,0.0
2018-08-27,0.0
2018-08-28,0.0
2018-08-29,0.0
2018-08-30,0.0
2018-08-31,0.0
2018-09-01,61.7
2018-09-02,26.0
2018-09-03,26.2
2018-09-04,5.6
2018-09-05,0.0
2018-09-06,0.0
2018-09-07,0.0
2018-09-08,0.0
2018-09-09,0.0
2018-09-10,0.0
2018-09-11,0.0
2018-09-12,0.0
2018-09-13,0.0
2018-09-14,21.6
2018-09-15,16.4
2018-09-16,6.5
2018-09-17,2.6
2018-09-18,18.9
2018-09-19,0.0
2018-09-20,0.0
2018-09-21,0.0
2018-09-22,0.0
2018-09-23,0.0
2018-09-24,4.4
2018-09-25,6.0
2018-09-26,5.7
2018-09-27,0.0
2018-09-28,3.2
2018-09-29,0.0
2018-09-30,5.1
2018-10-01,6.3
2018-10-02,5.2
2018-10-03,44.0
2018-10-04,4.9
2018-10-05,0.0
2018-10-06,0.0
2018-10-07,6.2
2018-10-08,5.1
2018-10-09,0.0
2018-10-10,17.3
2018-10-11,2.3
2018-10-12,0.0
2018-10-13,29.6
2018-10-14,1.8
2018-10-15,6.7
2018-10-16,0.0
2018-10-17,0.0
2018-10-18,32.9
2018-10-19,8.0
2018-10-20,0.0
2018-10-21,0.0
2018-10-22,0.0
2018-10-23,1.7
2018-10-24,6.8
2018-10-25,0.0
2018-10-26,0.0
2018-10-27,20.3
2018-10-28,0.0
2018-10-29,0.0
2018-10-30,0.0
2018-10-31,40.5
2018-11-01,9.9
2018-11-02,0.0
2018-11-03,6.4
2018-11-04,42.1
2018-11-05,0.0
2018-11-06,0.0
2018-11-07,0.0
2018-11-08,0.0
2018-11-09,0.0
2018-11-10,0.0
2018-11-11,0.0
2018-11-12,0.0
2018-11-13,0.0
2018-11-14,13.4
2018-11-15,6.8
2018-11-16,0.0
2018-11-17,0.0
2018-11-18,48.0
2018-11-19,0.0
2018-11-20,0.0
2018-11-21,0.0
2018-11-22,0.0
2018-11-23,0.0
2018-11-24,38.5
2018-11-25,3.5
2018-11-26,0.0
2018-11-27,0.0
2018-11-28,0.0
2018-11-29,43.8
2018-11-30,2.6
2018-12-01,21.0
2018-12-02,6.6
2018-12-03,0.0
2018-12-04,0.0
2018-12-05,0.0
2018-12-06,0.0
2018-12-07,0.0
2018-12-08,0.0
2018-12-09,0.0
2018-12-10,0.0
2018-12-11,0.0
2018-12-12,1.6
2018-12-13,1.7
2018-12-14,3.9
2018-12-15,0.0
2018-12-16,16.1
2018-12-17,0.0
2018-12-18,18.7
2018-12-19,16.3
2018-12-20,13.0
2018-12-21,20.1
2018-12-22,8.6
2018-12-23,2.0
2018-12-24,0.0
2018-12-25,10.7
2018-12-26,16.8
2018-12-27,10.5
2018-12-28,0.0
2018-12-29,0.0
2018-12-30,1.3
2018-12-31,1.3
2019-01-01,0.0
2019-01-02,0.0
2019-01-03,0.0
2019-01-04,34.1
2019-01-05,2.2
2019-01-06,1.5
2019-01-07,0.0
2019-01-08,8.0
2019-01-09,3.6
2019-01-10,4.2
2019-01-11,12.0
2019-01-12,1.3
2019-01-13,12.5
2019-01-14,6.5
2019-01-15,19.5
2019-01-16,5.7
2019-01-17,0.0
2019-01-18,30.4
2019-01-19,5.4
2019-01-20,3.0
2019-01-21,6.4
2019-01-22,0.0
2019-01-23,0.0
2019-01-24,16.3
2019-01-25,0.0
2019-01-26,0.0
2019-01-27,0.0
2019-01-28,0.0
2019-01-29,1.1
2019-01-30,0.0
2019-01-31,0.0
2019-02-01,2.5
2019-02-02,26.4
2019-02-03,11.7
2019-02-04,12.2
2019-02-05,0.0
2019-02-06,0.0
2019-02-07,0.0
2019-02-08,0.0
2019-02-09,0.0
2019-02-10,0.0
2019-02-11,7.7
2019-02-12,5.9
2019-02-13,0.0
2019-02-14,0.0
2019-02-15,33.4
2019-02-16,12.6
2019-02-17,3.9
2019-02-18,0.0
2019-02-19,3.3
2019-02-20,0.0
2019-02-21,2.8
2019-02-22,0.0
2019-02-23,0.0
2019-02-24,0.0
2019-02-25,37.5
2019-02-26,12.4
2019-02-27,0.0
2019-02-28,0.0
2019-03-01,0.0
2019-03-02,0.0
2019-03-03,0.0
2019-03-04,0.0
2019-03-05,0.0
2019-03-06,0.0
2019-03-07,19.9
2019-03-08,3.0
2019-03-09,18.1
2019-03-10,3.2
2019-03-11,2.5
2019-03-12,14.7
2019-03-13,17.2
2019-03-14,0.0
2019-03-15,1.3
2019-03-16,0.0
2019-03-17,5.8
2019-03-18,13.4
2019-03-19,32.3
2019-03-20,0.0
2019-03-21,1.3
2019-03-22,0.0
2019-03-23,15.0
2019-03-24,0.0
2019-03-25,0.0
2019-03-26,0.0
2019-03-27,0.0
2019-03-28,0.0
2019-03-29,0.0
2019-03-30,0.0
2019-03-31,0.0
2019-04-01,9.1
2019-04-02,0.0
2019-04-03,5.4
2019-04-04,0.0
2019-04-05,8.8
2019-04-06,7.6
2019-04-07,16.2
2019-04-08,3.4
2019-04-09,0.0
2019-04-10,0.0
2019-04-11,0.0
2019-04-12,0.0
2019-04-13,0.0
2019-04-14,0.0
2019-04-15,1.8
2019-04-16,19.8
2019-04-17,2.9
2019-04-18,0.0
2019-04-19,0.0
2019-04-20,0.0
2019-04-21,9.1
2019-04-22,0.0
2019-04-23,0.0
2019-04-24,0.0
2019-04-25,0.0
2019-04-26,1.5
2019-04-27,0.0
2019-04-28,36.1
2019-04-29,2.5
2019-04-30,0.0
2019-05-01,0.0
2019-05-02,0.0
2019-05-03,0.0
2019-05-04,0.0
2019-05-05,10.5
2019-05-06,39.9
2019-05-07,9.1
2019-05-08,0.0
2019-05-09,1.0
2019-05-10,0.0
2019-05-11,36.9
2019-05-12,44.7
2019-05-13,2.3
2019-05-14,12.5
2019-05-15,0.0
2019-05-16,0.0
2019-05-17,0.0
2019-05-18,0.0
2019-05-19,0.0
2019-05-20,0.0
2019-05-21,0.0
2019-05-22,4.7
2019-05-23,17.6
2019-05-24,0.0
2019-05-25,29.3
2019-05-26,0.0
2019-05-27,0.0
2019-05-28,74.6
2019-05-29,0.0
2019-05-30,35.9
2019-05-31,34.1
2019-06-01,0.0
2019-06-02,0
2019-06-03,0
2019-06-04,0
2019-06-05,0
2019-06-06,0
2019-06-07,0
2019-06-08,0
2019-06-09,0
2019-06-10,1
2019-06-11,2
2019-06-12,4
2019-06-13,0
2019-06-14,0
2019-06-15,2
2019-06-16,2
2019-06-17,3
2019-06-18,5.33
2019-06-19,7.33
2019-06-20,20.67
2019-06-21,17.00
2019-06-22,13.67
2019-06-23,3.33
2019-06-24,2.33
2019-06-25,3.67
2019-06-26,3.00
2019-06-27,15.00
2019-06-28,27.00
2019-06-29,31.33
2019-06-30,7.67
2019-07-01,6.33
2019-07-02,0.67
2019-07-03,1.33
2019-07-04,1.67
2019-07-05,0.67
2019-07-06,12.67
2019-07-07,18.00
2019-07-08,7.00
2019-07-09,0.33
2019-07-10,0.00
2019-07-11,0.00
2019-07-12,0.00
2019-07-13,0.67
2019-07-14,3.33
2019-07-15,23.67
2019-07-16,7.00
2019-07-17,11.00
2019-07-18,5.67
2019-07-19,11.33
2019-07-20,9.00
2019-07-21,24.67
2019-07-22,1.33
2019-07-23,4.00
2019-07-24,2.33
2019-07-25,1.67
2019-07-26,6.33
2019-07-27,9.00
2019-07-28,2.67
2019-07-29,0.67
2019-07-30,7.00
2019-07-31,0.67
2019-08-01,1.33
2019-08-02,0.33
2019-08-03,6.67
2019-08-04,0.33
2019-08-05,14.33
2019-08-06,6.33
2019-08-07,3.33
2019-08-08,6.33
2019-08-09,0.33
2019-08-10,9.67
2019-08-11,10.00
2019-08-12,0.33
2019-08-13,0.00
2019-08-14,9.00
2019-08-15,9.33
2019-08-16,4.00
2019-08-17,15.67
2019-08-18,4.67
2019-08-19,18.00
2019-08-20,4.67
2019-08-21,0.67
2019-08-22,1.00
2019-08-23,1.33
2019-08-24,0.67
2019-08-25,15.00
2019-08-26,7.33
2019-08-27,11.67
2019-08-28,19.00
2019-08-29,5.00
2019-08-30,5.33
2019-08-31,1.33
2019-09-01,6.00
2019-09-02,0.00
2019-09-03,7.33
2019-09-04,3.33
2019-09-05,9.67
2019-09-06,4.33
2019-09-07,1.67
2019-09-08,2.00
2019-09-09,0.33
2019-09-10,0.33
2019-09-11,1.67
2019-09-12,24.00
2019-09-13,3.67
2019-09-14,0.67
2019-09-15,29.00
2019-09-16,5.67
2019-09-17,0.33
2019-09-18,2.00
2019-09-19,0.67
2019-09-20,3.67
2019-09-21,15.00
2019-09-22,13.67
2019-09-23,2.00
2019-09-24,10.67
2019-09-25,7.33
2019-09-26,3.00
2019-09-27,18.67
2019-09-28,8.33
2019-09-29,6.00
2019-09-30,7.00
2019-10-01,18.67
2019-10-02,16.00
2019-10-03,9.33
2019-10-04,10.67
2019-10-05,1.00
2019-10-06,1.00
2019-10-07,1.33
2019-10-08,1.00
2019-10-09,1.67
2019-10-10,1.00
2019-10-11,4.00
2019-10-12,1.67
2019-10-13,7.33
2019-10-14,1.33
2019-10-15,1.00
2019-10-16,2.67
2019-10-17,8.67
2019-10-18,1.67
2019-10-19,19.67
2019-10-20,8.33
2019-10-21,3.67
2019-10-22,0.67
2019-10-23,1.67
2019-10-24,0.00
2019-10-25,5.33
2019-10-26,22.00
2019-10-27,14.33
2019-10-28,7.33
2019-10-29,2.67
2019-10-30,3.67
2019-10-31,2.33
2019-11-01,10.00
2019-11-02,2.33
2019-11-03,1.33
2019-11-04,6.33
2019-11-05,8.33
2019-11-06,2.33
2019-11-07,15.67
2019-11-08,6.67
2019-11-09,12.67
2019-11-10,6.00
2019-11-11,10.67
2019-11-12,4.33
2019-11-13,3.00
2019-11-14,3.00
2019-11-15,4.00
2019-11-16,3.00
2019-11-17,3.67
2019-11-18,10.67
2019-11-19,20.33
2019-11-20,6.00
2019-11-21,0.33
2019-11-22,0.33
2019-11-23,0.33
2019-11-24,1.67
2019-11-25,1.33
2019-11-26,2.33
2019-11-27,13.00
2019-11-28,3.67
2019-11-29,2.00
2019-11-30,3.00
2019-12-01,0.67
2019-12-02,1.67
2019-12-03,2.00
2019-12-04,4.00
2019-12-05,2.00
2019-12-06,6.33
2019-12-07,4.67
2019-12-08,5.00
2019-12-09,8.33
2019-12-10,2.67
2019-12-11,6.00
2019-12-12,0.33
2019-12-13,0.00
2019-12-14,1.67
2019-12-15,0.33
2019-12-16,0.00
2019-12-17,1.67
2019-12-18,5.33
2019-12-19,6.67
2019-12-20,27.33
2019-12-21,13.67
2019-12-22,8.67
2019-12-23,0.00
2019-12-24,1.67
2019-12-25,3.00
2019-12-26,5.00
2019-12-27,1.33
2019-12-28,3.33
2019-12-29,7.67
2019-12-30,36.67
2019-12-31,2.00
2020-01-01,8.33
2020-01-02,22.33
2020-01-03,5.33
2020-01-04,4.00
2020-01-05,2.67
2020-01-06,4.33
2020-01-07,7.67
2020-01-08,13.33
2020-01-09,3.33
2020-01-10,8.00
2020-01-11,10.33
2020-01-12,9.33
2020-01-13,5.00
2020-01-14,7.00
2020-01-15,8.00
2020-01-16,9.33
2020-01-17,11.67
2020-01-18,11.67
2020-01-19,15.33
2020-01-20,8.33
2020-01-21,5.00
2020-01-22,2.33
2020-01-23,6.00
2020-01-24,6.33
2020-01-25,4.00
2020-01-26,4.67
2020-01-27,5.33
2020-01-28,33.33
2020-01-29,4.33
2020-01-30,12.67
2020-01-31,4.00
2020-02-01,4.00
2020-02-02,15.00
2020-02-03,14.67
2020-02-04,4.00
2020-02-05,6.00
2020-02-06,1.33
2020-02-07,4.67
2020-02-08,5.67
2020-02-09,5.33
2020-02-10,2.67
2020-02-11,8.00
2020-02-12,8.67
2020-02-13,4.00
2020-02-14,1.67
2020-02-15,4.67
2020-02-16,7.33
2020-02-17,7.33
2020-02-18,2.33
2020-02-19,1.67
2020-02-20,15.00
2020-02-21,0.67
2020-02-22,3.33
2020-02-23,3.00
2020-02-24,11.33
2020-02-25,7.33
2020-02-26,3.67
2020-02-27,12.00
2020-02-28,12.00
2020-02-29,2.67
2020-03-01,2.33
2020-03-02,13.00
2020-03-03,5.00
2020-03-04,2.33
2020-03-05,3.33
2020-03-06,3.00
2020-03-07,3.67
2020-03-08,4.67
2020-03-09,14.33
2020-03-10,2.33
2020-03-11,0.67
2020-03-12,1.33
2020-03-13,2.00
2020-03-14,0.67
2020-03-15,1.00
2020-03-16,2.67
2020-03-17,5.67
2020-03-18,12.67
2020-03-19,0.67
2020-03-20,1.00
2020-03-21,8.67
2020-03-22,0.33
2020-03-23,0.00
2020-03-24,0.33
2020-03-25,8.67
2020-03-26,6.67
2020-03-27,28.33
2020-03-28,12.67
2020-03-29,2.00
2020-03-30,2.33
2020-03-31,7.00
2020-04-01,6
2020-04-02,7
2020-04-03,3
2020-04-04,3
2020-04-05,5
2020-04-06,4
2020-04-07,2
2020-04-08,2
2020-04-09,8
2020-04-10,2
2020-04-11,1
2020-04-12,5
2020-04-13,3
2020-04-14,6
2020-04-15,5
2020-04-16,3
2020-04-17,1
2020-04-18,3
2020-04-19,6
2020-04-20,2
2020-04-21,8
2020-04-22,6
2020-04-23,6
2020-04-24,2
2020-04-25,4
2020-04-26,11
2020-04-27,4
2020-04-28,3
2020-04-29,5
2020-04-30,2
2020-05-01,8
2020-05-02,1
2020-05-03,3
2020-05-04,6
2020-05-05,3
2020-05-06,4
2020-05-07,4
2020-05-08,5
2020-05-09,1
2020-05-10,1
2020-05-11,4
2020-05-12,5
2020-05-13,2
2020-05-14,7
2020-05-15,3
2020-05-16,7
2020-05-17,3
2020-05-18,11
2020-05-19,11
2020-05-20,4
2020-05-21,6
2020-05-22,8
2020-05-23,4
2020-05-24,4
2020-05-25,4
2020-05-26,3
2020-05-27,3
2020-05-28,8
2020-05-29,4
2020-05-30,5
2020-05-31,10
2020-06-01,4
2020-06-02,4
2020-06-03,5
2020-06-04,4
2020-06-05,6
2020-06-06,3
2020-06-07,5
2020-06-08,5
2020-06-09,4
2020-06-10,3
2020-06-11,5
2020-06-12,8
2020-06-13,2
2020-06-14,10
2020-06-15,3
2020-06-16,5
2020-06-17,7
2020-06-18,12
2020-06-19,4
2020-06-20,3
2020-06-21,3
2020-06-22,5
2020-06-23,3
2020-06-24,2
2020-06-25,9
2020-06-26,8
2020-06-27,6
2020-06-28,5
2020-06-29,2
2020-06-30,7
2020-07-01,4
2020-07-02,4
2020-07-03,2
2020-07-04,3
2020-07-05,2
2020-07-06,2
2020-07-07,6
2020-07-08,7
2020-07-09,8
2020-07-10,7
2020-07-11,5
2020-07-12,4
2020-07-13,4
2020-07-14,9
2020-07-15,9
2020-07-16,7
2020-07-17,9
2020-07-18,6
2020-07-19,3
2020-07-20,5
2020-07-21,9
2020-07-22,7
2020-07-23,6
2020-07-24,3
2020-07-25,6
2020-07-26,6
2020-07-27,3
2020-07-28,1
2020-07-29,1
2020-07-30,5
2020-07-31,3
