Data_Notificacao,Infectados_7d
1/1/2007,0
2/1/2007,0
3/1/2007,0
4/1/2007,0
5/1/2007,0
6/1/2007,0
7/1/2007,0
8/1/2007,0
9/1/2007,0
10/1/2007,0
11/1/2007,4
12/1/2007,4
13/01/2007,4
14/01/2007,6
15/01/2007,6
16/01/2007,8
17/01/2007,8
18/01/2007,4
19/01/2007,4
20/01/2007,6
21/01/2007,4
22/01/2007,4
23/01/2007,6
24/01/2007,6
25/01/2007,6
26/01/2007,6
27/01/2007,4
28/01/2007,4
29/01/2007,4
30/01/2007,0
31/01/2007,2
1/2/2007,2
2/2/2007,2
3/2/2007,2
4/2/2007,2
5/2/2007,2
6/2/2007,8
7/2/2007,6
8/2/2007,8
9/2/2007,8
10/2/2007,8
11/2/2007,8
12/2/2007,8
13/02/2007,2
14/02/2007,4
15/02/2007,2
16/02/2007,2
17/02/2007,4
18/02/2007,4
19/02/2007,4
20/02/2007,4
21/02/2007,2
22/02/2007,4
23/02/2007,6
24/02/2007,8
25/02/2007,8
26/02/2007,8
27/02/2007,10
28/02/2007,10
1/3/2007,8
2/3/2007,6
3/3/2007,4
4/3/2007,4
5/3/2007,4
6/3/2007,2
7/3/2007,2
8/3/2007,4
9/3/2007,4
10/3/2007,2
11/3/2007,2
12/3/2007,4
13/03/2007,8
14/03/2007,8
15/03/2007,8
16/03/2007,10
17/03/2007,10
18/03/2007,10
19/03/2007,8
20/03/2007,4
21/03/2007,10
22/03/2007,8
23/03/2007,6
24/03/2007,10
25/03/2007,12
26/03/2007,12
27/03/2007,18
28/03/2007,18
29/03/2007,24
30/03/2007,24
31/03/2007,22
1/4/2007,20
2/4/2007,20
3/4/2007,22
4/4/2007,18
5/4/2007,22
6/4/2007,26
7/4/2007,30
8/4/2007,30
9/4/2007,35
10/4/2007,41
11/4/2007,47
12/4/2007,47
13/04/2007,55
14/04/2007,55
15/04/2007,55
16/04/2007,52
17/04/2007,75
18/04/2007,95
19/04/2007,111
20/04/2007,109
21/04/2007,129
22/04/2007,137
23/04/2007,135
24/04/2007,127
25/04/2007,119
26/04/2007,117
27/04/2007,135
28/04/2007,127
29/04/2007,127
30/04/2007,135
1/5/2007,128
2/5/2007,112
3/5/2007,126
4/5/2007,114
5/5/2007,118
6/5/2007,122
7/5/2007,114
8/5/2007,114
9/5/2007,136
10/5/2007,122
11/5/2007,126
12/5/2007,130
13/05/2007,124
14/05/2007,124
15/05/2007,145
16/05/2007,165
17/05/2007,190
18/05/2007,222
19/05/2007,247
20/05/2007,260
21/05/2007,271
22/05/2007,312
23/05/2007,321
24/05/2007,337
25/05/2007,364
26/05/2007,404
27/05/2007,421
28/05/2007,432
29/05/2007,492
30/05/2007,528
31/05/2007,537
1/6/2007,548
2/6/2007,545
3/6/2007,551
4/6/2007,553
5/6/2007,505
6/6/2007,492
7/6/2007,515
8/6/2007,473
9/6/2007,494
10/6/2007,496
11/6/2007,505
12/6/2007,538
13/06/2007,587
14/06/2007,568
15/06/2007,602
16/06/2007,573
17/06/2007,572
18/06/2007,587
19/06/2007,563
20/06/2007,559
21/06/2007,590
22/06/2007,628
23/06/2007,625
24/06/2007,626
25/06/2007,594
26/06/2007,601
27/06/2007,553
28/06/2007,505
29/06/2007,437
30/06/2007,416
1/7/2007,378
2/7/2007,392
3/7/2007,315
4/7/2007,274
5/7/2007,224
6/7/2007,183
7/7/2007,170
8/7/2007,167
9/7/2007,142
10/7/2007,126
11/7/2007,112
12/7/2007,124
13/07/2007,121
14/07/2007,91
15/07/2007,94
16/07/2007,91
17/07/2007,83
18/07/2007,73
19/07/2007,54
20/07/2007,54
21/07/2007,49
22/07/2007,47
23/07/2007,47
24/07/2007,50
25/07/2007,52
26/07/2007,52
27/07/2007,46
28/07/2007,46
29/07/2007,44
30/07/2007,42
31/07/2007,30
1/8/2007,34
2/8/2007,38
3/8/2007,38
4/8/2007,34
5/8/2007,34
6/8/2007,34
7/8/2007,38
8/8/2007,30
9/8/2007,22
10/8/2007,24
11/8/2007,24
12/8/2007,32
13/08/2007,32
14/08/2007,34
15/08/2007,40
16/08/2007,56
17/08/2007,52
18/08/2007,56
19/08/2007,48
20/08/2007,48
21/08/2007,45
22/08/2007,35
23/08/2007,21
24/08/2007,23
25/08/2007,21
26/08/2007,21
27/08/2007,21
28/08/2007,16
29/08/2007,12
30/08/2007,10
31/08/2007,12
1/9/2007,6
2/9/2007,4
3/9/2007,4
4/9/2007,4
5/9/2007,4
6/9/2007,4
7/9/2007,0
8/9/2007,0
9/9/2007,0
10/9/2007,0
11/9/2007,0
12/9/2007,2
13/09/2007,2
14/09/2007,2
15/09/2007,6
16/09/2007,6
17/09/2007,8
18/09/2007,8
19/09/2007,8
20/09/2007,8
21/09/2007,8
22/09/2007,4
23/09/2007,4
24/09/2007,2
25/09/2007,2
26/09/2007,0
27/09/2007,0
28/09/2007,0
29/09/2007,0
30/09/2007,0
1/10/2007,0
2/10/2007,0
3/10/2007,0
4/10/2007,0
5/10/2007,0
6/10/2007,0
7/10/2007,0
8/10/2007,0
9/10/2007,0
10/10/2007,2
11/10/2007,2
12/10/2007,2
13/10/2007,2
14/10/2007,2
15/10/2007,2
16/10/2007,2
17/10/2007,0
18/10/2007,0
19/10/2007,0
20/10/2007,0
21/10/2007,0
22/10/2007,0
23/10/2007,0
24/10/2007,0
25/10/2007,0
26/10/2007,0
27/10/2007,0
28/10/2007,0
29/10/2007,0
30/10/2007,0
31/10/2007,0
1/11/2007,1
2/11/2007,3
3/11/2007,3
4/11/2007,5
5/11/2007,5
6/11/2007,5
7/11/2007,7
8/11/2007,7
9/11/2007,5
10/11/2007,5
11/11/2007,5
12/11/2007,5
13/11/2007,5
14/11/2007,3
15/11/2007,2
16/11/2007,2
17/11/2007,2
18/11/2007,0
19/11/2007,0
20/11/2007,0
21/11/2007,2
22/11/2007,3
23/11/2007,3
24/11/2007,3
25/11/2007,3
26/11/2007,3
27/11/2007,3
28/11/2007,1
29/11/2007,0
30/11/2007,2
1/12/2007,2
2/12/2007,2
3/12/2007,2
4/12/2007,2
5/12/2007,2
6/12/2007,2
7/12/2007,0
8/12/2007,0
9/12/2007,0
10/12/2007,0
11/12/2007,2
12/12/2007,2
13/12/2007,2
14/12/2007,2
15/12/2007,4
16/12/2007,4
17/12/2007,4
18/12/2007,2
19/12/2007,2
20/12/2007,2
21/12/2007,2
22/12/2007,0
23/12/2007,0
24/12/2007,0
25/12/2007,0
26/12/2007,0
27/12/2007,0
28/12/2007,2
29/12/2007,2
30/12/2007,2
31/12/2007,2
1/1/2008,2
2/1/2008,2
3/1/2008,2
4/1/2008,0
5/1/2008,0
6/1/2008,0
7/1/2008,0
8/1/2008,0
9/1/2008,0
10/1/2008,0
11/1/2008,0
12/1/2008,0
13/01/2008,0
14/01/2008,0
15/01/2008,0
16/01/2008,0
17/01/2008,0
18/01/2008,0
19/01/2008,0
20/01/2008,2
21/01/2008,2
22/01/2008,2
23/01/2008,2
24/01/2008,2
25/01/2008,2
26/01/2008,4
27/01/2008,2
28/01/2008,2
29/01/2008,2
30/01/2008,4
31/01/2008,4
1/2/2008,4
2/2/2008,2
3/2/2008,2
4/2/2008,2
5/2/2008,2
6/2/2008,0
7/2/2008,0
8/2/2008,2
9/2/2008,2
10/2/2008,2
11/2/2008,2
12/2/2008,2
13/02/2008,2
14/02/2008,6
15/02/2008,6
16/02/2008,8
17/02/2008,8
18/02/2008,10
19/02/2008,14
20/02/2008,16
21/02/2008,16
22/02/2008,14
23/02/2008,14
24/02/2008,18
25/02/2008,16
26/02/2008,12
27/02/2008,13
28/02/2008,9
29/02/2008,15
1/3/2008,13
2/3/2008,11
3/3/2008,11
4/3/2008,15
5/3/2008,12
6/3/2008,14
7/3/2008,8
8/3/2008,8
9/3/2008,8
10/3/2008,8
11/3/2008,8
12/3/2008,8
13/03/2008,6
14/03/2008,6
15/03/2008,6
16/03/2008,7
17/03/2008,7
18/03/2008,5
19/03/2008,7
20/03/2008,7
21/03/2008,9
22/03/2008,9
23/03/2008,6
24/03/2008,6
25/03/2008,12
26/03/2008,12
27/03/2008,14
28/03/2008,14
29/03/2008,18
30/03/2008,18
31/03/2008,22
1/4/2008,14
2/4/2008,12
3/4/2008,14
4/4/2008,12
5/4/2008,10
6/4/2008,10
7/4/2008,8
8/4/2008,10
9/4/2008,12
10/4/2008,10
11/4/2008,12
12/4/2008,10
13/04/2008,10
14/04/2008,8
15/04/2008,8
16/04/2008,10
17/04/2008,10
18/04/2008,10
19/04/2008,12
20/04/2008,16
21/04/2008,18
22/04/2008,16
23/04/2008,16
24/04/2008,14
25/04/2008,16
26/04/2008,16
27/04/2008,12
28/04/2008,10
29/04/2008,10
30/04/2008,6
1/5/2008,6
2/5/2008,4
3/5/2008,6
4/5/2008,6
5/5/2008,8
6/5/2008,8
7/5/2008,8
8/5/2008,8
9/5/2008,8
10/5/2008,6
11/5/2008,6
12/5/2008,4
13/05/2008,5
14/05/2008,9
15/05/2008,11
16/05/2008,15
17/05/2008,14
18/05/2008,14
19/05/2008,16
20/05/2008,15
21/05/2008,13
22/05/2008,13
23/05/2008,7
24/05/2008,8
25/05/2008,10
26/05/2008,10
27/05/2008,12
28/05/2008,12
29/05/2008,10
30/05/2008,10
31/05/2008,10
1/6/2008,8
2/6/2008,6
3/6/2008,6
4/6/2008,4
5/6/2008,4
6/6/2008,4
7/6/2008,4
8/6/2008,4
9/6/2008,4
10/6/2008,2
11/6/2008,6
12/6/2008,6
13/06/2008,8
14/06/2008,6
15/06/2008,6
16/06/2008,8
17/06/2008,10
18/06/2008,6
19/06/2008,8
20/06/2008,6
21/06/2008,6
22/06/2008,6
23/06/2008,4
24/06/2008,2
25/06/2008,2
26/06/2008,0
27/06/2008,0
28/06/2008,0
29/06/2008,0
30/06/2008,0
1/7/2008,0
2/7/2008,0
3/7/2008,2
4/7/2008,2
5/7/2008,2
6/7/2008,2
7/7/2008,2
8/7/2008,2
9/7/2008,2
10/7/2008,0
11/7/2008,0
12/7/2008,0
13/07/2008,0
14/07/2008,0
15/07/2008,0
16/07/2008,0
17/07/2008,0
18/07/2008,0
19/07/2008,0
20/07/2008,0
21/07/2008,0
22/07/2008,0
23/07/2008,0
24/07/2008,2
25/07/2008,2
26/07/2008,2
27/07/2008,4
28/07/2008,4
29/07/2008,6
30/07/2008,6
31/07/2008,6
1/8/2008,6
2/8/2008,6
3/8/2008,4
4/8/2008,4
5/8/2008,4
6/8/2008,4
7/8/2008,2
8/8/2008,2
9/8/2008,2
10/8/2008,2
11/8/2008,2
12/8/2008,0
13/08/2008,0
14/08/2008,0
15/08/2008,0
16/08/2008,0
17/08/2008,0
18/08/2008,0
19/08/2008,2
20/08/2008,2
21/08/2008,2
22/08/2008,2
23/08/2008,2
24/08/2008,2
25/08/2008,2
26/08/2008,0
27/08/2008,0
28/08/2008,0
29/08/2008,2
30/08/2008,4
31/08/2008,4
1/9/2008,4
2/9/2008,4
3/9/2008,4
4/9/2008,4
5/9/2008,2
6/9/2008,0
7/9/2008,0
8/9/2008,0
9/9/2008,0
10/9/2008,0
11/9/2008,0
12/9/2008,0
13/09/2008,0
14/09/2008,0
15/09/2008,0
16/09/2008,0
17/09/2008,0
18/09/2008,0
19/09/2008,0
20/09/2008,0
21/09/2008,0
22/09/2008,0
23/09/2008,0
24/09/2008,0
25/09/2008,0
26/09/2008,0
27/09/2008,0
28/09/2008,0
29/09/2008,0
30/09/2008,0
1/10/2008,0
2/10/2008,0
3/10/2008,0
4/10/2008,0
5/10/2008,0
6/10/2008,0
7/10/2008,0
8/10/2008,0
9/10/2008,0
10/10/2008,0
11/10/2008,0
12/10/2008,0
13/10/2008,0
14/10/2008,0
15/10/2008,0
16/10/2008,0
17/10/2008,0
18/10/2008,0
19/10/2008,0
20/10/2008,0
21/10/2008,0
22/10/2008,2
23/10/2008,2
24/10/2008,2
25/10/2008,2
26/10/2008,2
27/10/2008,2
28/10/2008,2
29/10/2008,0
30/10/2008,0
31/10/2008,0
1/11/2008,0
2/11/2008,0
3/11/2008,0
4/11/2008,0
5/11/2008,0
6/11/2008,0
7/11/2008,0
8/11/2008,0
9/11/2008,0
10/11/2008,0
11/11/2008,0
12/11/2008,0
13/11/2008,0
14/11/2008,0
15/11/2008,0
16/11/2008,0
17/11/2008,0
18/11/2008,0
19/11/2008,0
20/11/2008,0
21/11/2008,0
22/11/2008,0
23/11/2008,0
24/11/2008,0
25/11/2008,0
26/11/2008,0
27/11/2008,0
28/11/2008,0
29/11/2008,0
30/11/2008,0
1/12/2008,0
2/12/2008,0
3/12/2008,0
4/12/2008,0
5/12/2008,0
6/12/2008,0
7/12/2008,0
8/12/2008,0
9/12/2008,0
10/12/2008,0
11/12/2008,0
12/12/2008,0
13/12/2008,0
14/12/2008,0
15/12/2008,0
16/12/2008,0
17/12/2008,0
18/12/2008,0
19/12/2008,0
20/12/2008,0
21/12/2008,0
22/12/2008,0
23/12/2008,0
24/12/2008,0
25/12/2008,0
26/12/2008,0
27/12/2008,0
28/12/2008,0
29/12/2008,0
30/12/2008,0
31/12/2008,0
1/1/2009,0
2/1/2009,0
3/1/2009,0
4/1/2009,0
5/1/2009,0
6/1/2009,0
7/1/2009,0
8/1/2009,0
9/1/2009,0
10/1/2009,0
11/1/2009,0
12/1/2009,0
13/01/2009,0
14/01/2009,0
15/01/2009,0
16/01/2009,0
17/01/2009,1
18/01/2009,1
19/01/2009,1
20/01/2009,1
21/01/2009,1
22/01/2009,1
23/01/2009,1
24/01/2009,0
25/01/2009,0
26/01/2009,0
27/01/2009,1
28/01/2009,1
29/01/2009,3
30/01/2009,3
31/01/2009,3
1/2/2009,3
2/2/2009,3
3/2/2009,3
4/2/2009,4
5/2/2009,2
6/2/2009,2
7/2/2009,3
8/2/2009,3
9/2/2009,3
10/2/2009,2
11/2/2009,3
12/2/2009,5
13/02/2009,5
14/02/2009,7
15/02/2009,7
16/02/2009,7
17/02/2009,8
18/02/2009,6
19/02/2009,4
20/02/2009,4
21/02/2009,1
22/02/2009,1
23/02/2009,1
24/02/2009,0
25/02/2009,0
26/02/2009,0
27/02/2009,1
28/02/2009,2
1/3/2009,2
2/3/2009,2
3/3/2009,2
4/3/2009,2
5/3/2009,3
6/3/2009,3
7/3/2009,2
8/3/2009,3
9/3/2009,3
10/3/2009,3
11/3/2009,3
12/3/2009,2
13/03/2009,1
14/03/2009,2
15/03/2009,1
16/03/2009,1
17/03/2009,1
18/03/2009,2
19/03/2009,2
20/03/2009,2
21/03/2009,1
22/03/2009,1
23/03/2009,1
24/03/2009,1
25/03/2009,2
26/03/2009,2
27/03/2009,2
28/03/2009,2
29/03/2009,2
30/03/2009,2
31/03/2009,2
1/4/2009,0
2/4/2009,1
3/4/2009,1
4/4/2009,2
5/4/2009,2
6/4/2009,2
7/4/2009,3
8/4/2009,3
9/4/2009,2
10/4/2009,2
11/4/2009,1
12/4/2009,1
13/04/2009,1
14/04/2009,0
15/04/2009,0
16/04/2009,0
17/04/2009,0
18/04/2009,0
19/04/2009,0
20/04/2009,0
21/04/2009,0
22/04/2009,0
23/04/2009,0
24/04/2009,0
25/04/2009,0
26/04/2009,0
27/04/2009,0
28/04/2009,0
29/04/2009,0
30/04/2009,1
1/5/2009,2
2/5/2009,2
3/5/2009,2
4/5/2009,2
5/5/2009,2
6/5/2009,2
7/5/2009,1
8/5/2009,0
9/5/2009,0
10/5/2009,0
11/5/2009,0
12/5/2009,0
13/05/2009,1
14/05/2009,1
15/05/2009,1
16/05/2009,1
17/05/2009,1
18/05/2009,1
19/05/2009,1
20/05/2009,0
21/05/2009,0
22/05/2009,0
23/05/2009,0
24/05/2009,0
25/05/2009,0
26/05/2009,0
27/05/2009,0
28/05/2009,1
29/05/2009,1
30/05/2009,1
31/05/2009,1
1/6/2009,1
2/6/2009,1
3/6/2009,1
4/6/2009,0
5/6/2009,0
6/6/2009,1
7/6/2009,1
8/6/2009,1
9/6/2009,1
10/6/2009,2
11/6/2009,2
12/6/2009,2
13/06/2009,1
14/06/2009,1
15/06/2009,1
16/06/2009,2
17/06/2009,1
18/06/2009,1
19/06/2009,1
20/06/2009,1
21/06/2009,1
22/06/2009,1
23/06/2009,0
24/06/2009,0
25/06/2009,0
26/06/2009,0
27/06/2009,0
28/06/2009,0
29/06/2009,0
30/06/2009,0
1/7/2009,0
2/7/2009,0
3/7/2009,0
4/7/2009,0
5/7/2009,0
6/7/2009,0
7/7/2009,0
8/7/2009,0
9/7/2009,0
10/7/2009,0
11/7/2009,1
12/7/2009,1
13/07/2009,1
14/07/2009,1
15/07/2009,1
16/07/2009,1
17/07/2009,1
18/07/2009,0
19/07/2009,0
20/07/2009,0
21/07/2009,0
22/07/2009,0
23/07/2009,0
24/07/2009,0
25/07/2009,0
26/07/2009,0
27/07/2009,0
28/07/2009,0
29/07/2009,0
30/07/2009,0
31/07/2009,0
1/8/2009,0
2/8/2009,0
3/8/2009,0
4/8/2009,0
5/8/2009,0
6/8/2009,0
7/8/2009,0
8/8/2009,0
9/8/2009,0
10/8/2009,0
11/8/2009,0
12/8/2009,0
13/08/2009,0
14/08/2009,0
15/08/2009,0
16/08/2009,0
17/08/2009,0
18/08/2009,0
19/08/2009,0
20/08/2009,0
21/08/2009,0
22/08/2009,0
23/08/2009,0
24/08/2009,0
25/08/2009,0
26/08/2009,0
27/08/2009,0
28/08/2009,0
29/08/2009,0
30/08/2009,0
31/08/2009,0
1/9/2009,0
2/9/2009,0
3/9/2009,0
4/9/2009,0
5/9/2009,0
6/9/2009,0
7/9/2009,0
8/9/2009,0
9/9/2009,1
10/9/2009,2
11/9/2009,2
12/9/2009,2
13/09/2009,2
14/09/2009,2
15/09/2009,2
16/09/2009,1
17/09/2009,0
18/09/2009,0
19/09/2009,0
20/09/2009,0
21/09/2009,0
22/09/2009,0
23/09/2009,1
24/09/2009,1
25/09/2009,1
26/09/2009,1
27/09/2009,1
28/09/2009,1
29/09/2009,1
30/09/2009,0
1/10/2009,0
2/10/2009,0
3/10/2009,0
4/10/2009,0
5/10/2009,0
6/10/2009,0
7/10/2009,0
8/10/2009,0
9/10/2009,0
10/10/2009,0
11/10/2009,0
12/10/2009,0
13/10/2009,0
14/10/2009,0
15/10/2009,0
16/10/2009,0
17/10/2009,0
18/10/2009,0
19/10/2009,0
20/10/2009,0
21/10/2009,0
22/10/2009,0
23/10/2009,0
24/10/2009,0
25/10/2009,0
26/10/2009,0
27/10/2009,0
28/10/2009,0
29/10/2009,0
30/10/2009,0
31/10/2009,0
1/11/2009,0
2/11/2009,0
3/11/2009,0
4/11/2009,0
5/11/2009,0
6/11/2009,0
7/11/2009,0
8/11/2009,0
9/11/2009,0
10/11/2009,0
11/11/2009,0
12/11/2009,0
13/11/2009,0
14/11/2009,0
15/11/2009,0
16/11/2009,0
17/11/2009,0
18/11/2009,0
19/11/2009,0
20/11/2009,0
21/11/2009,0
22/11/2009,0
23/11/2009,0
24/11/2009,0
25/11/2009,0
26/11/2009,0
27/11/2009,0
28/11/2009,0
29/11/2009,0
30/11/2009,0
1/12/2009,0
2/12/2009,0
3/12/2009,0
4/12/2009,0
5/12/2009,0
6/12/2009,0
7/12/2009,0
8/12/2009,2
9/12/2009,2
10/12/2009,2
11/12/2009,2
12/12/2009,2
13/12/2009,2
14/12/2009,2
15/12/2009,0
16/12/2009,0
17/12/2009,0
18/12/2009,0
19/12/2009,0
20/12/2009,0
21/12/2009,0
22/12/2009,0
23/12/2009,0
24/12/2009,0
25/12/2009,0
26/12/2009,0
27/12/2009,0
28/12/2009,0
29/12/2009,0
30/12/2009,0
31/12/2009,0
1/1/2010,0
2/1/2010,0
3/1/2010,0
4/1/2010,0
5/1/2010,0
6/1/2010,0
7/1/2010,0
8/1/2010,0
9/1/2010,0
10/1/2010,0
11/1/2010,0
12/1/2010,0
13/01/2010,0
14/01/2010,0
15/01/2010,0
16/01/2010,0
17/01/2010,0
18/01/2010,0
19/01/2010,0
20/01/2010,0
21/01/2010,0
22/01/2010,0
23/01/2010,0
24/01/2010,0
25/01/2010,0
26/01/2010,0
27/01/2010,2
28/01/2010,2
29/01/2010,2
30/01/2010,2
31/01/2010,2
1/2/2010,2
2/2/2010,2
3/2/2010,0
4/2/2010,0
5/2/2010,0
6/2/2010,0
7/2/2010,0
8/2/2010,0
9/2/2010,0
10/2/2010,0
11/2/2010,0
12/2/2010,0
13/02/2010,0
14/02/2010,0
15/02/2010,0
16/02/2010,0
17/02/2010,0
18/02/2010,0
19/02/2010,0
20/02/2010,0
21/02/2010,0
22/02/2010,0
23/02/2010,0
24/02/2010,0
25/02/2010,0
26/02/2010,0
27/02/2010,0
28/02/2010,0
1/3/2010,0
2/3/2010,0
3/3/2010,0
4/3/2010,0
5/3/2010,0
6/3/2010,0
7/3/2010,0
8/3/2010,0
9/3/2010,0
10/3/2010,0
11/3/2010,0
12/3/2010,2
13/03/2010,2
14/03/2010,2
15/03/2010,2
16/03/2010,2
17/03/2010,2
18/03/2010,2
19/03/2010,0
20/03/2010,0
21/03/2010,0
22/03/2010,0
23/03/2010,0
24/03/2010,2
25/03/2010,2
26/03/2010,2
27/03/2010,2
28/03/2010,2
29/03/2010,2
30/03/2010,2
31/03/2010,0
1/4/2010,0
2/4/2010,0
3/4/2010,0
4/4/2010,2
5/4/2010,2
6/4/2010,2
7/4/2010,2
8/4/2010,2
9/4/2010,2
10/4/2010,2
11/4/2010,0
12/4/2010,0
13/04/2010,0
14/04/2010,0
15/04/2010,0
16/04/2010,0
17/04/2010,0
18/04/2010,0
19/04/2010,0
20/04/2010,0
21/04/2010,0
22/04/2010,0
23/04/2010,0
24/04/2010,0
25/04/2010,0
26/04/2010,0
27/04/2010,0
28/04/2010,0
29/04/2010,0
30/04/2010,0
1/5/2010,0
2/5/2010,0
3/5/2010,0
4/5/2010,0
5/5/2010,0
6/5/2010,0
7/5/2010,0
8/5/2010,0
9/5/2010,0
10/5/2010,0
11/5/2010,2
12/5/2010,2
13/05/2010,2
14/05/2010,2
15/05/2010,2
16/05/2010,2
17/05/2010,2
18/05/2010,0
19/05/2010,0
20/05/2010,0
21/05/2010,0
22/05/2010,0
23/05/2010,0
24/05/2010,0
25/05/2010,0
26/05/2010,0
27/05/2010,0
28/05/2010,0
29/05/2010,0
30/05/2010,0
31/05/2010,0
1/6/2010,0
2/6/2010,0
3/6/2010,0
4/6/2010,0
5/6/2010,0
6/6/2010,0
7/6/2010,0
8/6/2010,0
9/6/2010,0
10/6/2010,0
11/6/2010,0
12/6/2010,0
13/06/2010,0
14/06/2010,0
15/06/2010,0
16/06/2010,0
17/06/2010,0
18/06/2010,0
19/06/2010,0
20/06/2010,0
21/06/2010,0
22/06/2010,0
23/06/2010,0
24/06/2010,0
25/06/2010,0
26/06/2010,0
27/06/2010,0
28/06/2010,0
29/06/2010,0
30/06/2010,0
1/7/2010,0
2/7/2010,0
3/7/2010,0
4/7/2010,0
5/7/2010,0
6/7/2010,0
7/7/2010,0
8/7/2010,0
9/7/2010,0
10/7/2010,0
11/7/2010,0
12/7/2010,0
13/07/2010,0
14/07/2010,2
15/07/2010,2
16/07/2010,2
17/07/2010,3
18/07/2010,3
19/07/2010,3
20/07/2010,3
21/07/2010,1
22/07/2010,1
23/07/2010,1
24/07/2010,0
25/07/2010,0
26/07/2010,0
27/07/2010,0
28/07/2010,0
29/07/2010,0
30/07/2010,0
31/07/2010,0
1/8/2010,0
2/8/2010,0
3/8/2010,0
4/8/2010,0
5/8/2010,2
6/8/2010,2
7/8/2010,4
8/8/2010,6
9/8/2010,6
10/8/2010,6
11/8/2010,6
12/8/2010,4
13/08/2010,4
14/08/2010,2
15/08/2010,0
16/08/2010,0
17/08/2010,0
18/08/2010,0
19/08/2010,0
20/08/2010,0
21/08/2010,0
22/08/2010,0
23/08/2010,0
24/08/2010,0
25/08/2010,0
26/08/2010,0
27/08/2010,0
28/08/2010,0
29/08/2010,0
30/08/2010,2
31/08/2010,2
1/9/2010,2
2/9/2010,2
3/9/2010,2
4/9/2010,2
5/9/2010,6
6/9/2010,4
7/9/2010,4
8/9/2010,6
9/9/2010,8
10/9/2010,8
11/9/2010,12
12/9/2010,10
13/09/2010,10
14/09/2010,10
15/09/2010,10
16/09/2010,8
17/09/2010,8
18/09/2010,8
19/09/2010,6
20/09/2010,6
21/09/2010,6
22/09/2010,4
23/09/2010,4
24/09/2010,4
25/09/2010,0
26/09/2010,0
27/09/2010,4
28/09/2010,4
29/09/2010,6
30/09/2010,12
1/10/2010,12
2/10/2010,12
3/10/2010,16
4/10/2010,12
5/10/2010,14
6/10/2010,12
7/10/2010,6
8/10/2010,6
9/10/2010,6
10/10/2010,2
11/10/2010,2
12/10/2010,0
13/10/2010,2
14/10/2010,5
15/10/2010,7
16/10/2010,7
17/10/2010,7
18/10/2010,7
19/10/2010,7
20/10/2010,9
21/10/2010,6
22/10/2010,6
23/10/2010,9
24/10/2010,9
25/10/2010,11
26/10/2010,13
27/10/2010,9
28/10/2010,11
29/10/2010,11
30/10/2010,8
31/10/2010,10
1/11/2010,13
2/11/2010,12
3/11/2010,12
4/11/2010,10
5/11/2010,8
6/11/2010,8
7/11/2010,6
8/11/2010,1
9/11/2010,3
10/11/2010,3
11/11/2010,3
12/11/2010,3
13/11/2010,3
14/11/2010,3
15/11/2010,3
16/11/2010,0
17/11/2010,0
18/11/2010,0
19/11/2010,0
20/11/2010,2
21/11/2010,4
22/11/2010,4
23/11/2010,4
24/11/2010,4
25/11/2010,4
26/11/2010,4
27/11/2010,2
28/11/2010,0
29/11/2010,1
30/11/2010,11
1/12/2010,11
2/12/2010,13
3/12/2010,13
4/12/2010,13
5/12/2010,13
6/12/2010,14
7/12/2010,4
8/12/2010,4
9/12/2010,2
10/12/2010,4
11/12/2010,4
12/12/2010,6
13/12/2010,4
14/12/2010,4
15/12/2010,6
16/12/2010,6
17/12/2010,4
18/12/2010,4
19/12/2010,2
20/12/2010,2
21/12/2010,4
22/12/2010,2
23/12/2010,4
24/12/2010,4
25/12/2010,4
26/12/2010,6
27/12/2010,6
28/12/2010,6
29/12/2010,6
30/12/2010,6
31/12/2010,8
1/1/2011,8
2/1/2011,6
3/1/2011,6
4/1/2011,4
5/1/2011,5
6/1/2011,5
7/1/2011,4
8/1/2011,4
9/1/2011,4
10/1/2011,6
11/1/2011,8
12/1/2011,7
13/01/2011,5
14/01/2011,4
15/01/2011,4
16/01/2011,4
17/01/2011,2
18/01/2011,4
19/01/2011,6
20/01/2011,7
21/01/2011,7
22/01/2011,9
23/01/2011,9
24/01/2011,9
25/01/2011,7
26/01/2011,7
27/01/2011,7
28/01/2011,11
29/01/2011,9
30/01/2011,9
31/01/2011,9
1/2/2011,9
2/2/2011,7
3/2/2011,6
4/2/2011,10
5/2/2011,12
6/2/2011,14
7/2/2011,14
8/2/2011,17
9/2/2011,19
10/2/2011,22
11/2/2011,14
12/2/2011,12
13/02/2011,10
14/02/2011,10
15/02/2011,7
16/02/2011,8
17/02/2011,5
18/02/2011,7
19/02/2011,9
20/02/2011,9
21/02/2011,9
22/02/2011,9
23/02/2011,6
24/02/2011,6
25/02/2011,8
26/02/2011,6
27/02/2011,6
28/02/2011,6
1/3/2011,7
2/3/2011,9
3/3/2011,9
4/3/2011,7
5/3/2011,11
6/3/2011,11
7/3/2011,11
8/3/2011,9
9/3/2011,7
10/3/2011,9
11/3/2011,10
12/3/2011,9
13/03/2011,10
14/03/2011,10
15/03/2011,11
16/03/2011,12
17/03/2011,12
18/03/2011,9
19/03/2011,6
20/03/2011,6
21/03/2011,6
22/03/2011,5
23/03/2011,7
24/03/2011,6
25/03/2011,6
26/03/2011,7
27/03/2011,6
28/03/2011,6
29/03/2011,5
30/03/2011,2
31/03/2011,1
1/4/2011,1
2/4/2011,0
3/4/2011,1
4/4/2011,1
5/4/2011,1
6/4/2011,2
7/4/2011,2
8/4/2011,2
9/4/2011,2
10/4/2011,1
11/4/2011,1
12/4/2011,1
13/04/2011,0
14/04/2011,0
15/04/2011,0
16/04/2011,0
17/04/2011,0
18/04/2011,0
19/04/2011,0
20/04/2011,0
21/04/2011,0
22/04/2011,1
23/04/2011,1
24/04/2011,1
25/04/2011,1
26/04/2011,1
27/04/2011,1
28/04/2011,1
29/04/2011,0
30/04/2011,0
1/5/2011,0
2/5/2011,0
3/5/2011,0
4/5/2011,0
5/5/2011,0
6/5/2011,0
7/5/2011,0
8/5/2011,0
9/5/2011,0
10/5/2011,0
11/5/2011,0
12/5/2011,0
13/05/2011,0
14/05/2011,0
15/05/2011,0
16/05/2011,0
17/05/2011,0
18/05/2011,0
19/05/2011,0
20/05/2011,0
21/05/2011,0
22/05/2011,0
23/05/2011,0
24/05/2011,0
25/05/2011,0
26/05/2011,0
27/05/2011,0
28/05/2011,0
29/05/2011,0
30/05/2011,0
31/05/2011,0
1/6/2011,0
2/6/2011,0
3/6/2011,0
4/6/2011,0
5/6/2011,0
6/6/2011,0
7/6/2011,0
8/6/2011,0
9/6/2011,0
10/6/2011,0
11/6/2011,0
12/6/2011,0
13/06/2011,0
14/06/2011,0
15/06/2011,0
16/06/2011,0
17/06/2011,0
18/06/2011,0
19/06/2011,0
20/06/2011,0
21/06/2011,0
22/06/2011,0
23/06/2011,0
24/06/2011,0
25/06/2011,0
26/06/2011,0
27/06/2011,0
28/06/2011,0
29/06/2011,0
30/06/2011,0
1/7/2011,0
2/7/2011,0
3/7/2011,0
4/7/2011,0
5/7/2011,0
6/7/2011,0
7/7/2011,0
8/7/2011,0
9/7/2011,0
10/7/2011,0
11/7/2011,0
12/7/2011,0
13/07/2011,0
14/07/2011,0
15/07/2011,0
16/07/2011,0
17/07/2011,0
18/07/2011,0
19/07/2011,0
20/07/2011,0
21/07/2011,0
22/07/2011,0
23/07/2011,0
24/07/2011,0
25/07/2011,0
26/07/2011,0
27/07/2011,0
28/07/2011,0
29/07/2011,0
30/07/2011,0
31/07/2011,0
1/8/2011,0
2/8/2011,0
3/8/2011,0
4/8/2011,0
5/8/2011,0
6/8/2011,0
7/8/2011,0
8/8/2011,0
9/8/2011,0
10/8/2011,0
11/8/2011,0
12/8/2011,0
13/08/2011,0
14/08/2011,0
15/08/2011,0
16/08/2011,0
17/08/2011,0
18/08/2011,0
19/08/2011,0
20/08/2011,0
21/08/2011,0
22/08/2011,0
23/08/2011,0
24/08/2011,0
25/08/2011,0
26/08/2011,0
27/08/2011,0
28/08/2011,0
29/08/2011,0
30/08/2011,0
31/08/2011,0
1/9/2011,0
2/9/2011,0
3/9/2011,0
4/9/2011,0
5/9/2011,0
6/9/2011,0
7/9/2011,0
8/9/2011,0
9/9/2011,0
10/9/2011,0
11/9/2011,0
12/9/2011,0
13/09/2011,0
14/09/2011,0
15/09/2011,0
16/09/2011,0
17/09/2011,0
18/09/2011,0
19/09/2011,0
20/09/2011,0
21/09/2011,0
22/09/2011,0
23/09/2011,0
24/09/2011,0
25/09/2011,0
26/09/2011,0
27/09/2011,0
28/09/2011,0
29/09/2011,0
30/09/2011,0
1/10/2011,0
2/10/2011,0
3/10/2011,0
4/10/2011,0
5/10/2011,0
6/10/2011,0
7/10/2011,0
8/10/2011,0
9/10/2011,0
10/10/2011,0
11/10/2011,0
12/10/2011,0
13/10/2011,0
14/10/2011,0
15/10/2011,0
16/10/2011,0
17/10/2011,0
18/10/2011,0
19/10/2011,0
20/10/2011,0
21/10/2011,0
22/10/2011,0
23/10/2011,0
24/10/2011,0
25/10/2011,0
26/10/2011,0
27/10/2011,0
28/10/2011,0
29/10/2011,0
30/10/2011,0
31/10/2011,0
1/11/2011,0
2/11/2011,0
3/11/2011,0
4/11/2011,0
5/11/2011,0
6/11/2011,0
7/11/2011,0
8/11/2011,0
9/11/2011,0
10/11/2011,0
11/11/2011,0
12/11/2011,0
13/11/2011,0
14/11/2011,0
15/11/2011,0
16/11/2011,0
17/11/2011,0
18/11/2011,0
19/11/2011,0
20/11/2011,0
21/11/2011,0
22/11/2011,0
23/11/2011,0
24/11/2011,0
25/11/2011,0
26/11/2011,0
27/11/2011,0
28/11/2011,0
29/11/2011,0
30/11/2011,0
1/12/2011,0
2/12/2011,0
3/12/2011,0
4/12/2011,0
5/12/2011,0
6/12/2011,0
7/12/2011,0
8/12/2011,0
9/12/2011,0
10/12/2011,0
11/12/2011,0
12/12/2011,0
13/12/2011,0
14/12/2011,0
15/12/2011,0
16/12/2011,0
17/12/2011,0
18/12/2011,0
19/12/2011,0
20/12/2011,0
21/12/2011,0
22/12/2011,0
23/12/2011,0
24/12/2011,0
25/12/2011,0
26/12/2011,0
27/12/2011,0
28/12/2011,0
29/12/2011,0
30/12/2011,0
31/12/2011,0
1/1/2012,0
2/1/2012,0
3/1/2012,0
4/1/2012,1
5/1/2012,1
6/1/2012,1
7/1/2012,1
8/1/2012,1
9/1/2012,1
10/1/2012,1
11/1/2012,0
12/1/2012,0
13/01/2012,0
14/01/2012,0
15/01/2012,0
16/01/2012,0
17/01/2012,1
18/01/2012,1
19/01/2012,1
20/01/2012,1
21/01/2012,2
22/01/2012,2
23/01/2012,2
24/01/2012,1
25/01/2012,1
26/01/2012,1
27/01/2012,1
28/01/2012,0
29/01/2012,0
30/01/2012,0
31/01/2012,0
1/2/2012,0
2/2/2012,0
3/2/2012,0
4/2/2012,0
5/2/2012,0
6/2/2012,0
7/2/2012,0
8/2/2012,0
9/2/2012,0
10/2/2012,0
11/2/2012,0
12/2/2012,0
13/02/2012,0
14/02/2012,0
15/02/2012,0
16/02/2012,1
17/02/2012,1
18/02/2012,1
19/02/2012,1
20/02/2012,1
21/02/2012,1
22/02/2012,1
23/02/2012,0
24/02/2012,0
25/02/2012,0
26/02/2012,0
27/02/2012,0
28/02/2012,1
29/02/2012,1
1/3/2012,1
2/3/2012,2
3/3/2012,3
4/3/2012,3
5/3/2012,3
6/3/2012,3
7/3/2012,3
8/3/2012,3
9/3/2012,2
10/3/2012,1
11/3/2012,1
12/3/2012,1
13/03/2012,0
14/03/2012,0
15/03/2012,0
16/03/2012,0
17/03/2012,0
18/03/2012,0
19/03/2012,0
20/03/2012,0
21/03/2012,0
22/03/2012,0
23/03/2012,0
24/03/2012,0
25/03/2012,0
26/03/2012,0
27/03/2012,0
28/03/2012,0
29/03/2012,1
30/03/2012,1
31/03/2012,1
1/4/2012,1
2/4/2012,1
3/4/2012,1
4/4/2012,1
5/4/2012,0
6/4/2012,0
7/4/2012,0
8/4/2012,0
9/4/2012,0
10/4/2012,0
11/4/2012,0
12/4/2012,0
13/04/2012,0
14/04/2012,0
15/04/2012,0
16/04/2012,0
17/04/2012,0
18/04/2012,1
19/04/2012,1
20/04/2012,1
21/04/2012,2
22/04/2012,2
23/04/2012,2
24/04/2012,2
25/04/2012,1
26/04/2012,1
27/04/2012,1
28/04/2012,0
29/04/2012,1
30/04/2012,1
1/5/2012,2
2/5/2012,2
3/5/2012,4
4/5/2012,4
5/5/2012,4
6/5/2012,3
7/5/2012,3
8/5/2012,2
9/5/2012,2
10/5/2012,0
11/5/2012,0
12/5/2012,0
13/05/2012,0
14/05/2012,0
15/05/2012,1
16/05/2012,1
17/05/2012,1
18/05/2012,2
19/05/2012,2
20/05/2012,2
21/05/2012,2
22/05/2012,1
23/05/2012,1
24/05/2012,1
25/05/2012,0
26/05/2012,0
27/05/2012,0
28/05/2012,0
29/05/2012,0
30/05/2012,0
31/05/2012,0
1/6/2012,0
2/6/2012,1
3/6/2012,1
4/6/2012,1
5/6/2012,1
6/6/2012,1
7/6/2012,1
8/6/2012,1
9/6/2012,0
10/6/2012,0
11/6/2012,0
12/6/2012,1
13/06/2012,1
14/06/2012,1
15/06/2012,1
16/06/2012,1
17/06/2012,1
18/06/2012,1
19/06/2012,0
20/06/2012,0
21/06/2012,0
22/06/2012,0
23/06/2012,0
24/06/2012,0
25/06/2012,0
26/06/2012,0
27/06/2012,0
28/06/2012,0
29/06/2012,0
30/06/2012,0
1/7/2012,0
2/7/2012,0
3/7/2012,0
4/7/2012,0
5/7/2012,0
6/7/2012,0
7/7/2012,0
8/7/2012,0
9/7/2012,0
10/7/2012,0
11/7/2012,0
12/7/2012,0
13/07/2012,0
14/07/2012,0
15/07/2012,0
16/07/2012,0
17/07/2012,0
18/07/2012,0
19/07/2012,0
20/07/2012,1
21/07/2012,2
22/07/2012,2
23/07/2012,2
24/07/2012,2
25/07/2012,2
26/07/2012,3
27/07/2012,2
28/07/2012,1
29/07/2012,1
30/07/2012,1
31/07/2012,1
1/8/2012,1
2/8/2012,0
3/8/2012,0
4/8/2012,0
5/8/2012,0
6/8/2012,0
7/8/2012,0
8/8/2012,0
9/8/2012,0
10/8/2012,0
11/8/2012,0
12/8/2012,0
13/08/2012,0
14/08/2012,1
15/08/2012,1
16/08/2012,1
17/08/2012,1
18/08/2012,2
19/08/2012,2
20/08/2012,2
21/08/2012,1
22/08/2012,1
23/08/2012,1
24/08/2012,1
25/08/2012,0
26/08/2012,0
27/08/2012,0
28/08/2012,0
29/08/2012,0
30/08/2012,0
31/08/2012,0
1/9/2012,0
2/9/2012,0
3/9/2012,0
4/9/2012,0
5/9/2012,0
6/9/2012,0
7/9/2012,0
8/9/2012,0
9/9/2012,0
10/9/2012,0
11/9/2012,0
12/9/2012,0
13/09/2012,0
14/09/2012,0
15/09/2012,0
16/09/2012,0
17/09/2012,0
18/09/2012,0
19/09/2012,0
20/09/2012,0
21/09/2012,0
22/09/2012,0
23/09/2012,0
24/09/2012,0
25/09/2012,0
26/09/2012,0
27/09/2012,0
28/09/2012,0
29/09/2012,0
30/09/2012,0
1/10/2012,0
2/10/2012,0
3/10/2012,0
4/10/2012,0
5/10/2012,0
6/10/2012,0
7/10/2012,0
8/10/2012,0
9/10/2012,0
10/10/2012,0
11/10/2012,0
12/10/2012,0
13/10/2012,0
14/10/2012,0
15/10/2012,0
16/10/2012,0
17/10/2012,0
18/10/2012,0
19/10/2012,0
20/10/2012,0
21/10/2012,0
22/10/2012,0
23/10/2012,0
24/10/2012,0
25/10/2012,0
26/10/2012,0
27/10/2012,0
28/10/2012,0
29/10/2012,0
30/10/2012,0
31/10/2012,0
1/11/2012,0
2/11/2012,0
3/11/2012,0
4/11/2012,0
5/11/2012,0
6/11/2012,0
7/11/2012,0
8/11/2012,0
9/11/2012,1
10/11/2012,1
11/11/2012,1
12/11/2012,1
13/11/2012,1
14/11/2012,1
15/11/2012,1
16/11/2012,0
17/11/2012,0
18/11/2012,0
19/11/2012,0
20/11/2012,0
21/11/2012,0
22/11/2012,0
23/11/2012,0
24/11/2012,0
25/11/2012,0
26/11/2012,0
27/11/2012,0
28/11/2012,0
29/11/2012,0
30/11/2012,0
1/12/2012,0
2/12/2012,0
3/12/2012,0
4/12/2012,0
5/12/2012,0
6/12/2012,0
7/12/2012,0
8/12/2012,0
9/12/2012,0
10/12/2012,0
11/12/2012,0
12/12/2012,0
13/12/2012,0
14/12/2012,0
15/12/2012,0
16/12/2012,0
17/12/2012,0
18/12/2012,0
19/12/2012,0
20/12/2012,0
21/12/2012,0
22/12/2012,0
23/12/2012,0
24/12/2012,0
25/12/2012,0
26/12/2012,0
27/12/2012,0
28/12/2012,0
29/12/2012,0
30/12/2012,0
31/12/2012,0
1/1/2013,0
2/1/2013,0
3/1/2013,0
4/1/2013,0
5/1/2013,0
6/1/2013,0
7/1/2013,0
8/1/2013,0
9/1/2013,0
10/1/2013,0
11/1/2013,0
12/1/2013,0
13/01/2013,0
14/01/2013,0
15/01/2013,0
16/01/2013,0
17/01/2013,0
18/01/2013,0
19/01/2013,0
20/01/2013,0
21/01/2013,0
22/01/2013,0
23/01/2013,0
24/01/2013,0
25/01/2013,0
26/01/2013,0
27/01/2013,0
28/01/2013,0
29/01/2013,0
30/01/2013,0
31/01/2013,0
1/2/2013,0
2/2/2013,0
3/2/2013,0
4/2/2013,0
5/2/2013,0
6/2/2013,0
7/2/2013,0
8/2/2013,0
9/2/2013,0
10/2/2013,0
11/2/2013,0
12/2/2013,0
13/02/2013,0
14/02/2013,0
15/02/2013,0
16/02/2013,0
17/02/2013,0
18/02/2013,0
19/02/2013,0
20/02/2013,0
21/02/2013,0
22/02/2013,0
23/02/2013,0
24/02/2013,0
25/02/2013,0
26/02/2013,0
27/02/2013,0
28/02/2013,0
1/3/2013,0
2/3/2013,0
3/3/2013,0
4/3/2013,0
5/3/2013,0
6/3/2013,0
7/3/2013,0
8/3/2013,0
9/3/2013,0
10/3/2013,0
11/3/2013,0
12/3/2013,0
13/03/2013,0
14/03/2013,0
15/03/2013,0
16/03/2013,0
17/03/2013,0
18/03/2013,0
19/03/2013,0
20/03/2013,0
21/03/2013,0
22/03/2013,0
23/03/2013,0
24/03/2013,0
25/03/2013,0
26/03/2013,0
27/03/2013,1
28/03/2013,1
29/03/2013,1
30/03/2013,1
31/03/2013,1
1/4/2013,1
2/4/2013,1
3/4/2013,0
4/4/2013,1
5/4/2013,1
6/4/2013,1
7/4/2013,1
8/4/2013,1
9/4/2013,1
10/4/2013,1
11/4/2013,0
12/4/2013,0
13/04/2013,1
14/04/2013,1
15/04/2013,1
16/04/2013,1
17/04/2013,1
18/04/2013,1
19/04/2013,1
20/04/2013,0
21/04/2013,0
22/04/2013,0
23/04/2013,0
24/04/2013,0
25/04/2013,0
26/04/2013,1
27/04/2013,1
28/04/2013,1
29/04/2013,1
30/04/2013,1
1/5/2013,1
2/5/2013,1
3/5/2013,0
4/5/2013,0
5/5/2013,0
6/5/2013,0
7/5/2013,0
8/5/2013,0
9/5/2013,0
10/5/2013,0
11/5/2013,0
12/5/2013,0
13/05/2013,0
14/05/2013,0
15/05/2013,0
16/05/2013,0
17/05/2013,0
18/05/2013,0
19/05/2013,0
20/05/2013,0
21/05/2013,0
22/05/2013,0
23/05/2013,0
24/05/2013,0
25/05/2013,0
26/05/2013,0
27/05/2013,0
28/05/2013,0
29/05/2013,0
30/05/2013,0
31/05/2013,0
1/6/2013,0
2/6/2013,0
3/6/2013,0
4/6/2013,0
5/6/2013,0
6/6/2013,0
7/6/2013,0
8/6/2013,0
9/6/2013,0
10/6/2013,0
11/6/2013,0
12/6/2013,0
13/06/2013,0
14/06/2013,0
15/06/2013,0
16/06/2013,0
17/06/2013,0
18/06/2013,0
19/06/2013,0
20/06/2013,0
21/06/2013,0
22/06/2013,0
23/06/2013,0
24/06/2013,0
25/06/2013,0
26/06/2013,0
27/06/2013,0
28/06/2013,1
29/06/2013,1
30/06/2013,1
1/7/2013,1
2/7/2013,1
3/7/2013,1
4/7/2013,1
5/7/2013,0
6/7/2013,0
7/7/2013,0
8/7/2013,0
9/7/2013,0
10/7/2013,0
11/7/2013,0
12/7/2013,0
13/07/2013,0
14/07/2013,0
15/07/2013,0
16/07/2013,0
17/07/2013,0
18/07/2013,0
19/07/2013,0
20/07/2013,0
21/07/2013,0
22/07/2013,0
23/07/2013,0
24/07/2013,0
25/07/2013,0
26/07/2013,1
27/07/2013,2
28/07/2013,2
29/07/2013,2
30/07/2013,3
31/07/2013,3
1/8/2013,3
2/8/2013,2
3/8/2013,1
4/8/2013,1
5/8/2013,1
6/8/2013,1
7/8/2013,2
8/8/2013,3
9/8/2013,4
10/8/2013,4
11/8/2013,4
12/8/2013,4
13/08/2013,3
14/08/2013,2
15/08/2013,2
16/08/2013,1
17/08/2013,1
18/08/2013,1
19/08/2013,1
20/08/2013,1
21/08/2013,2
22/08/2013,1
23/08/2013,1
24/08/2013,1
25/08/2013,1
26/08/2013,1
27/08/2013,1
28/08/2013,0
29/08/2013,0
30/08/2013,0
31/08/2013,0
1/9/2013,0
2/9/2013,0
3/9/2013,0
4/9/2013,0
5/9/2013,0
6/9/2013,1
7/9/2013,1
8/9/2013,1
9/9/2013,1
10/9/2013,1
11/9/2013,1
12/9/2013,1
13/09/2013,0
14/09/2013,0
15/09/2013,0
16/09/2013,0
17/09/2013,0
18/09/2013,0
19/09/2013,0
20/09/2013,1
21/09/2013,1
22/09/2013,1
23/09/2013,1
24/09/2013,1
25/09/2013,1
26/09/2013,1
27/09/2013,0
28/09/2013,0
29/09/2013,0
30/09/2013,0
1/10/2013,0
2/10/2013,0
3/10/2013,0
4/10/2013,0
5/10/2013,0
6/10/2013,0
7/10/2013,0
8/10/2013,0
9/10/2013,1
10/10/2013,1
11/10/2013,1
12/10/2013,1
13/10/2013,1
14/10/2013,1
15/10/2013,1
16/10/2013,0
17/10/2013,1
18/10/2013,1
19/10/2013,1
20/10/2013,1
21/10/2013,1
22/10/2013,1
23/10/2013,1
24/10/2013,0
25/10/2013,0
26/10/2013,0
27/10/2013,0
28/10/2013,0
29/10/2013,0
30/10/2013,0
31/10/2013,0
1/11/2013,0
2/11/2013,0
3/11/2013,0
4/11/2013,0
5/11/2013,0
6/11/2013,0
7/11/2013,0
8/11/2013,0
9/11/2013,0
10/11/2013,0
11/11/2013,0
12/11/2013,0
13/11/2013,0
14/11/2013,0
15/11/2013,0
16/11/2013,0
17/11/2013,0
18/11/2013,0
19/11/2013,0
20/11/2013,0
21/11/2013,0
22/11/2013,0
23/11/2013,0
24/11/2013,0
25/11/2013,0
26/11/2013,0
27/11/2013,0
28/11/2013,0
29/11/2013,0
30/11/2013,0
1/12/2013,0
2/12/2013,0
3/12/2013,0
4/12/2013,0
5/12/2013,0
6/12/2013,0
7/12/2013,0
8/12/2013,0
9/12/2013,0
10/12/2013,0
11/12/2013,0
12/12/2013,0
13/12/2013,0
14/12/2013,0
15/12/2013,0
16/12/2013,0
17/12/2013,0
18/12/2013,0
19/12/2013,0
20/12/2013,0
21/12/2013,0
22/12/2013,0
23/12/2013,0
24/12/2013,0
25/12/2013,0
26/12/2013,0
27/12/2013,0
28/12/2013,0
29/12/2013,0
30/12/2013,0
31/12/2013,0
1/1/2014,0
2/1/2014,0
3/1/2014,0
4/1/2014,0
5/1/2014,0
6/1/2014,0
7/1/2014,0
8/1/2014,0
9/1/2014,0
10/1/2014,0
11/1/2014,0
12/1/2014,0
13/01/2014,0
14/01/2014,0
15/01/2014,0
16/01/2014,0
17/01/2014,0
18/01/2014,0
19/01/2014,0
20/01/2014,0
21/01/2014,0
22/01/2014,0
23/01/2014,0
24/01/2014,0
25/01/2014,0
26/01/2014,0
27/01/2014,0
28/01/2014,0
29/01/2014,0
30/01/2014,0
31/01/2014,0
1/2/2014,0
2/2/2014,0
3/2/2014,0
4/2/2014,0
5/2/2014,0
6/2/2014,0
7/2/2014,0
8/2/2014,0
9/2/2014,0
10/2/2014,0
11/2/2014,0
12/2/2014,0
13/02/2014,0
14/02/2014,0
15/02/2014,0
16/02/2014,0
17/02/2014,0
18/02/2014,0
19/02/2014,0
20/02/2014,0
21/02/2014,0
22/02/2014,0
23/02/2014,0
24/02/2014,0
25/02/2014,0
26/02/2014,1
27/02/2014,1
28/02/2014,1
1/3/2014,1
2/3/2014,1
3/3/2014,1
4/3/2014,1
5/3/2014,0
6/3/2014,0
7/3/2014,0
8/3/2014,0
9/3/2014,0
10/3/2014,0
11/3/2014,1
12/3/2014,1
13/03/2014,1
14/03/2014,1
15/03/2014,2
16/03/2014,2
17/03/2014,2
18/03/2014,2
19/03/2014,2
20/03/2014,2
21/03/2014,2
22/03/2014,1
23/03/2014,1
24/03/2014,1
25/03/2014,0
26/03/2014,0
27/03/2014,0
28/03/2014,0
29/03/2014,0
30/03/2014,0
31/03/2014,0
1/4/2014,0
2/4/2014,0
3/4/2014,1
4/4/2014,1
5/4/2014,1
6/4/2014,1
7/4/2014,1
8/4/2014,1
9/4/2014,1
10/4/2014,0
11/4/2014,0
12/4/2014,0
13/04/2014,0
14/04/2014,1
15/04/2014,1
16/04/2014,1
17/04/2014,1
18/04/2014,1
19/04/2014,1
20/04/2014,1
21/04/2014,0
22/04/2014,0
23/04/2014,1
24/04/2014,1
25/04/2014,1
26/04/2014,1
27/04/2014,1
28/04/2014,1
29/04/2014,1
30/04/2014,3
1/5/2014,3
2/5/2014,3
3/5/2014,4
4/5/2014,4
5/5/2014,4
6/5/2014,6
7/5/2014,3
8/5/2014,4
9/5/2014,4
10/5/2014,4
11/5/2014,4
12/5/2014,4
13/05/2014,2
14/05/2014,4
15/05/2014,3
16/05/2014,3
17/05/2014,4
18/05/2014,4
19/05/2014,4
20/05/2014,6
21/05/2014,5
22/05/2014,5
23/05/2014,6
24/05/2014,5
25/05/2014,5
26/05/2014,6
27/05/2014,6
28/05/2014,6
29/05/2014,6
30/05/2014,7
31/05/2014,8
1/6/2014,8
2/6/2014,7
3/6/2014,10
4/6/2014,15
5/6/2014,17
6/6/2014,16
7/6/2014,17
8/6/2014,17
9/6/2014,18
10/6/2014,17
11/6/2014,14
12/6/2014,20
13/06/2014,22
14/06/2014,23
15/06/2014,24
16/06/2014,23
17/06/2014,23
18/06/2014,27
19/06/2014,22
20/06/2014,19
21/06/2014,26
22/06/2014,25
23/06/2014,25
24/06/2014,29
25/06/2014,28
26/06/2014,37
27/06/2014,41
28/06/2014,42
29/06/2014,43
30/06/2014,43
1/7/2014,45
2/7/2014,54
3/7/2014,54
4/7/2014,59
5/7/2014,55
6/7/2014,55
7/7/2014,57
8/7/2014,60
9/7/2014,54
10/7/2014,50
11/7/2014,49
12/7/2014,59
13/07/2014,58
14/07/2014,56
15/07/2014,59
16/07/2014,59
17/07/2014,57
18/07/2014,58
19/07/2014,53
20/07/2014,53
21/07/2014,54
22/07/2014,51
23/07/2014,54
24/07/2014,59
25/07/2014,54
26/07/2014,45
27/07/2014,48
28/07/2014,50
29/07/2014,43
30/07/2014,37
31/07/2014,29
1/8/2014,30
2/8/2014,30
3/8/2014,28
4/8/2014,26
5/8/2014,23
6/8/2014,24
7/8/2014,23
8/8/2014,19
9/8/2014,15
10/8/2014,14
11/8/2014,13
12/8/2014,13
13/08/2014,8
14/08/2014,9
15/08/2014,9
16/08/2014,12
17/08/2014,12
18/08/2014,12
19/08/2014,14
20/08/2014,12
21/08/2014,11
22/08/2014,10
23/08/2014,8
24/08/2014,10
25/08/2014,10
26/08/2014,5
27/08/2014,6
28/08/2014,5
29/08/2014,5
30/08/2014,7
31/08/2014,5
1/9/2014,5
2/9/2014,5
3/9/2014,4
4/9/2014,3
5/9/2014,4
6/9/2014,3
7/9/2014,3
8/9/2014,3
9/9/2014,3
10/9/2014,4
11/9/2014,5
12/9/2014,5
13/09/2014,5
14/09/2014,5
15/09/2014,5
16/09/2014,5
17/09/2014,5
18/09/2014,4
19/09/2014,4
20/09/2014,2
21/09/2014,4
22/09/2014,4
23/09/2014,5
24/09/2014,4
25/09/2014,4
26/09/2014,3
27/09/2014,3
28/09/2014,2
29/09/2014,2
30/09/2014,1
1/10/2014,1
2/10/2014,1
3/10/2014,1
4/10/2014,1
5/10/2014,0
6/10/2014,0
7/10/2014,1
8/10/2014,1
9/10/2014,1
10/10/2014,1
11/10/2014,1
12/10/2014,1
13/10/2014,1
14/10/2014,0
15/10/2014,0
16/10/2014,0
17/10/2014,0
18/10/2014,0
19/10/2014,2
20/10/2014,2
21/10/2014,2
22/10/2014,2
23/10/2014,2
24/10/2014,2
25/10/2014,2
26/10/2014,0
27/10/2014,0
28/10/2014,0
29/10/2014,0
30/10/2014,0
31/10/2014,0
1/11/2014,0
2/11/2014,0
3/11/2014,0
4/11/2014,0
5/11/2014,0
6/11/2014,0
7/11/2014,0
8/11/2014,0
9/11/2014,0
10/11/2014,0
11/11/2014,0
12/11/2014,0
13/11/2014,0
14/11/2014,1
15/11/2014,1
16/11/2014,1
17/11/2014,1
18/11/2014,1
19/11/2014,1
20/11/2014,1
21/11/2014,1
22/11/2014,1
23/11/2014,1
24/11/2014,1
25/11/2014,1
26/11/2014,2
27/11/2014,2
28/11/2014,1
29/11/2014,2
30/11/2014,2
1/12/2014,2
2/12/2014,2
3/12/2014,1
4/12/2014,2
5/12/2014,3
6/12/2014,2
7/12/2014,2
8/12/2014,2
9/12/2014,2
10/12/2014,3
11/12/2014,2
12/12/2014,1
13/12/2014,1
14/12/2014,1
15/12/2014,1
16/12/2014,1
17/12/2014,0
18/12/2014,0
19/12/2014,0
20/12/2014,0
21/12/2014,0
22/12/2014,0
23/12/2014,0
24/12/2014,1
25/12/2014,1
26/12/2014,1
27/12/2014,1
28/12/2014,1
29/12/2014,1
30/12/2014,1
31/12/2014,0
1/1/2015,0
2/1/2015,0
3/1/2015,0
4/1/2015,0
5/1/2015,0
6/1/2015,0
7/1/2015,0
8/1/2015,0
9/1/2015,1
10/1/2015,1
11/1/2015,1
12/1/2015,1
13/01/2015,1
14/01/2015,3
15/01/2015,3
16/01/2015,2
17/01/2015,2
18/01/2015,2
19/01/2015,2
20/01/2015,2
21/01/2015,0
22/01/2015,1
23/01/2015,1
24/01/2015,1
25/01/2015,1
26/01/2015,1
27/01/2015,1
28/01/2015,2
29/01/2015,1
30/01/2015,1
31/01/2015,1
1/2/2015,1
2/2/2015,1
3/2/2015,2
4/2/2015,2
5/2/2015,2
6/2/2015,2
7/2/2015,2
8/2/2015,2
9/2/2015,2
10/2/2015,1
11/2/2015,1
12/2/2015,1
13/02/2015,1
14/02/2015,1
15/02/2015,1
16/02/2015,1
17/02/2015,1
18/02/2015,0
19/02/2015,0
20/02/2015,0
21/02/2015,1
22/02/2015,1
23/02/2015,1
24/02/2015,1
25/02/2015,1
26/02/2015,1
27/02/2015,1
28/02/2015,0
1/3/2015,0
2/3/2015,0
3/3/2015,1
4/3/2015,2
5/3/2015,2
6/3/2015,2
7/3/2015,2
8/3/2015,2
9/3/2015,2
10/3/2015,1
11/3/2015,0
12/3/2015,0
13/03/2015,0
14/03/2015,0
15/03/2015,1
16/03/2015,1
17/03/2015,1
18/03/2015,1
19/03/2015,1
20/03/2015,1
21/03/2015,1
22/03/2015,0
23/03/2015,0
24/03/2015,0
25/03/2015,1
26/03/2015,1
27/03/2015,1
28/03/2015,1
29/03/2015,2
30/03/2015,2
31/03/2015,4
1/4/2015,3
2/4/2015,4
3/4/2015,4
4/4/2015,4
5/4/2015,3
6/4/2015,3
7/4/2015,1
8/4/2015,1
9/4/2015,0
10/4/2015,0
11/4/2015,0
12/4/2015,0
13/04/2015,0
14/04/2015,0
15/04/2015,0
16/04/2015,0
17/04/2015,0
18/04/2015,0
19/04/2015,0
20/04/2015,0
21/04/2015,1
22/04/2015,1
23/04/2015,2
24/04/2015,2
25/04/2015,4
26/04/2015,4
27/04/2015,4
28/04/2015,4
29/04/2015,4
30/04/2015,4
1/5/2015,4
2/5/2015,2
3/5/2015,2
4/5/2015,2
5/5/2015,1
6/5/2015,2
7/5/2015,2
8/5/2015,2
9/5/2015,2
10/5/2015,3
11/5/2015,3
12/5/2015,3
13/05/2015,3
14/05/2015,2
15/05/2015,3
16/05/2015,4
17/05/2015,6
18/05/2015,6
19/05/2015,7
20/05/2015,6
21/05/2015,8
22/05/2015,8
23/05/2015,7
24/05/2015,4
25/05/2015,6
26/05/2015,6
27/05/2015,9
28/05/2015,8
29/05/2015,7
30/05/2015,12
31/05/2015,12
1/6/2015,11
2/6/2015,13
3/6/2015,12
4/6/2015,12
5/6/2015,12
6/6/2015,9
7/6/2015,9
8/6/2015,8
9/6/2015,7
10/6/2015,6
11/6/2015,6
12/6/2015,12
13/06/2015,13
14/06/2015,13
15/06/2015,13
16/06/2015,13
17/06/2015,15
18/06/2015,15
19/06/2015,11
20/06/2015,9
21/06/2015,10
22/06/2015,10
23/06/2015,9
24/06/2015,7
25/06/2015,8
26/06/2015,10
27/06/2015,10
28/06/2015,9
29/06/2015,9
30/06/2015,9
1/7/2015,12
2/7/2015,11
3/7/2015,7
4/7/2015,6
5/7/2015,6
6/7/2015,6
7/7/2015,5
8/7/2015,1
9/7/2015,0
10/7/2015,0
11/7/2015,0
12/7/2015,0
13/07/2015,0
14/07/2015,0
15/07/2015,0
16/07/2015,0
17/07/2015,0
18/07/2015,0
19/07/2015,0
20/07/2015,0
21/07/2015,0
22/07/2015,0
23/07/2015,0
24/07/2015,0
25/07/2015,0
26/07/2015,0
27/07/2015,0
28/07/2015,0
29/07/2015,0
30/07/2015,0
31/07/2015,0
1/8/2015,0
2/8/2015,0
3/8/2015,0
4/8/2015,0
5/8/2015,0
6/8/2015,0
7/8/2015,0
8/8/2015,0
9/8/2015,0
10/8/2015,0
11/8/2015,0
12/8/2015,0
13/08/2015,0
14/08/2015,0
15/08/2015,0
16/08/2015,0
17/08/2015,0
18/08/2015,0
19/08/2015,0
20/08/2015,0
21/08/2015,0
22/08/2015,0
23/08/2015,0
24/08/2015,0
25/08/2015,0
26/08/2015,0
27/08/2015,0
28/08/2015,0
29/08/2015,0
30/08/2015,0
31/08/2015,0
1/9/2015,0
2/9/2015,0
3/9/2015,0
4/9/2015,0
5/9/2015,0
6/9/2015,0
7/9/2015,0
8/9/2015,0
9/9/2015,0
10/9/2015,0
11/9/2015,0
12/9/2015,0
13/09/2015,0
14/09/2015,0
15/09/2015,0
16/09/2015,0
17/09/2015,0
18/09/2015,0
19/09/2015,0
20/09/2015,0
21/09/2015,0
22/09/2015,0
23/09/2015,0
24/09/2015,0
25/09/2015,0
26/09/2015,0
27/09/2015,0
28/09/2015,0
29/09/2015,0
30/09/2015,0
1/10/2015,0
2/10/2015,0
3/10/2015,0
4/10/2015,0
5/10/2015,0
6/10/2015,0
7/10/2015,0
8/10/2015,0
9/10/2015,0
10/10/2015,0
11/10/2015,0
12/10/2015,0
13/10/2015,0
14/10/2015,0
15/10/2015,0
16/10/2015,0
17/10/2015,0
18/10/2015,0
19/10/2015,0
20/10/2015,0
21/10/2015,0
22/10/2015,0
23/10/2015,0
24/10/2015,0
25/10/2015,0
26/10/2015,0
27/10/2015,0
28/10/2015,0
29/10/2015,0
30/10/2015,0
31/10/2015,0
1/11/2015,0
2/11/2015,0
3/11/2015,0
4/11/2015,0
5/11/2015,0
6/11/2015,0
7/11/2015,0
8/11/2015,0
9/11/2015,0
10/11/2015,0
11/11/2015,0
12/11/2015,0
13/11/2015,0
14/11/2015,0
15/11/2015,0
16/11/2015,0
17/11/2015,0
18/11/2015,0
19/11/2015,0
20/11/2015,0
21/11/2015,0
22/11/2015,0
23/11/2015,0
24/11/2015,0
25/11/2015,0
26/11/2015,0
27/11/2015,0
28/11/2015,0
29/11/2015,0
30/11/2015,0
1/12/2015,0
2/12/2015,0
3/12/2015,0
4/12/2015,0
5/12/2015,0
6/12/2015,0
7/12/2015,0
8/12/2015,0
9/12/2015,0
10/12/2015,0
11/12/2015,0
12/12/2015,0
13/12/2015,0
14/12/2015,0
15/12/2015,0
16/12/2015,0
17/12/2015,0
18/12/2015,0
19/12/2015,0
20/12/2015,0
21/12/2015,0
22/12/2015,0
23/12/2015,0
24/12/2015,0
25/12/2015,0
26/12/2015,0
27/12/2015,0
28/12/2015,0
29/12/2015,0
30/12/2015,0
31/12/2015,0
1/1/2016,0
2/1/2016,0
3/1/2016,1
4/1/2016,1
5/1/2016,3
6/1/2016,5
7/1/2016,5
8/1/2016,5
9/1/2016,6
10/1/2016,5
11/1/2016,6
12/1/2016,4
13/01/2016,2
14/01/2016,2
15/01/2016,2
16/01/2016,3
17/01/2016,3
18/01/2016,2
19/01/2016,3
20/01/2016,3
21/01/2016,4
22/01/2016,5
23/01/2016,4
24/01/2016,5
25/01/2016,5
26/01/2016,5
27/01/2016,7
28/01/2016,9
29/01/2016,8
30/01/2016,8
31/01/2016,8
1/2/2016,8
2/2/2016,8
3/2/2016,6
4/2/2016,4
5/2/2016,5
6/2/2016,5
7/2/2016,4
8/2/2016,4
9/2/2016,3
10/2/2016,3
11/2/2016,2
12/2/2016,5
13/02/2016,4
14/02/2016,6
15/02/2016,6
16/02/2016,8
17/02/2016,11
18/02/2016,16
19/02/2016,14
20/02/2016,16
21/02/2016,14
22/02/2016,15
23/02/2016,14
24/02/2016,14
25/02/2016,12
26/02/2016,13
27/02/2016,13
28/02/2016,13
29/02/2016,14
1/3/2016,14
2/3/2016,11
3/3/2016,9
4/3/2016,7
5/3/2016,5
6/3/2016,5
7/3/2016,4
8/3/2016,6
9/3/2016,7
10/3/2016,7
11/3/2016,7
12/3/2016,8
13/03/2016,9
14/03/2016,8
15/03/2016,7
16/03/2016,6
17/03/2016,7
18/03/2016,8
19/03/2016,10
20/03/2016,12
21/03/2016,14
22/03/2016,16
23/03/2016,19
24/03/2016,20
25/03/2016,19
26/03/2016,16
27/03/2016,15
28/03/2016,15
29/03/2016,16
30/03/2016,15
31/03/2016,13
1/4/2016,17
2/4/2016,25
3/4/2016,23
4/4/2016,24
5/4/2016,29
6/4/2016,42
7/4/2016,47
8/4/2016,48
9/4/2016,49
10/4/2016,49
11/4/2016,48
12/4/2016,45
13/04/2016,34
14/04/2016,35
15/04/2016,40
16/04/2016,41
17/04/2016,43
18/04/2016,45
19/04/2016,51
20/04/2016,58
21/04/2016,54
22/04/2016,45
23/04/2016,37
24/04/2016,35
25/04/2016,32
26/04/2016,30
27/04/2016,24
28/04/2016,23
29/04/2016,26
30/04/2016,29
1/5/2016,30
2/5/2016,31
3/5/2016,31
4/5/2016,32
5/5/2016,36
6/5/2016,38
7/5/2016,41
8/5/2016,43
9/5/2016,43
10/5/2016,43
11/5/2016,48
12/5/2016,54
13/05/2016,53
14/05/2016,54
15/05/2016,53
16/05/2016,53
17/05/2016,48
18/05/2016,39
19/05/2016,33
20/05/2016,32
21/05/2016,29
22/05/2016,29
23/05/2016,33
24/05/2016,36
25/05/2016,38
26/05/2016,36
27/05/2016,31
28/05/2016,30
29/05/2016,28
30/05/2016,22
31/05/2016,23
1/6/2016,23
2/6/2016,27
3/6/2016,31
4/6/2016,34
5/6/2016,35
6/6/2016,36
7/6/2016,47
8/6/2016,56
9/6/2016,58
10/6/2016,58
11/6/2016,54
12/6/2016,53
13/06/2016,55
14/06/2016,41
15/06/2016,32
16/06/2016,25
17/06/2016,25
18/06/2016,30
19/06/2016,30
20/06/2016,29
21/06/2016,30
22/06/2016,33
23/06/2016,38
24/06/2016,38
25/06/2016,37
26/06/2016,40
27/06/2016,38
28/06/2016,36
29/06/2016,33
30/06/2016,27
1/7/2016,28
2/7/2016,25
3/7/2016,24
4/7/2016,24
5/7/2016,24
6/7/2016,21
7/7/2016,27
8/7/2016,25
9/7/2016,23
10/7/2016,22
11/7/2016,24
12/7/2016,26
13/07/2016,26
14/07/2016,21
15/07/2016,20
16/07/2016,20
17/07/2016,19
18/07/2016,17
19/07/2016,17
20/07/2016,17
21/07/2016,17
22/07/2016,16
23/07/2016,14
24/07/2016,14
25/07/2016,14
26/07/2016,9
27/07/2016,9
28/07/2016,8
29/07/2016,10
30/07/2016,11
31/07/2016,11
1/8/2016,11
2/8/2016,9
3/8/2016,8
4/8/2016,6
5/8/2016,4
6/8/2016,2
7/8/2016,2
8/8/2016,3
9/8/2016,3
10/8/2016,3
11/8/2016,5
12/8/2016,4
13/08/2016,4
14/08/2016,4
15/08/2016,3
16/08/2016,3
17/08/2016,5
18/08/2016,3
19/08/2016,3
20/08/2016,4
21/08/2016,4
22/08/2016,4
23/08/2016,4
24/08/2016,4
25/08/2016,4
26/08/2016,5
27/08/2016,4
28/08/2016,4
29/08/2016,4
30/08/2016,3
31/08/2016,3
1/9/2016,4
2/9/2016,3
3/9/2016,3
4/9/2016,3
5/9/2016,3
6/9/2016,4
7/9/2016,2
8/9/2016,1
9/9/2016,1
10/9/2016,1
11/9/2016,1
12/9/2016,1
13/09/2016,0
14/09/2016,0
15/09/2016,0
16/09/2016,0
17/09/2016,0
18/09/2016,0
19/09/2016,0
20/09/2016,2
21/09/2016,2
22/09/2016,2
23/09/2016,2
24/09/2016,2
25/09/2016,2
26/09/2016,2
27/09/2016,0
28/09/2016,0
29/09/2016,0
30/09/2016,0
1/10/2016,1
2/10/2016,1
3/10/2016,1
4/10/2016,1
5/10/2016,1
6/10/2016,1
7/10/2016,2
8/10/2016,1
9/10/2016,1
10/10/2016,1
11/10/2016,1
12/10/2016,1
13/10/2016,2
14/10/2016,1
15/10/2016,1
16/10/2016,1
17/10/2016,1
18/10/2016,3
19/10/2016,3
20/10/2016,4
21/10/2016,4
22/10/2016,4
23/10/2016,4
24/10/2016,4
25/10/2016,2
26/10/2016,2
27/10/2016,0
28/10/2016,0
29/10/2016,1
30/10/2016,1
31/10/2016,2
1/11/2016,3
2/11/2016,3
3/11/2016,3
4/11/2016,3
5/11/2016,2
6/11/2016,2
7/11/2016,1
8/11/2016,0
9/11/2016,0
10/11/2016,0
11/11/2016,1
12/11/2016,1
13/11/2016,1
14/11/2016,1
15/11/2016,2
16/11/2016,2
17/11/2016,2
18/11/2016,1
19/11/2016,3
20/11/2016,3
21/11/2016,3
22/11/2016,2
23/11/2016,3
24/11/2016,4
25/11/2016,4
26/11/2016,3
27/11/2016,3
28/11/2016,3
29/11/2016,3
30/11/2016,2
1/12/2016,1
2/12/2016,1
3/12/2016,0
4/12/2016,0
5/12/2016,0
6/12/2016,0
7/12/2016,1
8/12/2016,1
9/12/2016,1
10/12/2016,1
11/12/2016,1
12/12/2016,2
13/12/2016,2
14/12/2016,1
15/12/2016,1
16/12/2016,1
17/12/2016,1
18/12/2016,1
19/12/2016,0
20/12/2016,0
21/12/2016,0
22/12/2016,0
23/12/2016,0
24/12/2016,1
25/12/2016,2
26/12/2016,2
27/12/2016,3
28/12/2016,4
29/12/2016,4
30/12/2016,5
31/12/2016,4
1/1/2017,3
2/1/2017,3
3/1/2017,2
4/1/2017,1
5/1/2017,1
6/1/2017,0
7/1/2017,0
8/1/2017,0
9/1/2017,0
10/1/2017,0
11/1/2017,0
12/1/2017,0
13/01/2017,0
14/01/2017,0
15/01/2017,0
16/01/2017,0
17/01/2017,0
18/01/2017,0
19/01/2017,0
20/01/2017,0
21/01/2017,0
22/01/2017,0
23/01/2017,0
24/01/2017,0
25/01/2017,0
26/01/2017,0
27/01/2017,0
28/01/2017,0
29/01/2017,0
30/01/2017,0
31/01/2017,0
1/2/2017,0
2/2/2017,0
3/2/2017,0
4/2/2017,0
5/2/2017,0
6/2/2017,0
7/2/2017,0
8/2/2017,0
9/2/2017,0
10/2/2017,0
11/2/2017,0
12/2/2017,0
13/02/2017,0
14/02/2017,0
15/02/2017,0
16/02/2017,0
17/02/2017,0
18/02/2017,0
19/02/2017,0
20/02/2017,0
21/02/2017,1
22/02/2017,1
23/02/2017,1
24/02/2017,1
25/02/2017,1
26/02/2017,1
27/02/2017,1
28/02/2017,0
1/3/2017,0
2/3/2017,0
3/3/2017,0
4/3/2017,0
5/3/2017,0
6/3/2017,0
7/3/2017,0
8/3/2017,0
9/3/2017,0
10/3/2017,0
11/3/2017,0
12/3/2017,0
13/03/2017,0
14/03/2017,0
15/03/2017,0
16/03/2017,0
17/03/2017,1
18/03/2017,1
19/03/2017,1
20/03/2017,1
21/03/2017,1
22/03/2017,1
23/03/2017,1
24/03/2017,0
25/03/2017,0
26/03/2017,0
27/03/2017,0
28/03/2017,0
29/03/2017,0
30/03/2017,0
31/03/2017,0
1/4/2017,0
2/4/2017,0
3/4/2017,0
4/4/2017,0
5/4/2017,0
6/4/2017,0
7/4/2017,0
8/4/2017,0
9/4/2017,0
10/4/2017,0
11/4/2017,0
12/4/2017,0
13/04/2017,0
14/04/2017,0
15/04/2017,0
16/04/2017,0
17/04/2017,0
18/04/2017,0
19/04/2017,0
20/04/2017,0
21/04/2017,0
22/04/2017,0
23/04/2017,0
24/04/2017,0
25/04/2017,0
26/04/2017,0
27/04/2017,0
28/04/2017,0
29/04/2017,0
30/04/2017,0
1/5/2017,0
2/5/2017,0
3/5/2017,0
4/5/2017,0
5/5/2017,0
6/5/2017,1
7/5/2017,1
8/5/2017,1
9/5/2017,1
10/5/2017,1
11/5/2017,2
12/5/2017,2
13/05/2017,1
14/05/2017,1
15/05/2017,1
16/05/2017,1
17/05/2017,2
18/05/2017,1
19/05/2017,1
20/05/2017,1
21/05/2017,1
22/05/2017,1
23/05/2017,1
24/05/2017,0
25/05/2017,0
26/05/2017,0
27/05/2017,0
28/05/2017,0
29/05/2017,0
30/05/2017,0
31/05/2017,0
1/6/2017,0
2/6/2017,0
3/6/2017,0
4/6/2017,0
5/6/2017,0
6/6/2017,0
7/6/2017,1
8/6/2017,1
9/6/2017,1
10/6/2017,1
11/6/2017,1
12/6/2017,1
13/06/2017,1
14/06/2017,0
15/06/2017,0
16/06/2017,0
17/06/2017,0
18/06/2017,0
19/06/2017,0
20/06/2017,0
21/06/2017,0
22/06/2017,1
23/06/2017,1
24/06/2017,1
25/06/2017,1
26/06/2017,1
27/06/2017,1
28/06/2017,1
29/06/2017,0
30/06/2017,0
1/7/2017,0
2/7/2017,0
3/7/2017,0
4/7/2017,0
5/7/2017,0
6/7/2017,0
7/7/2017,0
8/7/2017,0
9/7/2017,0
10/7/2017,0
11/7/2017,0
12/7/2017,0
13/07/2017,0
14/07/2017,0
15/07/2017,0
16/07/2017,0
17/07/2017,0
18/07/2017,0
19/07/2017,0
20/07/2017,0
21/07/2017,0
22/07/2017,0
23/07/2017,0
24/07/2017,0
25/07/2017,0
26/07/2017,0
27/07/2017,0
28/07/2017,0
29/07/2017,0
30/07/2017,0
31/07/2017,0
1/8/2017,0
2/8/2017,0
3/8/2017,0
4/8/2017,1
5/8/2017,1
6/8/2017,1
7/8/2017,1
8/8/2017,1
9/8/2017,1
10/8/2017,1
11/8/2017,0
12/8/2017,0
13/08/2017,0
14/08/2017,0
15/08/2017,0
16/08/2017,0
17/08/2017,0
18/08/2017,0
19/08/2017,0
20/08/2017,0
21/08/2017,0
22/08/2017,0
23/08/2017,0
24/08/2017,0
25/08/2017,0
26/08/2017,0
27/08/2017,0
28/08/2017,0
29/08/2017,0
30/08/2017,0
31/08/2017,0
1/9/2017,0
2/9/2017,0
3/9/2017,0
4/9/2017,0
5/9/2017,0
6/9/2017,0
7/9/2017,0
8/9/2017,0
9/9/2017,0
10/9/2017,0
11/9/2017,0
12/9/2017,0
13/09/2017,0
14/09/2017,0
15/09/2017,0
16/09/2017,0
17/09/2017,0
18/09/2017,0
19/09/2017,0
20/09/2017,0
21/09/2017,0
22/09/2017,0
23/09/2017,0
24/09/2017,0
25/09/2017,0
26/09/2017,0
27/09/2017,0
28/09/2017,0
29/09/2017,0
30/09/2017,0
1/10/2017,0
2/10/2017,0
3/10/2017,0
4/10/2017,0
5/10/2017,0
6/10/2017,0
7/10/2017,0
8/10/2017,0
9/10/2017,0
10/10/2017,0
11/10/2017,0
12/10/2017,0
13/10/2017,0
14/10/2017,0
15/10/2017,0
16/10/2017,0
17/10/2017,0
18/10/2017,0
19/10/2017,0
20/10/2017,0
21/10/2017,0
22/10/2017,0
23/10/2017,0
24/10/2017,0
25/10/2017,0
26/10/2017,0
27/10/2017,0
28/10/2017,0
29/10/2017,0
30/10/2017,0
31/10/2017,0
1/11/2017,0
2/11/2017,0
3/11/2017,0
4/11/2017,0
5/11/2017,0
6/11/2017,0
7/11/2017,0
8/11/2017,0
9/11/2017,0
10/11/2017,0
11/11/2017,0
12/11/2017,0
13/11/2017,0
14/11/2017,0
15/11/2017,0
16/11/2017,0
17/11/2017,0
18/11/2017,0
19/11/2017,0
20/11/2017,0
21/11/2017,0
22/11/2017,0
23/11/2017,0
24/11/2017,0
25/11/2017,0
26/11/2017,0
27/11/2017,0
28/11/2017,0
29/11/2017,0
30/11/2017,0
1/12/2017,0
2/12/2017,0
3/12/2017,0
4/12/2017,0
5/12/2017,0
6/12/2017,0
7/12/2017,0
8/12/2017,0
9/12/2017,0
10/12/2017,0
11/12/2017,0
12/12/2017,0
13/12/2017,0
14/12/2017,0
15/12/2017,0
16/12/2017,0
17/12/2017,0
18/12/2017,0
19/12/2017,0
20/12/2017,0
21/12/2017,0
22/12/2017,0
23/12/2017,0
24/12/2017,0
25/12/2017,0
26/12/2017,0
27/12/2017,0
28/12/2017,0
29/12/2017,0
30/12/2017,0
31/12/2017,0
1/1/2018,0
2/1/2018,1
3/1/2018,1
4/1/2018,1
5/1/2018,1
6/1/2018,1
7/1/2018,1
8/1/2018,1
9/1/2018,0
10/1/2018,0
11/1/2018,0
12/1/2018,0
13/01/2018,0
14/01/2018,0
15/01/2018,0
16/01/2018,0
17/01/2018,0
18/01/2018,0
19/01/2018,0
20/01/2018,0
21/01/2018,0
22/01/2018,0
23/01/2018,0
24/01/2018,0
25/01/2018,0
26/01/2018,0
27/01/2018,0
28/01/2018,0
29/01/2018,0
30/01/2018,0
31/01/2018,0
1/2/2018,0
2/2/2018,0
3/2/2018,0
4/2/2018,0
5/2/2018,0
6/2/2018,0
7/2/2018,0
8/2/2018,0
9/2/2018,1
10/2/2018,1
11/2/2018,1
12/2/2018,1
13/02/2018,1
14/02/2018,1
15/02/2018,1
16/02/2018,0
17/02/2018,0
18/02/2018,0
19/02/2018,0
20/02/2018,0
21/02/2018,0
22/02/2018,0
23/02/2018,0
24/02/2018,0
25/02/2018,0
26/02/2018,0
27/02/2018,0
28/02/2018,0
1/3/2018,0
2/3/2018,0
3/3/2018,0
4/3/2018,0
5/3/2018,0
6/3/2018,0
7/3/2018,0
8/3/2018,0
9/3/2018,0
10/3/2018,0
11/3/2018,0
12/3/2018,0
13/03/2018,0
14/03/2018,0
15/03/2018,0
16/03/2018,0
17/03/2018,0
18/03/2018,0
19/03/2018,0
20/03/2018,0
21/03/2018,0
22/03/2018,0
23/03/2018,0
24/03/2018,0
25/03/2018,0
26/03/2018,1
27/03/2018,1
28/03/2018,1
29/03/2018,1
30/03/2018,1
31/03/2018,1
1/4/2018,1
2/4/2018,0
3/4/2018,0
4/4/2018,0
5/4/2018,0
6/4/2018,0
7/4/2018,0
8/4/2018,0
9/4/2018,0
10/4/2018,0
11/4/2018,0
12/4/2018,0
13/04/2018,0
14/04/2018,0
15/04/2018,0
16/04/2018,0
17/04/2018,0
18/04/2018,0
19/04/2018,0
20/04/2018,0
21/04/2018,0
22/04/2018,0
23/04/2018,0
24/04/2018,0
25/04/2018,0
26/04/2018,0
27/04/2018,0
28/04/2018,0
29/04/2018,0
30/04/2018,0
1/5/2018,0
2/5/2018,0
3/5/2018,0
4/5/2018,0
5/5/2018,0
6/5/2018,0
7/5/2018,0
8/5/2018,0
9/5/2018,0
10/5/2018,0
11/5/2018,0
12/5/2018,0
13/05/2018,0
14/05/2018,0
15/05/2018,0
16/05/2018,0
17/05/2018,0
18/05/2018,0
19/05/2018,0
20/05/2018,0
21/05/2018,0
22/05/2018,0
23/05/2018,0
24/05/2018,0
25/05/2018,0
26/05/2018,0
27/05/2018,0
28/05/2018,0
29/05/2018,0
30/05/2018,0
31/05/2018,0
1/6/2018,0
2/6/2018,0
3/6/2018,0
4/6/2018,0
5/6/2018,0
6/6/2018,0
7/6/2018,0
8/6/2018,0
9/6/2018,0
10/6/2018,0
11/6/2018,0
12/6/2018,0
13/06/2018,0
14/06/2018,0
15/06/2018,0
16/06/2018,0
17/06/2018,0
18/06/2018,0
19/06/2018,0
20/06/2018,0
21/06/2018,0
22/06/2018,0
23/06/2018,0
24/06/2018,0
25/06/2018,0
26/06/2018,0
27/06/2018,0
28/06/2018,0
29/06/2018,0
30/06/2018,0
1/7/2018,0
2/7/2018,0
3/7/2018,0
4/7/2018,0
5/7/2018,0
6/7/2018,0
7/7/2018,0
8/7/2018,0
9/7/2018,0
10/7/2018,0
11/7/2018,0
12/7/2018,0
13/07/2018,0
14/07/2018,0
15/07/2018,0
16/07/2018,0
17/07/2018,0
18/07/2018,0
19/07/2018,0
20/07/2018,0
21/07/2018,0
22/07/2018,0
23/07/2018,0
24/07/2018,0
25/07/2018,0
26/07/2018,0
27/07/2018,0
28/07/2018,0
29/07/2018,0
30/07/2018,0
31/07/2018,0
1/8/2018,0
2/8/2018,0
3/8/2018,0
4/8/2018,0
5/8/2018,0
6/8/2018,0
7/8/2018,0
8/8/2018,0
9/8/2018,0
10/8/2018,0
11/8/2018,0
12/8/2018,0
13/08/2018,0
14/08/2018,0
15/08/2018,0
16/08/2018,0
17/08/2018,0
18/08/2018,0
19/08/2018,0
20/08/2018,0
21/08/2018,0
22/08/2018,0
23/08/2018,0
24/08/2018,0
25/08/2018,0
26/08/2018,0
27/08/2018,0
28/08/2018,0
29/08/2018,0
30/08/2018,0
31/08/2018,0
1/9/2018,0
2/9/2018,0
3/9/2018,0
4/9/2018,0
5/9/2018,0
6/9/2018,0
7/9/2018,0
8/9/2018,0
9/9/2018,0
10/9/2018,0
11/9/2018,0
12/9/2018,0
13/09/2018,0
14/09/2018,0
15/09/2018,0
16/09/2018,0
17/09/2018,0
18/09/2018,0
19/09/2018,0
20/09/2018,0
21/09/2018,1
22/09/2018,1
23/09/2018,1
24/09/2018,1
25/09/2018,1
26/09/2018,1
27/09/2018,1
28/09/2018,0
29/09/2018,0
30/09/2018,0
1/10/2018,0
2/10/2018,0
3/10/2018,0
4/10/2018,0
5/10/2018,0
6/10/2018,0
7/10/2018,0
8/10/2018,0
9/10/2018,0
10/10/2018,0
11/10/2018,0
12/10/2018,0
13/10/2018,0
14/10/2018,0
15/10/2018,0
16/10/2018,0
17/10/2018,0
18/10/2018,0
19/10/2018,0
20/10/2018,0
21/10/2018,0
22/10/2018,0
23/10/2018,0
24/10/2018,0
25/10/2018,0
26/10/2018,0
27/10/2018,0
28/10/2018,0
29/10/2018,0
30/10/2018,0
31/10/2018,0
1/11/2018,0
2/11/2018,0
3/11/2018,0
4/11/2018,0
5/11/2018,0
6/11/2018,0
7/11/2018,0
8/11/2018,0
9/11/2018,0
10/11/2018,0
11/11/2018,0
12/11/2018,0
13/11/2018,0
14/11/2018,0
15/11/2018,0
16/11/2018,0
17/11/2018,0
18/11/2018,0
19/11/2018,0
20/11/2018,0
21/11/2018,0
22/11/2018,1
23/11/2018,1
24/11/2018,1
25/11/2018,1
26/11/2018,1
27/11/2018,1
28/11/2018,1
29/11/2018,0
30/11/2018,0
1/12/2018,0
2/12/2018,0
3/12/2018,0
4/12/2018,0
5/12/2018,0
6/12/2018,0
7/12/2018,0
8/12/2018,0
9/12/2018,0
10/12/2018,0
11/12/2018,0
12/12/2018,0
13/12/2018,0
14/12/2018,0
15/12/2018,0
16/12/2018,0
17/12/2018,0
18/12/2018,0
19/12/2018,0
20/12/2018,0
21/12/2018,0
22/12/2018,0
23/12/2018,0
24/12/2018,0
25/12/2018,0
26/12/2018,0
27/12/2018,1
28/12/2018,1
29/12/2018,1
30/12/2018,1
31/12/2018,1
1/1/2019,1
2/1/2019,1
3/1/2019,0
4/1/2019,0
5/1/2019,0
6/1/2019,0
7/1/2019,0
8/1/2019,1
9/1/2019,1
10/1/2019,1
11/1/2019,1
12/1/2019,1
13/01/2019,1
14/01/2019,1
15/01/2019,0
16/01/2019,0
17/01/2019,0
18/01/2019,0
19/01/2019,0
20/01/2019,0
21/01/2019,0
22/01/2019,0
23/01/2019,0
24/01/2019,0
25/01/2019,0
26/01/2019,0
27/01/2019,0
28/01/2019,0
29/01/2019,0
30/01/2019,0
31/01/2019,0
1/2/2019,0
2/2/2019,0
3/2/2019,0
4/2/2019,0
5/2/2019,0
6/2/2019,0
7/2/2019,1
8/2/2019,1
9/2/2019,1
10/2/2019,1
11/2/2019,1
12/2/2019,1
13/02/2019,1
14/02/2019,0
15/02/2019,0
16/02/2019,0
17/02/2019,0
18/02/2019,0
19/02/2019,0
20/02/2019,0
21/02/2019,0
22/02/2019,0
23/02/2019,0
24/02/2019,0
25/02/2019,0
26/02/2019,0
27/02/2019,0
28/02/2019,0
1/3/2019,0
2/3/2019,0
3/3/2019,0
4/3/2019,0
5/3/2019,0
6/3/2019,0
7/3/2019,0
8/3/2019,0
9/3/2019,0
10/3/2019,0
11/3/2019,0
12/3/2019,0
13/03/2019,0
14/03/2019,1
15/03/2019,1
16/03/2019,1
17/03/2019,1
18/03/2019,1
19/03/2019,1
20/03/2019,1
21/03/2019,0
22/03/2019,0
23/03/2019,0
24/03/2019,0
25/03/2019,0
26/03/2019,0
27/03/2019,0
28/03/2019,0
29/03/2019,0
30/03/2019,0
31/03/2019,0
1/4/2019,0
2/4/2019,1
3/4/2019,1
4/4/2019,1
5/4/2019,1
6/4/2019,1
7/4/2019,1
8/4/2019,1
9/4/2019,0
10/4/2019,0
11/4/2019,0
12/4/2019,0
13/04/2019,0
14/04/2019,0
15/04/2019,0
16/04/2019,0
17/04/2019,1
18/04/2019,1
19/04/2019,1
20/04/2019,1
21/04/2019,1
22/04/2019,1
23/04/2019,1
24/04/2019,0
25/04/2019,0
26/04/2019,0
27/04/2019,0
28/04/2019,0
29/04/2019,0
30/04/2019,1
1/5/2019,1
2/5/2019,1
3/5/2019,2
4/5/2019,2
5/5/2019,2
6/5/2019,2
7/5/2019,1
8/5/2019,1
9/5/2019,1
10/5/2019,0
11/5/2019,0
12/5/2019,0
13/05/2019,0
14/05/2019,0
15/05/2019,0
16/05/2019,0
17/05/2019,0
18/05/2019,1
19/05/2019,1
20/05/2019,1
21/05/2019,1
22/05/2019,1
23/05/2019,1
24/05/2019,2
25/05/2019,1
26/05/2019,1
27/05/2019,1
28/05/2019,2
29/05/2019,3
30/05/2019,3
31/05/2019,2
1/6/2019,2
2/6/2019,2
3/6/2019,2
4/6/2019,1
5/6/2019,0
6/6/2019,0
7/6/2019,1
8/6/2019,1
9/6/2019,1
10/6/2019,1
11/6/2019,2
12/6/2019,2
13/06/2019,2
14/06/2019,1
15/06/2019,1
16/06/2019,1
17/06/2019,1
18/06/2019,2
19/06/2019,2
20/06/2019,2
21/06/2019,2
22/06/2019,2
23/06/2019,2
24/06/2019,2
25/06/2019,0
26/06/2019,0
27/06/2019,0
28/06/2019,0
29/06/2019,0
30/06/2019,0
1/7/2019,0
2/7/2019,0
3/7/2019,0
4/7/2019,0
5/7/2019,0
6/7/2019,1
7/7/2019,1
8/7/2019,1
9/7/2019,2
10/7/2019,2
11/7/2019,2
12/7/2019,2
13/07/2019,1
14/07/2019,1
15/07/2019,1
16/07/2019,0
17/07/2019,0
18/07/2019,0
19/07/2019,0
20/07/2019,1
21/07/2019,1
22/07/2019,1
23/07/2019,1
24/07/2019,2
25/07/2019,2
26/07/2019,2
27/07/2019,1
28/07/2019,1
29/07/2019,1
30/07/2019,2
31/07/2019,1
1/8/2019,1
2/8/2019,1
3/8/2019,3
4/8/2019,4
5/8/2019,4
6/8/2019,7
7/8/2019,11
8/8/2019,15
9/8/2019,17
10/8/2019,20
11/8/2019,19
12/8/2019,19
13/08/2019,18
14/08/2019,15
15/08/2019,13
16/08/2019,16
17/08/2019,12
18/08/2019,12
19/08/2019,12
20/08/2019,12
21/08/2019,14
22/08/2019,13
23/08/2019,11
24/08/2019,11
25/08/2019,12
26/08/2019,12
27/08/2019,10
28/08/2019,8
29/08/2019,9
30/08/2019,9
31/08/2019,9
1/9/2019,8
2/9/2019,9
3/9/2019,12
4/9/2019,12
5/9/2019,11
6/9/2019,10
7/9/2019,9
8/9/2019,9
9/9/2019,9
10/9/2019,7
11/9/2019,8
12/9/2019,7
13/09/2019,5
14/09/2019,6
15/09/2019,6
16/09/2019,5
17/09/2019,3
18/09/2019,1
19/09/2019,2
20/09/2019,4
21/09/2019,3
22/09/2019,3
23/09/2019,3
24/09/2019,4
25/09/2019,4
26/09/2019,3
27/09/2019,1
28/09/2019,1
29/09/2019,1
30/09/2019,1
1/10/2019,0
2/10/2019,0
3/10/2019,0
4/10/2019,0
5/10/2019,0
6/10/2019,0
7/10/2019,0
8/10/2019,0
9/10/2019,1
10/10/2019,2
11/10/2019,2
12/10/2019,2
13/10/2019,2
14/10/2019,2
15/10/2019,2
16/10/2019,1
17/10/2019,0
18/10/2019,0
19/10/2019,0
20/10/2019,0
21/10/2019,0
22/10/2019,0
23/10/2019,0
24/10/2019,0
25/10/2019,0
26/10/2019,0
27/10/2019,0
28/10/2019,0
29/10/2019,0
30/10/2019,0
31/10/2019,0
1/11/2019,0
2/11/2019,0
3/11/2019,0
4/11/2019,0
5/11/2019,0
6/11/2019,0
7/11/2019,0
8/11/2019,0
9/11/2019,0
10/11/2019,0
11/11/2019,0
12/11/2019,0
13/11/2019,0
14/11/2019,0
15/11/2019,0
16/11/2019,0
17/11/2019,0
18/11/2019,0
19/11/2019,0
20/11/2019,0
21/11/2019,0
22/11/2019,0
23/11/2019,0
24/11/2019,0
25/11/2019,0
26/11/2019,0
27/11/2019,0
28/11/2019,0
29/11/2019,0
30/11/2019,0
1/12/2019,0
2/12/2019,0
3/12/2019,0
4/12/2019,0
5/12/2019,0
6/12/2019,0
7/12/2019,0
8/12/2019,0
9/12/2019,0
10/12/2019,0
11/12/2019,0
12/12/2019,0
13/12/2019,0
14/12/2019,0
15/12/2019,0
16/12/2019,0
17/12/2019,0
18/12/2019,0
19/12/2019,0
20/12/2019,0
21/12/2019,0
22/12/2019,0
23/12/2019,0
24/12/2019,0
25/12/2019,0
26/12/2019,0
27/12/2019,0
28/12/2019,0
29/12/2019,0
30/12/2019,0
31/12/2019,0
