data,Infectados
01/01/2007,4
02/01/2007,0
03/01/2007,0
04/01/2007,0
05/01/2007,0
06/01/2007,0
07/01/2007,0
08/01/2007,6
09/01/2007,0
10/01/2007,0
11/01/2007,0
12/01/2007,0
13/01/2007,0
14/01/2007,0
15/01/2007,6
16/01/2007,0
17/01/2007,0
18/01/2007,0
19/01/2007,0
20/01/2007,0
21/01/2007,0
22/01/2007,4
23/01/2007,0
24/01/2007,0
25/01/2007,0
26/01/2007,0
27/01/2007,0
28/01/2007,0
29/01/2007,8
30/01/2007,0
31/01/2007,0
01/02/2007,0
02/02/2007,0
03/02/2007,0
04/02/2007,0
05/02/2007,2
06/02/2007,0
07/02/2007,0
08/02/2007,0
09/02/2007,0
10/02/2007,0
11/02/2007,0
12/02/2007,8
13/02/2007,0
14/02/2007,0
15/02/2007,0
16/02/2007,0
17/02/2007,0
18/02/2007,0
19/02/2007,6
20/02/2007,0
21/02/2007,0
22/02/2007,0
23/02/2007,0
24/02/2007,0
25/02/2007,0
26/02/2007,2
27/02/2007,0
28/02/2007,0
01/03/2007,0
02/03/2007,0
03/03/2007,0
04/03/2007,0
05/03/2007,10
06/03/2007,0
07/03/2007,0
08/03/2007,0
09/03/2007,0
10/03/2007,0
11/03/2007,0
12/03/2007,12
13/03/2007,0
14/03/2007,0
15/03/2007,0
16/03/2007,0
17/03/2007,0
18/03/2007,0
19/03/2007,26
20/03/2007,0
21/03/2007,0
22/03/2007,0
23/03/2007,0
24/03/2007,0
25/03/2007,0
26/03/2007,31
27/03/2007,0
28/03/2007,0
29/03/2007,0
30/03/2007,0
31/03/2007,0
01/04/2007,0
02/04/2007,58
03/04/2007,0
04/04/2007,0
05/04/2007,0
06/04/2007,0
07/04/2007,0
08/04/2007,0
09/04/2007,117
10/04/2007,0
11/04/2007,0
12/04/2007,0
13/04/2007,0
14/04/2007,0
15/04/2007,0
16/04/2007,121
17/04/2007,0
18/04/2007,0
19/04/2007,0
20/04/2007,0
21/04/2007,0
22/04/2007,0
23/04/2007,104
24/04/2007,0
25/04/2007,0
26/04/2007,0
27/04/2007,0
28/04/2007,0
29/04/2007,0
30/04/2007,152
01/05/2007,0
02/05/2007,0
03/05/2007,0
04/05/2007,0
05/05/2007,0
06/05/2007,0
07/05/2007,225
08/05/2007,0
09/05/2007,0
10/05/2007,0
11/05/2007,0
12/05/2007,0
13/05/2007,0
14/05/2007,392
15/05/2007,0
16/05/2007,0
17/05/2007,0
18/05/2007,0
19/05/2007,0
20/05/2007,0
21/05/2007,500
22/05/2007,0
23/05/2007,0
24/05/2007,0
25/05/2007,0
26/05/2007,0
27/05/2007,0
28/05/2007,517
29/05/2007,0
30/05/2007,0
31/05/2007,0
01/06/2007,0
02/06/2007,0
03/06/2007,0
04/06/2007,563
05/06/2007,0
06/06/2007,0
07/06/2007,0
08/06/2007,0
09/06/2007,0
10/06/2007,0
11/06/2007,594
12/06/2007,0
13/06/2007,0
14/06/2007,0
15/06/2007,0
16/06/2007,0
17/06/2007,0
18/06/2007,440
19/06/2007,0
20/06/2007,0
21/06/2007,0
22/06/2007,0
23/06/2007,0
24/06/2007,0
25/06/2007,209
26/06/2007,0
27/06/2007,0
28/06/2007,0
29/06/2007,0
30/06/2007,0
01/07/2007,0
02/07/2007,101
03/07/2007,0
04/07/2007,0
05/07/2007,0
06/07/2007,0
07/07/2007,0
08/07/2007,0
09/07/2007,75
10/07/2007,0
11/07/2007,0
12/07/2007,0
13/07/2007,0
14/07/2007,0
15/07/2007,0
16/07/2007,40
17/07/2007,0
18/07/2007,0
19/07/2007,0
20/07/2007,0
21/07/2007,0
22/07/2007,0
23/07/2007,24
24/07/2007,0
25/07/2007,0
26/07/2007,0
27/07/2007,0
28/07/2007,0
29/07/2007,0
30/07/2007,34
31/07/2007,0
01/08/2007,0
02/08/2007,0
03/08/2007,0
04/08/2007,0
05/08/2007,0
06/08/2007,42
07/08/2007,0
08/08/2007,0
09/08/2007,0
10/08/2007,0
11/08/2007,0
12/08/2007,0
13/08/2007,29
14/08/2007,0
15/08/2007,0
16/08/2007,0
17/08/2007,0
18/08/2007,0
19/08/2007,0
20/08/2007,10
21/08/2007,0
22/08/2007,0
23/08/2007,0
24/08/2007,0
25/08/2007,0
26/08/2007,0
27/08/2007,4
28/08/2007,0
29/08/2007,0
30/08/2007,0
31/08/2007,0
01/09/2007,0
02/09/2007,0
03/09/2007,0
04/09/2007,0
05/09/2007,0
06/09/2007,0
07/09/2007,0
08/09/2007,0
09/09/2007,0
10/09/2007,6
11/09/2007,0
12/09/2007,0
13/09/2007,0
14/09/2007,0
15/09/2007,0
16/09/2007,0
17/09/2007,2
18/09/2007,0
19/09/2007,0
20/09/2007,0
21/09/2007,0
22/09/2007,0
23/09/2007,0
24/09/2007,0
25/09/2007,0
26/09/2007,0
27/09/2007,0
28/09/2007,0
29/09/2007,0
30/09/2007,0
01/10/2007,2
02/10/2007,0
03/10/2007,0
04/10/2007,0
05/10/2007,0
06/10/2007,0
07/10/2007,0
08/10/2007,2
09/10/2007,0
10/10/2007,0
11/10/2007,0
12/10/2007,0
13/10/2007,0
14/10/2007,0
15/10/2007,4
16/10/2007,0
17/10/2007,0
18/10/2007,0
19/10/2007,0
20/10/2007,0
21/10/2007,0
22/10/2007,1
23/10/2007,0
24/10/2007,0
25/10/2007,0
26/10/2007,0
27/10/2007,0
28/10/2007,0
29/10/2007,3
30/10/2007,0
31/10/2007,0
01/11/2007,0
02/11/2007,0
03/11/2007,0
04/11/2007,0
05/11/2007,0
06/11/2007,0
07/11/2007,0
08/11/2007,0
09/11/2007,0
10/11/2007,0
11/11/2007,0
12/11/2007,3
13/11/2007,0
14/11/2007,0
15/11/2007,0
16/11/2007,0
17/11/2007,0
18/11/2007,0
19/11/2007,0
20/11/2007,0
21/11/2007,0
22/11/2007,0
23/11/2007,0
24/11/2007,0
25/11/2007,0
26/11/2007,2
27/11/2007,0
28/11/2007,0
29/11/2007,0
30/11/2007,0
01/12/2007,0
02/12/2007,0
03/12/2007,4
04/12/2007,0
05/12/2007,0
06/12/2007,0
07/12/2007,0
08/12/2007,0
09/12/2007,0
10/12/2007,0
11/12/2007,0
12/12/2007,0
13/12/2007,0
14/12/2007,0
15/12/2007,0
16/12/2007,0
17/12/2007,2
18/12/2007,0
19/12/2007,0
20/12/2007,0
21/12/2007,0
22/12/2007,0
23/12/2007,0
24/12/2007,0
25/12/2007,0
26/12/2007,0
27/12/2007,0
28/12/2007,0
29/12/2007,0
30/12/2007,0
31/12/2007,0
01/01/2008,0
02/01/2008,0
03/01/2008,0
04/01/2008,0
05/01/2008,0
06/01/2008,0
07/01/2008,0
08/01/2008,0
09/01/2008,0
10/01/2008,0
11/01/2008,0
12/01/2008,0
13/01/2008,0
14/01/2008,0
15/01/2008,0
16/01/2008,0
17/01/2008,0
18/01/2008,0
19/01/2008,0
20/01/2008,0
21/01/2008,2
22/01/2008,0
23/01/2008,0
24/01/2008,0
25/01/2008,0
26/01/2008,0
27/01/2008,0
28/01/2008,4
29/01/2008,0
30/01/2008,0
31/01/2008,0
01/02/2008,0
02/02/2008,0
03/02/2008,0
04/02/2008,4
05/02/2008,0
06/02/2008,0
07/02/2008,0
08/02/2008,0
09/02/2008,0
10/02/2008,0
11/02/2008,10
12/02/2008,0
13/02/2008,0
14/02/2008,0
15/02/2008,0
16/02/2008,0
17/02/2008,0
18/02/2008,11
19/02/2008,0
20/02/2008,0
21/02/2008,0
22/02/2008,0
23/02/2008,0
24/02/2008,0
25/02/2008,10
26/02/2008,0
27/02/2008,0
28/02/2008,0
29/02/2008,0
01/03/2008,0
02/03/2008,0
03/03/2008,12
04/03/2008,0
05/03/2008,0
06/03/2008,0
07/03/2008,0
08/03/2008,0
09/03/2008,0
10/03/2008,7
11/03/2008,0
12/03/2008,0
13/03/2008,0
14/03/2008,0
15/03/2008,0
16/03/2008,0
17/03/2008,8
18/03/2008,0
19/03/2008,0
20/03/2008,0
21/03/2008,0
22/03/2008,0
23/03/2008,0
24/03/2008,14
25/03/2008,0
26/03/2008,0
27/03/2008,0
28/03/2008,0
29/03/2008,0
30/03/2008,0
31/03/2008,12
01/04/2008,0
02/04/2008,0
03/04/2008,0
04/04/2008,0
05/04/2008,0
06/04/2008,0
07/04/2008,10
08/04/2008,0
09/04/2008,0
10/04/2008,0
11/04/2008,0
12/04/2008,0
13/04/2008,0
14/04/2008,12
15/04/2008,0
16/04/2008,0
17/04/2008,0
18/04/2008,0
19/04/2008,0
20/04/2008,0
21/04/2008,16
22/04/2008,0
23/04/2008,0
24/04/2008,0
25/04/2008,0
26/04/2008,0
27/04/2008,0
28/04/2008,0
29/04/2008,0
30/04/2008,0
01/05/2008,0
02/05/2008,0
03/05/2008,0
04/05/2008,0
05/05/2008,10
06/05/2008,0
07/05/2008,0
08/05/2008,0
09/05/2008,0
10/05/2008,0
11/05/2008,0
12/05/2008,15
13/05/2008,0
14/05/2008,0
15/05/2008,0
16/05/2008,0
17/05/2008,0
18/05/2008,0
19/05/2008,11
20/05/2008,0
21/05/2008,0
22/05/2008,0
23/05/2008,0
24/05/2008,0
25/05/2008,0
26/05/2008,6
27/05/2008,0
28/05/2008,0
29/05/2008,0
30/05/2008,0
31/05/2008,0
01/06/2008,0
02/06/2008,4
03/06/2008,0
04/06/2008,0
05/06/2008,0
06/06/2008,0
07/06/2008,0
08/06/2008,0
09/06/2008,6
10/06/2008,0
11/06/2008,0
12/06/2008,0
13/06/2008,0
14/06/2008,0
15/06/2008,0
16/06/2008,6
17/06/2008,0
18/06/2008,0
19/06/2008,0
20/06/2008,0
21/06/2008,0
22/06/2008,0
23/06/2008,0
24/06/2008,0
25/06/2008,0
26/06/2008,0
27/06/2008,0
28/06/2008,0
29/06/2008,0
30/06/2008,2
01/07/2008,0
02/07/2008,0
03/07/2008,0
04/07/2008,0
05/07/2008,0
06/07/2008,0
07/07/2008,0
08/07/2008,0
09/07/2008,0
10/07/2008,0
11/07/2008,0
12/07/2008,0
13/07/2008,0
14/07/2008,0
15/07/2008,0
16/07/2008,0
17/07/2008,0
18/07/2008,0
19/07/2008,0
20/07/2008,0
21/07/2008,2
22/07/2008,0
23/07/2008,0
24/07/2008,0
25/07/2008,0
26/07/2008,0
27/07/2008,0
28/07/2008,8
29/07/2008,0
30/07/2008,0
31/07/2008,0
01/08/2008,0
02/08/2008,0
03/08/2008,0
04/08/2008,2
05/08/2008,0
06/08/2008,0
07/08/2008,0
08/08/2008,0
09/08/2008,0
10/08/2008,0
11/08/2008,0
12/08/2008,0
13/08/2008,0
14/08/2008,0
15/08/2008,0
16/08/2008,0
17/08/2008,0
18/08/2008,2
19/08/2008,0
20/08/2008,0
21/08/2008,0
22/08/2008,0
23/08/2008,0
24/08/2008,0
25/08/2008,2
26/08/2008,0
27/08/2008,0
28/08/2008,0
29/08/2008,0
30/08/2008,0
31/08/2008,0
01/09/2008,0
02/09/2008,0
03/09/2008,0
04/09/2008,0
05/09/2008,0
06/09/2008,0
07/09/2008,0
08/09/2008,0
09/09/2008,0
10/09/2008,0
11/09/2008,0
12/09/2008,0
13/09/2008,0
14/09/2008,0
15/09/2008,0
16/09/2008,0
17/09/2008,0
18/09/2008,0
19/09/2008,0
20/09/2008,0
21/09/2008,0
22/09/2008,0
23/09/2008,0
24/09/2008,0
25/09/2008,0
26/09/2008,0
27/09/2008,0
28/09/2008,0
29/09/2008,0
30/09/2008,0
01/10/2008,0
02/10/2008,0
03/10/2008,0
04/10/2008,0
05/10/2008,0
06/10/2008,0
07/10/2008,0
08/10/2008,0
09/10/2008,0
10/10/2008,0
11/10/2008,0
12/10/2008,0
13/10/2008,0
14/10/2008,0
15/10/2008,0
16/10/2008,0
17/10/2008,0
18/10/2008,0
19/10/2008,0
20/10/2008,2
21/10/2008,0
22/10/2008,0
23/10/2008,0
24/10/2008,0
25/10/2008,0
26/10/2008,0
27/10/2008,0
28/10/2008,0
29/10/2008,0
30/10/2008,0
31/10/2008,0
01/11/2008,0
02/11/2008,0
03/11/2008,0
04/11/2008,0
05/11/2008,0
06/11/2008,0
07/11/2008,0
08/11/2008,0
09/11/2008,0
10/11/2008,0
11/11/2008,0
12/11/2008,0
13/11/2008,0
14/11/2008,0
15/11/2008,0
16/11/2008,0
17/11/2008,0
18/11/2008,0
19/11/2008,0
20/11/2008,0
21/11/2008,0
22/11/2008,0
23/11/2008,0
24/11/2008,0
25/11/2008,0
26/11/2008,0
27/11/2008,0
28/11/2008,0
29/11/2008,0
30/11/2008,0
01/12/2008,0
02/12/2008,0
03/12/2008,0
04/12/2008,0
05/12/2008,0
06/12/2008,0
07/12/2008,0
08/12/2008,0
09/12/2008,0
10/12/2008,0
11/12/2008,0
12/12/2008,0
13/12/2008,0
14/12/2008,0
15/12/2008,0
16/12/2008,0
17/12/2008,0
18/12/2008,0
19/12/2008,0
20/12/2008,0
21/12/2008,0
22/12/2008,0
23/12/2008,0
24/12/2008,0
25/12/2008,0
26/12/2008,0
27/12/2008,0
28/12/2008,0
29/12/2008,0
30/12/2008,0
31/12/2008,0
01/01/2009,0
02/01/2009,0
03/01/2009,0
04/01/2009,0
05/01/2009,0
06/01/2009,0
07/01/2009,0
08/01/2009,0
09/01/2009,0
10/01/2009,0
11/01/2009,0
12/01/2009,0
13/01/2009,0
14/01/2009,0
15/01/2009,0
16/01/2009,0
17/01/2009,0
18/01/2009,0
19/01/2009,0
20/01/2009,0
21/01/2009,0
22/01/2009,0
23/01/2009,0
24/01/2009,0
25/01/2009,0
26/01/2009,1
27/01/2009,0
28/01/2009,0
29/01/2009,0
30/01/2009,0
31/01/2009,0
01/02/2009,0
02/02/2009,1
03/02/2009,0
04/02/2009,0
05/02/2009,0
06/02/2009,0
07/02/2009,0
08/02/2009,0
09/02/2009,2
10/02/2009,0
11/02/2009,0
12/02/2009,0
13/02/2009,0
14/02/2009,0
15/02/2009,0
16/02/2009,4
17/02/2009,0
18/02/2009,0
19/02/2009,0
20/02/2009,0
21/02/2009,0
22/02/2009,0
23/02/2009,5
24/02/2009,0
25/02/2009,0
26/02/2009,0
27/02/2009,0
28/02/2009,0
01/03/2009,0
02/03/2009,2
03/03/2009,0
04/03/2009,0
05/03/2009,0
06/03/2009,0
07/03/2009,0
08/03/2009,0
09/03/2009,1
10/03/2009,0
11/03/2009,0
12/03/2009,0
13/03/2009,0
14/03/2009,0
15/03/2009,0
16/03/2009,2
17/03/2009,0
18/03/2009,0
19/03/2009,0
20/03/2009,0
21/03/2009,0
22/03/2009,0
23/03/2009,2
24/03/2009,0
25/03/2009,0
26/03/2009,0
27/03/2009,0
28/03/2009,0
29/03/2009,0
30/03/2009,2
31/03/2009,0
01/04/2009,0
02/04/2009,0
03/04/2009,0
04/04/2009,0
05/04/2009,0
06/04/2009,1
07/04/2009,0
08/04/2009,0
09/04/2009,0
10/04/2009,0
11/04/2009,0
12/04/2009,0
13/04/2009,1
14/04/2009,0
15/04/2009,0
16/04/2009,0
17/04/2009,0
18/04/2009,0
19/04/2009,0
20/04/2009,3
21/04/2009,0
22/04/2009,0
23/04/2009,0
24/04/2009,0
25/04/2009,0
26/04/2009,0
27/04/2009,0
28/04/2009,0
29/04/2009,0
30/04/2009,0
01/05/2009,0
02/05/2009,0
03/05/2009,0
04/05/2009,0
05/05/2009,0
06/05/2009,0
07/05/2009,0
08/05/2009,0
09/05/2009,0
10/05/2009,0
11/05/2009,1
12/05/2009,0
13/05/2009,0
14/05/2009,0
15/05/2009,0
16/05/2009,0
17/05/2009,0
18/05/2009,1
19/05/2009,0
20/05/2009,0
21/05/2009,0
22/05/2009,0
23/05/2009,0
24/05/2009,0
25/05/2009,1
26/05/2009,0
27/05/2009,0
28/05/2009,0
29/05/2009,0
30/05/2009,0
31/05/2009,0
01/06/2009,0
02/06/2009,0
03/06/2009,0
04/06/2009,0
05/06/2009,0
06/06/2009,0
07/06/2009,0
08/06/2009,1
09/06/2009,0
10/06/2009,0
11/06/2009,0
12/06/2009,0
13/06/2009,0
14/06/2009,0
15/06/2009,1
16/06/2009,0
17/06/2009,0
18/06/2009,0
19/06/2009,0
20/06/2009,0
21/06/2009,0
22/06/2009,1
23/06/2009,0
24/06/2009,0
25/06/2009,0
26/06/2009,0
27/06/2009,0
28/06/2009,0
29/06/2009,1
30/06/2009,0
01/07/2009,0
02/07/2009,0
03/07/2009,0
04/07/2009,0
05/07/2009,0
06/07/2009,0
07/07/2009,0
08/07/2009,0
09/07/2009,0
10/07/2009,0
11/07/2009,0
12/07/2009,0
13/07/2009,0
14/07/2009,0
15/07/2009,0
16/07/2009,0
17/07/2009,0
18/07/2009,0
19/07/2009,0
20/07/2009,0
21/07/2009,0
22/07/2009,0
23/07/2009,0
24/07/2009,0
25/07/2009,0
26/07/2009,0
27/07/2009,1
28/07/2009,0
29/07/2009,0
30/07/2009,0
31/07/2009,0
01/08/2009,0
02/08/2009,0
03/08/2009,0
04/08/2009,0
05/08/2009,0
06/08/2009,0
07/08/2009,0
08/08/2009,0
09/08/2009,0
10/08/2009,0
11/08/2009,0
12/08/2009,0
13/08/2009,0
14/08/2009,0
15/08/2009,0
16/08/2009,0
17/08/2009,0
18/08/2009,0
19/08/2009,0
20/08/2009,0
21/08/2009,0
22/08/2009,0
23/08/2009,0
24/08/2009,0
25/08/2009,0
26/08/2009,0
27/08/2009,0
28/08/2009,0
29/08/2009,0
30/08/2009,0
31/08/2009,0
01/09/2009,0
02/09/2009,0
03/09/2009,0
04/09/2009,0
05/09/2009,0
06/09/2009,0
07/09/2009,0
08/09/2009,0
09/09/2009,0
10/09/2009,0
11/09/2009,0
12/09/2009,0
13/09/2009,0
14/09/2009,1
15/09/2009,0
16/09/2009,0
17/09/2009,0
18/09/2009,0
19/09/2009,0
20/09/2009,0
21/09/2009,1
22/09/2009,0
23/09/2009,0
24/09/2009,0
25/09/2009,0
26/09/2009,0
27/09/2009,0
28/09/2009,0
29/09/2009,0
30/09/2009,0
01/10/2009,0
02/10/2009,0
03/10/2009,0
04/10/2009,0
05/10/2009,0
06/10/2009,0
07/10/2009,0
08/10/2009,0
09/10/2009,0
10/10/2009,0
11/10/2009,0
12/10/2009,1
13/10/2009,0
14/10/2009,0
15/10/2009,0
16/10/2009,0
17/10/2009,0
18/10/2009,0
19/10/2009,0
20/10/2009,0
21/10/2009,0
22/10/2009,0
23/10/2009,0
24/10/2009,0
25/10/2009,0
26/10/2009,0
27/10/2009,0
28/10/2009,0
29/10/2009,0
30/10/2009,0
31/10/2009,0
01/11/2009,0
02/11/2009,0
03/11/2009,0
04/11/2009,0
05/11/2009,0
06/11/2009,0
07/11/2009,0
08/11/2009,0
09/11/2009,0
10/11/2009,0
11/11/2009,0
12/11/2009,0
13/11/2009,0
14/11/2009,0
15/11/2009,0
16/11/2009,0
17/11/2009,0
18/11/2009,0
19/11/2009,0
20/11/2009,0
21/11/2009,0
22/11/2009,0
23/11/2009,0
24/11/2009,0
25/11/2009,0
26/11/2009,0
27/11/2009,0
28/11/2009,0
29/11/2009,0
30/11/2009,0
01/12/2009,0
02/12/2009,0
03/12/2009,0
04/12/2009,0
05/12/2009,0
06/12/2009,0
07/12/2009,0
08/12/2009,0
09/12/2009,0
10/12/2009,0
11/12/2009,0
12/12/2009,0
13/12/2009,0
14/12/2009,0
15/12/2009,0
16/12/2009,0
17/12/2009,0
18/12/2009,0
19/12/2009,0
20/12/2009,0
21/12/2009,2
22/12/2009,0
23/12/2009,0
24/12/2009,0
25/12/2009,0
26/12/2009,0
27/12/2009,0
28/12/2009,0
29/12/2009,0
30/12/2009,0
31/12/2009,0
01/01/2010,0
02/01/2010,0
03/01/2010,0
04/01/2010,0
05/01/2010,0
06/01/2010,0
07/01/2010,0
08/01/2010,0
09/01/2010,0
10/01/2010,0
11/01/2010,2
12/01/2010,0
13/01/2010,0
14/01/2010,0
15/01/2010,0
16/01/2010,0
17/01/2010,0
18/01/2010,0
19/01/2010,0
20/01/2010,0
21/01/2010,0
22/01/2010,0
23/01/2010,0
24/01/2010,0
25/01/2010,0
26/01/2010,0
27/01/2010,0
28/01/2010,0
29/01/2010,0
30/01/2010,0
31/01/2010,0
01/02/2010,2
02/02/2010,0
03/02/2010,0
04/02/2010,0
05/02/2010,0
06/02/2010,0
07/02/2010,0
08/02/2010,0
09/02/2010,0
10/02/2010,0
11/02/2010,0
12/02/2010,0
13/02/2010,0
14/02/2010,0
15/02/2010,0
16/02/2010,0
17/02/2010,0
18/02/2010,0
19/02/2010,0
20/02/2010,0
21/02/2010,0
22/02/2010,0
23/02/2010,0
24/02/2010,0
25/02/2010,0
26/02/2010,0
27/02/2010,0
28/02/2010,0
01/03/2010,2
02/03/2010,0
03/03/2010,0
04/03/2010,0
05/03/2010,0
06/03/2010,0
07/03/2010,0
08/03/2010,0
09/03/2010,0
10/03/2010,0
11/03/2010,0
12/03/2010,0
13/03/2010,0
14/03/2010,0
15/03/2010,0
16/03/2010,0
17/03/2010,0
18/03/2010,0
19/03/2010,0
20/03/2010,0
21/03/2010,0
22/03/2010,4
23/03/2010,0
24/03/2010,0
25/03/2010,0
26/03/2010,0
27/03/2010,0
28/03/2010,0
29/03/2010,0
30/03/2010,0
31/03/2010,0
01/04/2010,0
02/04/2010,0
03/04/2010,0
04/04/2010,0
05/04/2010,0
06/04/2010,0
07/04/2010,0
08/04/2010,0
09/04/2010,0
10/04/2010,0
11/04/2010,0
12/04/2010,0
13/04/2010,0
14/04/2010,0
15/04/2010,0
16/04/2010,0
17/04/2010,0
18/04/2010,0
19/04/2010,0
20/04/2010,0
21/04/2010,0
22/04/2010,0
23/04/2010,0
24/04/2010,0
25/04/2010,0
26/04/2010,0
27/04/2010,0
28/04/2010,0
29/04/2010,0
30/04/2010,0
01/05/2010,0
02/05/2010,0
03/05/2010,2
04/05/2010,0
05/05/2010,0
06/05/2010,0
07/05/2010,0
08/05/2010,0
09/05/2010,0
10/05/2010,0
11/05/2010,0
12/05/2010,0
13/05/2010,0
14/05/2010,0
15/05/2010,0
16/05/2010,0
17/05/2010,0
18/05/2010,0
19/05/2010,0
20/05/2010,0
21/05/2010,0
22/05/2010,0
23/05/2010,0
24/05/2010,0
25/05/2010,0
26/05/2010,0
27/05/2010,0
28/05/2010,0
29/05/2010,0
30/05/2010,0
31/05/2010,0
01/06/2010,0
02/06/2010,0
03/06/2010,0
04/06/2010,0
05/06/2010,0
06/06/2010,0
07/06/2010,0
08/06/2010,0
09/06/2010,0
10/06/2010,0
11/06/2010,0
12/06/2010,0
13/06/2010,0
14/06/2010,0
15/06/2010,0
16/06/2010,0
17/06/2010,0
18/06/2010,0
19/06/2010,0
20/06/2010,0
21/06/2010,0
22/06/2010,0
23/06/2010,0
24/06/2010,0
25/06/2010,0
26/06/2010,0
27/06/2010,0
28/06/2010,0
29/06/2010,0
30/06/2010,0
01/07/2010,0
02/07/2010,0
03/07/2010,0
04/07/2010,0
05/07/2010,2
06/07/2010,0
07/07/2010,0
08/07/2010,0
09/07/2010,0
10/07/2010,0
11/07/2010,0
12/07/2010,1
13/07/2010,0
14/07/2010,0
15/07/2010,0
16/07/2010,0
17/07/2010,0
18/07/2010,0
19/07/2010,0
20/07/2010,0
21/07/2010,0
22/07/2010,0
23/07/2010,0
24/07/2010,0
25/07/2010,0
26/07/2010,6
27/07/2010,0
28/07/2010,0
29/07/2010,0
30/07/2010,0
31/07/2010,0
01/08/2010,0
02/08/2010,0
03/08/2010,0
04/08/2010,0
05/08/2010,0
06/08/2010,0
07/08/2010,0
08/08/2010,0
09/08/2010,0
10/08/2010,0
11/08/2010,0
12/08/2010,0
13/08/2010,0
14/08/2010,0
15/08/2010,0
16/08/2010,0
17/08/2010,0
18/08/2010,0
19/08/2010,0
20/08/2010,0
21/08/2010,0
22/08/2010,0
23/08/2010,3
24/08/2010,0
25/08/2010,0
26/08/2010,0
27/08/2010,0
28/08/2010,0
29/08/2010,0
30/08/2010,8
31/08/2010,0
01/09/2010,0
02/09/2010,0
03/09/2010,0
04/09/2010,0
05/09/2010,0
06/09/2010,8
07/09/2010,0
08/09/2010,0
09/09/2010,0
10/09/2010,0
11/09/2010,0
12/09/2010,0
13/09/2010,2
14/09/2010,0
15/09/2010,0
16/09/2010,0
17/09/2010,0
18/09/2010,0
19/09/2010,0
20/09/2010,12
21/09/2010,0
22/09/2010,0
23/09/2010,0
24/09/2010,0
25/09/2010,0
26/09/2010,0
27/09/2010,6
28/09/2010,0
29/09/2010,0
30/09/2010,0
01/10/2010,0
02/10/2010,0
03/10/2010,0
04/10/2010,5
05/10/2010,0
06/10/2010,0
07/10/2010,0
08/10/2010,0
09/10/2010,0
10/10/2010,0
11/10/2010,6
12/10/2010,0
13/10/2010,0
14/10/2010,0
15/10/2010,0
16/10/2010,0
17/10/2010,0
18/10/2010,16
19/10/2010,0
20/10/2010,0
21/10/2010,0
22/10/2010,0
23/10/2010,0
24/10/2010,0
25/10/2010,7
26/10/2010,0
27/10/2010,0
28/10/2010,0
29/10/2010,0
30/10/2010,0
31/10/2010,0
01/11/2010,2
02/11/2010,0
03/11/2010,0
04/11/2010,0
05/11/2010,0
06/11/2010,0
07/11/2010,0
08/11/2010,2
09/11/2010,0
10/11/2010,0
11/11/2010,0
12/11/2010,0
13/11/2010,0
14/11/2010,0
15/11/2010,6
16/11/2010,0
17/11/2010,0
18/11/2010,0
19/11/2010,0
20/11/2010,0
21/11/2010,0
22/11/2010,7
23/11/2010,0
24/11/2010,0
25/11/2010,0
26/11/2010,0
27/11/2010,0
28/11/2010,0
29/11/2010,8
30/11/2010,0
01/12/2010,0
02/12/2010,0
03/12/2010,0
04/12/2010,0
05/12/2010,0
06/12/2010,2
07/12/2010,0
08/12/2010,0
09/12/2010,0
10/12/2010,0
11/12/2010,0
12/12/2010,0
13/12/2010,4
14/12/2010,0
15/12/2010,0
16/12/2010,0
17/12/2010,0
18/12/2010,0
19/12/2010,0
20/12/2010,6
21/12/2010,0
22/12/2010,0
23/12/2010,0
24/12/2010,0
25/12/2010,0
26/12/2010,0
27/12/2010,4
28/12/2010,0
29/12/2010,0
30/12/2010,0
31/12/2010,0
01/01/2011,0
02/01/2011,0
03/01/2011,7
04/01/2011,0
05/01/2011,0
06/01/2011,0
07/01/2011,0
08/01/2011,0
09/01/2011,0
10/01/2011,6
11/01/2011,0
12/01/2011,0
13/01/2011,0
14/01/2011,0
15/01/2011,0
16/01/2011,0
17/01/2011,8
18/01/2011,0
19/01/2011,0
20/01/2011,0
21/01/2011,0
22/01/2011,0
23/01/2011,0
24/01/2011,9
25/01/2011,0
26/01/2011,0
27/01/2011,0
28/01/2011,0
29/01/2011,0
30/01/2011,0
31/01/2011,15
01/02/2011,0
02/02/2011,0
03/02/2011,0
04/02/2011,0
05/02/2011,0
06/02/2011,0
07/02/2011,9
08/02/2011,0
09/02/2011,0
10/02/2011,0
11/02/2011,0
12/02/2011,0
13/02/2011,0
14/02/2011,7
15/02/2011,0
16/02/2011,0
17/02/2011,0
18/02/2011,0
19/02/2011,0
20/02/2011,0
21/02/2011,7
22/02/2011,0
23/02/2011,0
24/02/2011,0
25/02/2011,0
26/02/2011,0
27/02/2011,0
28/02/2011,13
01/03/2011,0
02/03/2011,0
03/03/2011,0
04/03/2011,0
05/03/2011,0
06/03/2011,0
07/03/2011,6
08/03/2011,0
09/03/2011,0
10/03/2011,0
11/03/2011,0
12/03/2011,0
13/03/2011,0
14/03/2011,6
15/03/2011,0
16/03/2011,0
17/03/2011,0
18/03/2011,0
19/03/2011,0
20/03/2011,0
21/03/2011,1
22/03/2011,0
23/03/2011,0
24/03/2011,0
25/03/2011,0
26/03/2011,0
27/03/2011,0
28/03/2011,1
29/03/2011,0
30/03/2011,0
31/03/2011,0
01/04/2011,0
02/04/2011,0
03/04/2011,0
04/04/2011,0
05/04/2011,0
06/04/2011,0
07/04/2011,0
08/04/2011,0
09/04/2011,0
10/04/2011,0
11/04/2011,0
12/04/2011,0
13/04/2011,0
14/04/2011,0
15/04/2011,0
16/04/2011,0
17/04/2011,0
18/04/2011,1
19/04/2011,0
20/04/2011,0
21/04/2011,0
22/04/2011,0
23/04/2011,0
24/04/2011,0
25/04/2011,0
26/04/2011,0
27/04/2011,0
28/04/2011,0
29/04/2011,0
30/04/2011,0
01/05/2011,0
02/05/2011,0
03/05/2011,0
04/05/2011,0
05/05/2011,0
06/05/2011,0
07/05/2011,0
08/05/2011,0
09/05/2011,0
10/05/2011,0
11/05/2011,0
12/05/2011,0
13/05/2011,0
14/05/2011,0
15/05/2011,0
16/05/2011,0
17/05/2011,0
18/05/2011,0
19/05/2011,0
20/05/2011,0
21/05/2011,0
22/05/2011,0
23/05/2011,0
24/05/2011,0
25/05/2011,0
26/05/2011,0
27/05/2011,0
28/05/2011,0
29/05/2011,0
30/05/2011,0
31/05/2011,0
01/06/2011,0
02/06/2011,0
03/06/2011,0
04/06/2011,0
05/06/2011,0
06/06/2011,0
07/06/2011,0
08/06/2011,0
09/06/2011,0
10/06/2011,0
11/06/2011,0
12/06/2011,0
13/06/2011,0
14/06/2011,0
15/06/2011,0
16/06/2011,0
17/06/2011,0
18/06/2011,0
19/06/2011,0
20/06/2011,0
21/06/2011,0
22/06/2011,0
23/06/2011,0
24/06/2011,0
25/06/2011,0
26/06/2011,0
27/06/2011,0
28/06/2011,0
29/06/2011,0
30/06/2011,0
01/07/2011,0
02/07/2011,0
03/07/2011,0
04/07/2011,0
05/07/2011,0
06/07/2011,0
07/07/2011,0
08/07/2011,0
09/07/2011,0
10/07/2011,0
11/07/2011,0
12/07/2011,0
13/07/2011,0
14/07/2011,0
15/07/2011,0
16/07/2011,0
17/07/2011,0
18/07/2011,0
19/07/2011,0
20/07/2011,0
21/07/2011,0
22/07/2011,0
23/07/2011,0
24/07/2011,0
25/07/2011,0
26/07/2011,0
27/07/2011,0
28/07/2011,0
29/07/2011,0
30/07/2011,0
31/07/2011,0
01/08/2011,0
02/08/2011,0
03/08/2011,0
04/08/2011,0
05/08/2011,0
06/08/2011,0
07/08/2011,0
08/08/2011,0
09/08/2011,0
10/08/2011,0
11/08/2011,0
12/08/2011,0
13/08/2011,0
14/08/2011,0
15/08/2011,0
16/08/2011,0
17/08/2011,0
18/08/2011,0
19/08/2011,0
20/08/2011,0
21/08/2011,0
22/08/2011,0
23/08/2011,0
24/08/2011,0
25/08/2011,0
26/08/2011,0
27/08/2011,0
28/08/2011,0
29/08/2011,0
30/08/2011,0
31/08/2011,0
01/09/2011,0
02/09/2011,0
03/09/2011,0
04/09/2011,0
05/09/2011,0
06/09/2011,0
07/09/2011,0
08/09/2011,0
09/09/2011,0
10/09/2011,0
11/09/2011,0
12/09/2011,0
13/09/2011,0
14/09/2011,0
15/09/2011,0
16/09/2011,0
17/09/2011,0
18/09/2011,0
19/09/2011,0
20/09/2011,0
21/09/2011,0
22/09/2011,0
23/09/2011,0
24/09/2011,0
25/09/2011,0
26/09/2011,0
27/09/2011,0
28/09/2011,0
29/09/2011,0
30/09/2011,0
01/10/2011,0
02/10/2011,0
03/10/2011,0
04/10/2011,0
05/10/2011,0
06/10/2011,0
07/10/2011,0
08/10/2011,0
09/10/2011,0
10/10/2011,0
11/10/2011,0
12/10/2011,0
13/10/2011,0
14/10/2011,0
15/10/2011,0
16/10/2011,0
17/10/2011,0
18/10/2011,0
19/10/2011,0
20/10/2011,0
21/10/2011,0
22/10/2011,0
23/10/2011,0
24/10/2011,0
25/10/2011,0
26/10/2011,0
27/10/2011,0
28/10/2011,0
29/10/2011,0
30/10/2011,0
31/10/2011,0
01/11/2011,0
02/11/2011,0
03/11/2011,0
04/11/2011,0
05/11/2011,0
06/11/2011,0
07/11/2011,0
08/11/2011,0
09/11/2011,0
10/11/2011,0
11/11/2011,0
12/11/2011,0
13/11/2011,0
14/11/2011,0
15/11/2011,0
16/11/2011,0
17/11/2011,0
18/11/2011,0
19/11/2011,0
20/11/2011,0
21/11/2011,0
22/11/2011,0
23/11/2011,0
24/11/2011,0
25/11/2011,0
26/11/2011,0
27/11/2011,0
28/11/2011,0
29/11/2011,0
30/11/2011,0
01/12/2011,0
02/12/2011,0
03/12/2011,0
04/12/2011,0
05/12/2011,0
06/12/2011,0
07/12/2011,0
08/12/2011,0
09/12/2011,0
10/12/2011,0
11/12/2011,0
12/12/2011,0
13/12/2011,0
14/12/2011,0
15/12/2011,0
16/12/2011,0
17/12/2011,0
18/12/2011,0
19/12/2011,1
20/12/2011,0
21/12/2011,0
22/12/2011,0
23/12/2011,0
24/12/2011,0
25/12/2011,0
26/12/2011,1
27/12/2011,0
28/12/2011,0
29/12/2011,0
30/12/2011,0
31/12/2011,0
01/01/2012,0
02/01/2012,1
03/01/2012,0
04/01/2012,0
05/01/2012,0
06/01/2012,0
07/01/2012,0
08/01/2012,0
09/01/2012,0
10/01/2012,0
11/01/2012,0
12/01/2012,0
13/01/2012,0
14/01/2012,0
15/01/2012,0
16/01/2012,1
17/01/2012,0
18/01/2012,0
19/01/2012,0
20/01/2012,0
21/01/2012,0
22/01/2012,0
23/01/2012,0
24/01/2012,0
25/01/2012,0
26/01/2012,0
27/01/2012,0
28/01/2012,0
29/01/2012,0
30/01/2012,0
31/01/2012,0
01/02/2012,0
02/02/2012,0
03/02/2012,0
04/02/2012,0
05/02/2012,0
06/02/2012,1
07/02/2012,0
08/02/2012,0
09/02/2012,0
10/02/2012,0
11/02/2012,0
12/02/2012,0
13/02/2012,0
14/02/2012,0
15/02/2012,0
16/02/2012,0
17/02/2012,0
18/02/2012,0
19/02/2012,0
20/02/2012,2
21/02/2012,0
22/02/2012,0
23/02/2012,0
24/02/2012,0
25/02/2012,0
26/02/2012,0
27/02/2012,2
28/02/2012,0
29/02/2012,0
01/03/2012,0
02/03/2012,0
03/03/2012,0
04/03/2012,0
05/03/2012,0
06/03/2012,0
07/03/2012,0
08/03/2012,0
09/03/2012,0
10/03/2012,0
11/03/2012,0
12/03/2012,0
13/03/2012,0
14/03/2012,0
15/03/2012,0
16/03/2012,0
17/03/2012,0
18/03/2012,0
19/03/2012,1
20/03/2012,0
21/03/2012,0
22/03/2012,0
23/03/2012,0
24/03/2012,0
25/03/2012,0
26/03/2012,0
27/03/2012,0
28/03/2012,0
29/03/2012,0
30/03/2012,0
31/03/2012,0
01/04/2012,0
02/04/2012,0
03/04/2012,0
04/04/2012,0
05/04/2012,0
06/04/2012,0
07/04/2012,0
08/04/2012,0
09/04/2012,2
10/04/2012,0
11/04/2012,0
12/04/2012,0
13/04/2012,0
14/04/2012,0
15/04/2012,0
16/04/2012,2
17/04/2012,0
18/04/2012,0
19/04/2012,0
20/04/2012,0
21/04/2012,0
22/04/2012,0
23/04/2012,0
24/04/2012,0
25/04/2012,0
26/04/2012,0
27/04/2012,0
28/04/2012,0
29/04/2012,0
30/04/2012,2
01/05/2012,0
02/05/2012,0
03/05/2012,0
04/05/2012,0
05/05/2012,0
06/05/2012,0
07/05/2012,1
08/05/2012,0
09/05/2012,0
10/05/2012,0
11/05/2012,0
12/05/2012,0
13/05/2012,0
14/05/2012,1
15/05/2012,0
16/05/2012,0
17/05/2012,0
18/05/2012,0
19/05/2012,0
20/05/2012,0
21/05/2012,2
22/05/2012,0
23/05/2012,0
24/05/2012,0
25/05/2012,0
26/05/2012,0
27/05/2012,0
28/05/2012,0
29/05/2012,0
30/05/2012,0
31/05/2012,0
01/06/2012,0
02/06/2012,0
03/06/2012,0
04/06/2012,0
05/06/2012,0
06/06/2012,0
07/06/2012,0
08/06/2012,0
09/06/2012,0
10/06/2012,0
11/06/2012,0
12/06/2012,0
13/06/2012,0
14/06/2012,0
15/06/2012,0
16/06/2012,0
17/06/2012,0
18/06/2012,0
19/06/2012,0
20/06/2012,0
21/06/2012,0
22/06/2012,0
23/06/2012,0
24/06/2012,0
25/06/2012,0
26/06/2012,0
27/06/2012,0
28/06/2012,0
29/06/2012,0
30/06/2012,0
01/07/2012,0
02/07/2012,0
03/07/2012,0
04/07/2012,0
05/07/2012,0
06/07/2012,0
07/07/2012,0
08/07/2012,0
09/07/2012,2
10/07/2012,0
11/07/2012,0
12/07/2012,0
13/07/2012,0
14/07/2012,0
15/07/2012,0
16/07/2012,1
17/07/2012,0
18/07/2012,0
19/07/2012,0
20/07/2012,0
21/07/2012,0
22/07/2012,0
23/07/2012,0
24/07/2012,0
25/07/2012,0
26/07/2012,0
27/07/2012,0
28/07/2012,0
29/07/2012,0
30/07/2012,1
31/07/2012,0
01/08/2012,0
02/08/2012,0
03/08/2012,0
04/08/2012,0
05/08/2012,0
06/08/2012,0
07/08/2012,0
08/08/2012,0
09/08/2012,0
10/08/2012,0
11/08/2012,0
12/08/2012,0
13/08/2012,1
14/08/2012,0
15/08/2012,0
16/08/2012,0
17/08/2012,0
18/08/2012,0
19/08/2012,0
20/08/2012,0
21/08/2012,0
22/08/2012,0
23/08/2012,0
24/08/2012,0
25/08/2012,0
26/08/2012,0
27/08/2012,0
28/08/2012,0
29/08/2012,0
30/08/2012,0
31/08/2012,0
01/09/2012,0
02/09/2012,0
03/09/2012,0
04/09/2012,0
05/09/2012,0
06/09/2012,0
07/09/2012,0
08/09/2012,0
09/09/2012,0
10/09/2012,0
11/09/2012,0
12/09/2012,0
13/09/2012,0
14/09/2012,0
15/09/2012,0
16/09/2012,0
17/09/2012,0
18/09/2012,0
19/09/2012,0
20/09/2012,0
21/09/2012,0
22/09/2012,0
23/09/2012,0
24/09/2012,0
25/09/2012,0
26/09/2012,0
27/09/2012,0
28/09/2012,0
29/09/2012,0
30/09/2012,0
01/10/2012,0
02/10/2012,0
03/10/2012,0
04/10/2012,0
05/10/2012,0
06/10/2012,0
07/10/2012,0
08/10/2012,0
09/10/2012,0
10/10/2012,0
11/10/2012,0
12/10/2012,0
13/10/2012,0
14/10/2012,0
15/10/2012,1
16/10/2012,0
17/10/2012,0
18/10/2012,0
19/10/2012,0
20/10/2012,0
21/10/2012,0
22/10/2012,0
23/10/2012,0
24/10/2012,0
25/10/2012,0
26/10/2012,0
27/10/2012,0
28/10/2012,0
29/10/2012,0
30/10/2012,0
31/10/2012,0
01/11/2012,0
02/11/2012,0
03/11/2012,0
04/11/2012,0
05/11/2012,0
06/11/2012,0
07/11/2012,0
08/11/2012,0
09/11/2012,0
10/11/2012,0
11/11/2012,0
12/11/2012,0
13/11/2012,0
14/11/2012,0
15/11/2012,0
16/11/2012,0
17/11/2012,0
18/11/2012,0
19/11/2012,0
20/11/2012,0
21/11/2012,0
22/11/2012,0
23/11/2012,0
24/11/2012,0
25/11/2012,0
26/11/2012,0
27/11/2012,0
28/11/2012,0
29/11/2012,0
30/11/2012,0
01/12/2012,0
02/12/2012,0
03/12/2012,0
04/12/2012,0
05/12/2012,0
06/12/2012,0
07/12/2012,0
08/12/2012,0
09/12/2012,0
10/12/2012,0
11/12/2012,0
12/12/2012,0
13/12/2012,0
14/12/2012,0
15/12/2012,0
16/12/2012,0
17/12/2012,0
18/12/2012,0
19/12/2012,0
20/12/2012,0
21/12/2012,0
22/12/2012,0
23/12/2012,0
24/12/2012,0
25/12/2012,0
26/12/2012,0
27/12/2012,0
28/12/2012,0
29/12/2012,0
30/12/2012,0
31/12/2012,0
01/01/2013,0
02/01/2013,0
03/01/2013,0
04/01/2013,0
05/01/2013,0
06/01/2013,0
07/01/2013,0
08/01/2013,0
09/01/2013,0
10/01/2013,0
11/01/2013,0
12/01/2013,0
13/01/2013,0
14/01/2013,0
15/01/2013,0
16/01/2013,0
17/01/2013,0
18/01/2013,0
19/01/2013,0
20/01/2013,0
21/01/2013,0
22/01/2013,0
23/01/2013,0
24/01/2013,0
25/01/2013,0
26/01/2013,0
27/01/2013,0
28/01/2013,0
29/01/2013,0
30/01/2013,0
31/01/2013,0
01/02/2013,0
02/02/2013,0
03/02/2013,0
04/02/2013,0
05/02/2013,0
06/02/2013,0
07/02/2013,0
08/02/2013,0
09/02/2013,0
10/02/2013,0
11/02/2013,0
12/02/2013,0
13/02/2013,0
14/02/2013,0
15/02/2013,0
16/02/2013,0
17/02/2013,0
18/02/2013,0
19/02/2013,0
20/02/2013,0
21/02/2013,0
22/02/2013,0
23/02/2013,0
24/02/2013,0
25/02/2013,0
26/02/2013,0
27/02/2013,0
28/02/2013,0
01/03/2013,0
02/03/2013,0
03/03/2013,0
04/03/2013,0
05/03/2013,0
06/03/2013,0
07/03/2013,0
08/03/2013,0
09/03/2013,0
10/03/2013,0
11/03/2013,0
12/03/2013,0
13/03/2013,0
14/03/2013,0
15/03/2013,0
16/03/2013,0
17/03/2013,0
18/03/2013,0
19/03/2013,0
20/03/2013,0
21/03/2013,0
22/03/2013,0
23/03/2013,0
24/03/2013,0
25/03/2013,0
26/03/2013,0
27/03/2013,0
28/03/2013,0
29/03/2013,0
30/03/2013,0
31/03/2013,0
01/04/2013,1
02/04/2013,0
03/04/2013,0
04/04/2013,0
05/04/2013,0
06/04/2013,0
07/04/2013,0
08/04/2013,2
09/04/2013,0
10/04/2013,0
11/04/2013,0
12/04/2013,0
13/04/2013,0
14/04/2013,0
15/04/2013,0
16/04/2013,0
17/04/2013,0
18/04/2013,0
19/04/2013,0
20/04/2013,0
21/04/2013,0
22/04/2013,1
23/04/2013,0
24/04/2013,0
25/04/2013,0
26/04/2013,0
27/04/2013,0
28/04/2013,0
29/04/2013,0
30/04/2013,0
01/05/2013,0
02/05/2013,0
03/05/2013,0
04/05/2013,0
05/05/2013,0
06/05/2013,0
07/05/2013,0
08/05/2013,0
09/05/2013,0
10/05/2013,0
11/05/2013,0
12/05/2013,0
13/05/2013,0
14/05/2013,0
15/05/2013,0
16/05/2013,0
17/05/2013,0
18/05/2013,0
19/05/2013,0
20/05/2013,0
21/05/2013,0
22/05/2013,0
23/05/2013,0
24/05/2013,0
25/05/2013,0
26/05/2013,0
27/05/2013,0
28/05/2013,0
29/05/2013,0
30/05/2013,0
31/05/2013,0
01/06/2013,0
02/06/2013,0
03/06/2013,0
04/06/2013,0
05/06/2013,0
06/06/2013,0
07/06/2013,0
08/06/2013,0
09/06/2013,0
10/06/2013,0
11/06/2013,0
12/06/2013,0
13/06/2013,0
14/06/2013,0
15/06/2013,0
16/06/2013,0
17/06/2013,0
18/06/2013,0
19/06/2013,0
20/06/2013,0
21/06/2013,0
22/06/2013,0
23/06/2013,0
24/06/2013,0
25/06/2013,0
26/06/2013,0
27/06/2013,0
28/06/2013,0
29/06/2013,0
30/06/2013,0
01/07/2013,1
02/07/2013,0
03/07/2013,0
04/07/2013,0
05/07/2013,0
06/07/2013,0
07/07/2013,0
08/07/2013,0
09/07/2013,0
10/07/2013,0
11/07/2013,0
12/07/2013,0
13/07/2013,0
14/07/2013,0
15/07/2013,0
16/07/2013,0
17/07/2013,0
18/07/2013,0
19/07/2013,0
20/07/2013,0
21/07/2013,0
22/07/2013,1
23/07/2013,0
24/07/2013,0
25/07/2013,0
26/07/2013,0
27/07/2013,0
28/07/2013,0
29/07/2013,2
30/07/2013,0
31/07/2013,0
01/08/2013,0
02/08/2013,0
03/08/2013,0
04/08/2013,0
05/08/2013,3
06/08/2013,0
07/08/2013,0
08/08/2013,0
09/08/2013,0
10/08/2013,0
11/08/2013,0
12/08/2013,1
13/08/2013,0
14/08/2013,0
15/08/2013,0
16/08/2013,0
17/08/2013,0
18/08/2013,0
19/08/2013,2
20/08/2013,0
21/08/2013,0
22/08/2013,0
23/08/2013,0
24/08/2013,0
25/08/2013,0
26/08/2013,0
27/08/2013,0
28/08/2013,0
29/08/2013,0
30/08/2013,0
31/08/2013,0
01/09/2013,0
02/09/2013,1
03/09/2013,0
04/09/2013,0
05/09/2013,0
06/09/2013,0
07/09/2013,0
08/09/2013,0
09/09/2013,0
10/09/2013,0
11/09/2013,0
12/09/2013,0
13/09/2013,0
14/09/2013,0
15/09/2013,0
16/09/2013,0
17/09/2013,0
18/09/2013,0
19/09/2013,0
20/09/2013,0
21/09/2013,0
22/09/2013,0
23/09/2013,1
24/09/2013,0
25/09/2013,0
26/09/2013,0
27/09/2013,0
28/09/2013,0
29/09/2013,0
30/09/2013,0
01/10/2013,0
02/10/2013,0
03/10/2013,0
04/10/2013,0
05/10/2013,0
06/10/2013,0
07/10/2013,1
08/10/2013,0
09/10/2013,0
10/10/2013,0
11/10/2013,0
12/10/2013,0
13/10/2013,0
14/10/2013,1
15/10/2013,0
16/10/2013,0
17/10/2013,0
18/10/2013,0
19/10/2013,0
20/10/2013,0
21/10/2013,0
22/10/2013,0
23/10/2013,0
24/10/2013,0
25/10/2013,0
26/10/2013,0
27/10/2013,0
28/10/2013,0
29/10/2013,0
30/10/2013,0
31/10/2013,0
01/11/2013,0
02/11/2013,0
03/11/2013,0
04/11/2013,0
05/11/2013,0
06/11/2013,0
07/11/2013,0
08/11/2013,0
09/11/2013,0
10/11/2013,0
11/11/2013,0
12/11/2013,0
13/11/2013,0
14/11/2013,0
15/11/2013,0
16/11/2013,0
17/11/2013,0
18/11/2013,0
19/11/2013,0
20/11/2013,0
21/11/2013,0
22/11/2013,0
23/11/2013,0
24/11/2013,0
25/11/2013,0
26/11/2013,0
27/11/2013,0
28/11/2013,0
29/11/2013,0
30/11/2013,0
01/12/2013,0
02/12/2013,0
03/12/2013,0
04/12/2013,0
05/12/2013,0
06/12/2013,0
07/12/2013,0
08/12/2013,0
09/12/2013,0
10/12/2013,0
11/12/2013,0
12/12/2013,0
13/12/2013,0
14/12/2013,0
15/12/2013,0
16/12/2013,0
17/12/2013,0
18/12/2013,0
19/12/2013,0
20/12/2013,0
21/12/2013,0
22/12/2013,0
23/12/2013,0
24/12/2013,0
25/12/2013,0
26/12/2013,0
27/12/2013,0
28/12/2013,0
29/12/2013,0
30/12/2013,0
31/12/2013,0
01/01/2014,0
02/01/2014,0
03/01/2014,0
04/01/2014,0
05/01/2014,0
06/01/2014,0
07/01/2014,0
08/01/2014,0
09/01/2014,0
10/01/2014,0
11/01/2014,0
12/01/2014,0
13/01/2014,1
14/01/2014,0
15/01/2014,0
16/01/2014,0
17/01/2014,0
18/01/2014,0
19/01/2014,0
20/01/2014,0
21/01/2014,0
22/01/2014,0
23/01/2014,0
24/01/2014,0
25/01/2014,0
26/01/2014,0
27/01/2014,0
28/01/2014,0
29/01/2014,0
30/01/2014,0
31/01/2014,0
01/02/2014,0
02/02/2014,0
03/02/2014,0
04/02/2014,0
05/02/2014,0
06/02/2014,0
07/02/2014,0
08/02/2014,0
09/02/2014,0
10/02/2014,0
11/02/2014,0
12/02/2014,0
13/02/2014,0
14/02/2014,0
15/02/2014,0
16/02/2014,0
17/02/2014,0
18/02/2014,0
19/02/2014,0
20/02/2014,0
21/02/2014,0
22/02/2014,0
23/02/2014,0
24/02/2014,1
25/02/2014,0
26/02/2014,0
27/02/2014,0
28/02/2014,0
01/03/2014,0
02/03/2014,0
03/03/2014,1
04/03/2014,0
05/03/2014,0
06/03/2014,0
07/03/2014,0
08/03/2014,0
09/03/2014,0
10/03/2014,0
11/03/2014,0
12/03/2014,0
13/03/2014,0
14/03/2014,0
15/03/2014,0
16/03/2014,0
17/03/2014,2
18/03/2014,0
19/03/2014,0
20/03/2014,0
21/03/2014,0
22/03/2014,0
23/03/2014,0
24/03/2014,0
25/03/2014,0
26/03/2014,0
27/03/2014,0
28/03/2014,0
29/03/2014,0
30/03/2014,0
31/03/2014,1
01/04/2014,0
02/04/2014,0
03/04/2014,0
04/04/2014,0
05/04/2014,0
06/04/2014,0
07/04/2014,1
08/04/2014,0
09/04/2014,0
10/04/2014,0
11/04/2014,0
12/04/2014,0
13/04/2014,0
14/04/2014,1
15/04/2014,0
16/04/2014,0
17/04/2014,0
18/04/2014,0
19/04/2014,0
20/04/2014,0
21/04/2014,1
22/04/2014,0
23/04/2014,0
24/04/2014,0
25/04/2014,0
26/04/2014,0
27/04/2014,0
28/04/2014,3
29/04/2014,0
30/04/2014,0
01/05/2014,0
02/05/2014,0
03/05/2014,0
04/05/2014,0
05/05/2014,4
06/05/2014,0
07/05/2014,0
08/05/2014,0
09/05/2014,0
10/05/2014,0
11/05/2014,0
12/05/2014,6
13/05/2014,0
14/05/2014,0
15/05/2014,0
16/05/2014,0
17/05/2014,0
18/05/2014,0
19/05/2014,3
20/05/2014,0
21/05/2014,0
22/05/2014,0
23/05/2014,0
24/05/2014,0
25/05/2014,0
26/05/2014,10
27/05/2014,0
28/05/2014,0
29/05/2014,0
30/05/2014,0
31/05/2014,0
01/06/2014,0
02/06/2014,13
03/06/2014,0
04/06/2014,0
05/06/2014,0
06/06/2014,0
07/06/2014,0
08/06/2014,0
09/06/2014,27
10/06/2014,0
11/06/2014,0
12/06/2014,0
13/06/2014,0
14/06/2014,0
15/06/2014,0
16/06/2014,17
17/06/2014,0
18/06/2014,0
19/06/2014,0
20/06/2014,0
21/06/2014,0
22/06/2014,0
23/06/2014,40
24/06/2014,0
25/06/2014,0
26/06/2014,0
27/06/2014,0
28/06/2014,0
29/06/2014,0
30/06/2014,46
01/07/2014,0
02/07/2014,0
03/07/2014,0
04/07/2014,0
05/07/2014,0
06/07/2014,0
07/07/2014,68
08/07/2014,0
09/07/2014,0
10/07/2014,0
11/07/2014,0
12/07/2014,0
13/07/2014,0
14/07/2014,54
15/07/2014,0
16/07/2014,0
17/07/2014,0
18/07/2014,0
19/07/2014,0
20/07/2014,0
21/07/2014,42
22/07/2014,0
23/07/2014,0
24/07/2014,0
25/07/2014,0
26/07/2014,0
27/07/2014,0
28/07/2014,34
29/07/2014,0
30/07/2014,0
31/07/2014,0
01/08/2014,0
02/08/2014,0
03/08/2014,0
04/08/2014,19
05/08/2014,0
06/08/2014,0
07/08/2014,0
08/08/2014,0
09/08/2014,0
10/08/2014,0
11/08/2014,10
12/08/2014,0
13/08/2014,0
14/08/2014,0
15/08/2014,0
16/08/2014,0
17/08/2014,0
18/08/2014,11
19/08/2014,0
20/08/2014,0
21/08/2014,0
22/08/2014,0
23/08/2014,0
24/08/2014,0
25/08/2014,6
26/08/2014,0
27/08/2014,0
28/08/2014,0
29/08/2014,0
30/08/2014,0
31/08/2014,0
01/09/2014,3
02/09/2014,0
03/09/2014,0
04/09/2014,0
05/09/2014,0
06/09/2014,0
07/09/2014,0
08/09/2014,6
09/09/2014,0
10/09/2014,0
11/09/2014,0
12/09/2014,0
13/09/2014,0
14/09/2014,0
15/09/2014,4
16/09/2014,0
17/09/2014,0
18/09/2014,0
19/09/2014,0
20/09/2014,0
21/09/2014,0
22/09/2014,2
23/09/2014,0
24/09/2014,0
25/09/2014,0
26/09/2014,0
27/09/2014,0
28/09/2014,0
29/09/2014,1
30/09/2014,0
01/10/2014,0
02/10/2014,0
03/10/2014,0
04/10/2014,0
05/10/2014,0
06/10/2014,1
07/10/2014,0
08/10/2014,0
09/10/2014,0
10/10/2014,0
11/10/2014,0
12/10/2014,0
13/10/2014,0
14/10/2014,0
15/10/2014,0
16/10/2014,0
17/10/2014,0
18/10/2014,0
19/10/2014,0
20/10/2014,2
21/10/2014,0
22/10/2014,0
23/10/2014,0
24/10/2014,0
25/10/2014,0
26/10/2014,0
27/10/2014,0
28/10/2014,0
29/10/2014,0
30/10/2014,0
31/10/2014,0
01/11/2014,0
02/11/2014,0
03/11/2014,0
04/11/2014,0
05/11/2014,0
06/11/2014,0
07/11/2014,0
08/11/2014,0
09/11/2014,0
10/11/2014,1
11/11/2014,0
12/11/2014,0
13/11/2014,0
14/11/2014,0
15/11/2014,0
16/11/2014,0
17/11/2014,1
18/11/2014,0
19/11/2014,0
20/11/2014,0
21/11/2014,0
22/11/2014,0
23/11/2014,0
24/11/2014,1
25/11/2014,0
26/11/2014,0
27/11/2014,0
28/11/2014,0
29/11/2014,0
30/11/2014,0
01/12/2014,2
02/12/2014,0
03/12/2014,0
04/12/2014,0
05/12/2014,0
06/12/2014,0
07/12/2014,0
08/12/2014,2
09/12/2014,0
10/12/2014,0
11/12/2014,0
12/12/2014,0
13/12/2014,0
14/12/2014,0
15/12/2014,0
16/12/2014,0
17/12/2014,0
18/12/2014,0
19/12/2014,0
20/12/2014,0
21/12/2014,0
22/12/2014,1
23/12/2014,0
24/12/2014,0
25/12/2014,0
26/12/2014,0
27/12/2014,0
28/12/2014,0
29/12/2014,0
30/12/2014,0
31/12/2014,0
01/01/2015,0
02/01/2015,0
03/01/2015,0
04/01/2015,0
05/01/2015,0
06/01/2015,0
07/01/2015,0
08/01/2015,0
09/01/2015,0
10/01/2015,0
11/01/2015,0
12/01/2015,3
13/01/2015,0
14/01/2015,0
15/01/2015,0
16/01/2015,0
17/01/2015,0
18/01/2015,0
19/01/2015,1
20/01/2015,0
21/01/2015,0
22/01/2015,0
23/01/2015,0
24/01/2015,0
25/01/2015,0
26/01/2015,1
27/01/2015,0
28/01/2015,0
29/01/2015,0
30/01/2015,0
31/01/2015,0
01/02/2015,0
02/02/2015,1
03/02/2015,0
04/02/2015,0
05/02/2015,0
06/02/2015,0
07/02/2015,0
08/02/2015,0
09/02/2015,2
10/02/2015,0
11/02/2015,0
12/02/2015,0
13/02/2015,0
14/02/2015,0
15/02/2015,0
16/02/2015,0
17/02/2015,0
18/02/2015,0
19/02/2015,0
20/02/2015,0
21/02/2015,0
22/02/2015,0
23/02/2015,2
24/02/2015,0
25/02/2015,0
26/02/2015,0
27/02/2015,0
28/02/2015,0
01/03/2015,0
02/03/2015,1
03/03/2015,0
04/03/2015,0
05/03/2015,0
06/03/2015,0
07/03/2015,0
08/03/2015,0
09/03/2015,1
10/03/2015,0
11/03/2015,0
12/03/2015,0
13/03/2015,0
14/03/2015,0
15/03/2015,0
16/03/2015,0
17/03/2015,0
18/03/2015,0
19/03/2015,0
20/03/2015,0
21/03/2015,0
22/03/2015,0
23/03/2015,0
24/03/2015,0
25/03/2015,0
26/03/2015,0
27/03/2015,0
28/03/2015,0
29/03/2015,0
30/03/2015,4
31/03/2015,0
01/04/2015,0
02/04/2015,0
03/04/2015,0
04/04/2015,0
05/04/2015,0
06/04/2015,1
07/04/2015,0
08/04/2015,0
09/04/2015,0
10/04/2015,0
11/04/2015,0
12/04/2015,0
13/04/2015,0
14/04/2015,0
15/04/2015,0
16/04/2015,0
17/04/2015,0
18/04/2015,0
19/04/2015,0
20/04/2015,3
21/04/2015,0
22/04/2015,0
23/04/2015,0
24/04/2015,0
25/04/2015,0
26/04/2015,0
27/04/2015,3
28/04/2015,0
29/04/2015,0
30/04/2015,0
01/05/2015,0
02/05/2015,0
03/05/2015,0
04/05/2015,1
05/05/2015,0
06/05/2015,0
07/05/2015,0
08/05/2015,0
09/05/2015,0
10/05/2015,0
11/05/2015,3
12/05/2015,0
13/05/2015,0
14/05/2015,0
15/05/2015,0
16/05/2015,0
17/05/2015,0
18/05/2015,9
19/05/2015,0
20/05/2015,0
21/05/2015,0
22/05/2015,0
23/05/2015,0
24/05/2015,0
25/05/2015,4
26/05/2015,0
27/05/2015,0
28/05/2015,0
29/05/2015,0
30/05/2015,0
31/05/2015,0
01/06/2015,13
02/06/2015,0
03/06/2015,0
04/06/2015,0
05/06/2015,0
06/06/2015,0
07/06/2015,0
08/06/2015,9
09/06/2015,0
10/06/2015,0
11/06/2015,0
12/06/2015,0
13/06/2015,0
14/06/2015,0
15/06/2015,12
16/06/2015,0
17/06/2015,0
18/06/2015,0
19/06/2015,0
20/06/2015,0
21/06/2015,0
22/06/2015,9
23/06/2015,0
24/06/2015,0
25/06/2015,0
26/06/2015,0
27/06/2015,0
28/06/2015,0
29/06/2015,8
30/06/2015,0
01/07/2015,0
02/07/2015,0
03/07/2015,0
04/07/2015,0
05/07/2015,0
06/07/2015,4
07/07/2015,0
08/07/2015,0
09/07/2015,0
10/07/2015,0
11/07/2015,0
12/07/2015,0
13/07/2015,0
14/07/2015,0
15/07/2015,0
16/07/2015,0
17/07/2015,0
18/07/2015,0
19/07/2015,0
20/07/2015,0
21/07/2015,0
22/07/2015,0
23/07/2015,0
24/07/2015,0
25/07/2015,0
26/07/2015,0
27/07/2015,0
28/07/2015,0
29/07/2015,0
30/07/2015,0
31/07/2015,0
01/08/2015,0
02/08/2015,0
03/08/2015,0
04/08/2015,0
05/08/2015,0
06/08/2015,0
07/08/2015,0
08/08/2015,0
09/08/2015,0
10/08/2015,0
11/08/2015,0
12/08/2015,0
13/08/2015,0
14/08/2015,0
15/08/2015,0
16/08/2015,0
17/08/2015,0
18/08/2015,0
19/08/2015,0
20/08/2015,0
21/08/2015,0
22/08/2015,0
23/08/2015,0
24/08/2015,0
25/08/2015,0
26/08/2015,0
27/08/2015,0
28/08/2015,0
29/08/2015,0
30/08/2015,0
31/08/2015,0
01/09/2015,0
02/09/2015,0
03/09/2015,0
04/09/2015,0
05/09/2015,0
06/09/2015,0
07/09/2015,0
08/09/2015,0
09/09/2015,0
10/09/2015,0
11/09/2015,0
12/09/2015,0
13/09/2015,0
14/09/2015,0
15/09/2015,0
16/09/2015,0
17/09/2015,0
18/09/2015,0
19/09/2015,0
20/09/2015,0
21/09/2015,0
22/09/2015,0
23/09/2015,0
24/09/2015,0
25/09/2015,0
26/09/2015,0
27/09/2015,0
28/09/2015,0
29/09/2015,0
30/09/2015,0
01/10/2015,0
02/10/2015,0
03/10/2015,0
04/10/2015,0
05/10/2015,0
06/10/2015,0
07/10/2015,0
08/10/2015,0
09/10/2015,0
10/10/2015,0
11/10/2015,0
12/10/2015,0
13/10/2015,0
14/10/2015,0
15/10/2015,0
16/10/2015,0
17/10/2015,0
18/10/2015,0
19/10/2015,0
20/10/2015,0
21/10/2015,0
22/10/2015,0
23/10/2015,0
24/10/2015,0
25/10/2015,0
26/10/2015,0
27/10/2015,0
28/10/2015,0
29/10/2015,0
30/10/2015,0
31/10/2015,0
01/11/2015,0
02/11/2015,0
03/11/2015,0
04/11/2015,0
05/11/2015,0
06/11/2015,0
07/11/2015,0
08/11/2015,0
09/11/2015,0
10/11/2015,0
11/11/2015,0
12/11/2015,0
13/11/2015,0
14/11/2015,0
15/11/2015,0
16/11/2015,0
17/11/2015,0
18/11/2015,0
19/11/2015,0
20/11/2015,0
21/11/2015,0
22/11/2015,0
23/11/2015,0
24/11/2015,0
25/11/2015,0
26/11/2015,0
27/11/2015,0
28/11/2015,0
29/11/2015,0
30/11/2015,0
01/12/2015,0
02/12/2015,0
03/12/2015,0
04/12/2015,0
05/12/2015,0
06/12/2015,0
07/12/2015,0
08/12/2015,0
09/12/2015,0
10/12/2015,0
11/12/2015,0
12/12/2015,0
13/12/2015,0
14/12/2015,0
15/12/2015,0
16/12/2015,0
17/12/2015,0
18/12/2015,0
19/12/2015,0
20/12/2015,0
21/12/2015,0
22/12/2015,0
23/12/2015,0
24/12/2015,0
25/12/2015,0
26/12/2015,0
27/12/2015,0
28/12/2015,2
29/12/2015,0
30/12/2015,0
31/12/2015,0
01/01/2016,0
02/01/2016,0
03/01/2016,0
04/01/2016,5
05/01/2016,0
06/01/2016,0
07/01/2016,0
08/01/2016,0
09/01/2016,0
10/01/2016,0
11/01/2016,2
12/01/2016,0
13/01/2016,0
14/01/2016,0
15/01/2016,0
16/01/2016,0
17/01/2016,0
18/01/2016,6
19/01/2016,0
20/01/2016,0
21/01/2016,0
22/01/2016,0
23/01/2016,0
24/01/2016,0
25/01/2016,7
26/01/2016,0
27/01/2016,0
28/01/2016,0
29/01/2016,0
30/01/2016,0
31/01/2016,0
01/02/2016,6
02/02/2016,0
03/02/2016,0
04/02/2016,0
05/02/2016,0
06/02/2016,0
07/02/2016,0
08/02/2016,10
09/02/2016,0
10/02/2016,0
11/02/2016,0
12/02/2016,0
13/02/2016,0
14/02/2016,0
15/02/2016,14
16/02/2016,0
17/02/2016,0
18/02/2016,0
19/02/2016,0
20/02/2016,0
21/02/2016,0
22/02/2016,11
23/02/2016,0
24/02/2016,0
25/02/2016,0
26/02/2016,0
27/02/2016,0
28/02/2016,0
29/02/2016,4
01/03/2016,0
02/03/2016,0
03/03/2016,0
04/03/2016,0
05/03/2016,0
06/03/2016,0
07/03/2016,7
08/03/2016,0
09/03/2016,0
10/03/2016,0
11/03/2016,0
12/03/2016,0
13/03/2016,0
14/03/2016,17
15/03/2016,0
16/03/2016,0
17/03/2016,0
18/03/2016,0
19/03/2016,0
20/03/2016,0
21/03/2016,22
22/03/2016,0
23/03/2016,0
24/03/2016,0
25/03/2016,0
26/03/2016,0
27/03/2016,0
28/03/2016,42
29/03/2016,0
30/03/2016,0
31/03/2016,0
01/04/2016,0
02/04/2016,0
03/04/2016,0
04/04/2016,36
05/04/2016,0
06/04/2016,0
07/04/2016,0
08/04/2016,0
09/04/2016,0
10/04/2016,0
11/04/2016,50
12/04/2016,0
13/04/2016,0
14/04/2016,0
15/04/2016,0
16/04/2016,0
17/04/2016,0
18/04/2016,30
19/04/2016,0
20/04/2016,0
21/04/2016,0
22/04/2016,0
23/04/2016,0
24/04/2016,0
25/04/2016,33
26/04/2016,0
27/04/2016,0
28/04/2016,0
29/04/2016,0
30/04/2016,0
01/05/2016,0
02/05/2016,49
03/05/2016,0
04/05/2016,0
05/05/2016,0
06/05/2016,0
07/05/2016,0
08/05/2016,0
09/05/2016,36
10/05/2016,0
11/05/2016,0
12/05/2016,0
13/05/2016,0
14/05/2016,0
15/05/2016,0
16/05/2016,34
17/05/2016,0
18/05/2016,0
19/05/2016,0
20/05/2016,0
21/05/2016,0
22/05/2016,0
23/05/2016,27
24/05/2016,0
25/05/2016,0
26/05/2016,0
27/05/2016,0
28/05/2016,0
29/05/2016,0
30/05/2016,53
31/05/2016,0
01/06/2016,0
02/06/2016,0
03/06/2016,0
04/06/2016,0
05/06/2016,0
06/06/2016,44
07/06/2016,0
08/06/2016,0
09/06/2016,0
10/06/2016,0
11/06/2016,0
12/06/2016,0
13/06/2016,25
14/06/2016,0
15/06/2016,0
16/06/2016,0
17/06/2016,0
18/06/2016,0
19/06/2016,0
20/06/2016,32
21/06/2016,0
22/06/2016,0
23/06/2016,0
24/06/2016,0
25/06/2016,0
26/06/2016,0
27/06/2016,27
28/06/2016,0
29/06/2016,0
30/06/2016,0
01/07/2016,0
02/07/2016,0
03/07/2016,0
04/07/2016,25
05/07/2016,0
06/07/2016,0
07/07/2016,0
08/07/2016,0
09/07/2016,0
10/07/2016,0
11/07/2016,10
12/07/2016,0
13/07/2016,0
14/07/2016,0
15/07/2016,0
16/07/2016,0
17/07/2016,0
18/07/2016,9
19/07/2016,0
20/07/2016,0
21/07/2016,0
22/07/2016,0
23/07/2016,0
24/07/2016,0
25/07/2016,4
26/07/2016,0
27/07/2016,0
28/07/2016,0
29/07/2016,0
30/07/2016,0
31/07/2016,0
01/08/2016,5
02/08/2016,0
03/08/2016,0
04/08/2016,0
05/08/2016,0
06/08/2016,0
07/08/2016,0
08/08/2016,3
09/08/2016,0
10/08/2016,0
11/08/2016,0
12/08/2016,0
13/08/2016,0
14/08/2016,0
15/08/2016,4
16/08/2016,0
17/08/2016,0
18/08/2016,0
19/08/2016,0
20/08/2016,0
21/08/2016,0
22/08/2016,5
23/08/2016,0
24/08/2016,0
25/08/2016,0
26/08/2016,0
27/08/2016,0
28/08/2016,0
29/08/2016,1
30/08/2016,0
31/08/2016,0
01/09/2016,0
02/09/2016,0
03/09/2016,0
04/09/2016,0
05/09/2016,0
06/09/2016,0
07/09/2016,0
08/09/2016,0
09/09/2016,0
10/09/2016,0
11/09/2016,0
12/09/2016,3
13/09/2016,0
14/09/2016,0
15/09/2016,0
16/09/2016,0
17/09/2016,0
18/09/2016,0
19/09/2016,0
20/09/2016,0
21/09/2016,0
22/09/2016,0
23/09/2016,0
24/09/2016,0
25/09/2016,0
26/09/2016,0
27/09/2016,0
28/09/2016,0
29/09/2016,0
30/09/2016,0
01/10/2016,0
02/10/2016,0
03/10/2016,0
04/10/2016,0
05/10/2016,0
06/10/2016,0
07/10/2016,0
08/10/2016,0
09/10/2016,0
10/10/2016,3
11/10/2016,0
12/10/2016,0
13/10/2016,0
14/10/2016,0
15/10/2016,0
16/10/2016,0
17/10/2016,4
18/10/2016,0
19/10/2016,0
20/10/2016,0
21/10/2016,0
22/10/2016,0
23/10/2016,0
24/10/2016,2
25/10/2016,0
26/10/2016,0
27/10/2016,0
28/10/2016,0
29/10/2016,0
30/10/2016,0
31/10/2016,1
01/11/2016,0
02/11/2016,0
03/11/2016,0
04/11/2016,0
05/11/2016,0
06/11/2016,0
07/11/2016,1
08/11/2016,0
09/11/2016,0
10/11/2016,0
11/11/2016,0
12/11/2016,0
13/11/2016,0
14/11/2016,1
15/11/2016,0
16/11/2016,0
17/11/2016,0
18/11/2016,0
19/11/2016,0
20/11/2016,0
21/11/2016,3
22/11/2016,0
23/11/2016,0
24/11/2016,0
25/11/2016,0
26/11/2016,0
27/11/2016,0
28/11/2016,0
29/11/2016,0
30/11/2016,0
01/12/2016,0
02/12/2016,0
03/12/2016,0
04/12/2016,0
05/12/2016,2
06/12/2016,0
07/12/2016,0
08/12/2016,0
09/12/2016,0
10/12/2016,0
11/12/2016,0
12/12/2016,1
13/12/2016,0
14/12/2016,0
15/12/2016,0
16/12/2016,0
17/12/2016,0
18/12/2016,0
19/12/2016,4
20/12/2016,0
21/12/2016,0
22/12/2016,0
23/12/2016,0
24/12/2016,0
25/12/2016,0
26/12/2016,0
27/12/2016,0
28/12/2016,0
29/12/2016,0
30/12/2016,0
31/12/2016,0
01/01/2017,0
02/01/2017,0
03/01/2017,0
04/01/2017,0
05/01/2017,0
06/01/2017,0
07/01/2017,0
08/01/2017,0
09/01/2017,0
10/01/2017,0
11/01/2017,0
12/01/2017,0
13/01/2017,0
14/01/2017,0
15/01/2017,0
16/01/2017,0
17/01/2017,0
18/01/2017,0
19/01/2017,0
20/01/2017,0
21/01/2017,0
22/01/2017,0
23/01/2017,0
24/01/2017,0
25/01/2017,0
26/01/2017,0
27/01/2017,0
28/01/2017,0
29/01/2017,0
30/01/2017,0
31/01/2017,0
01/02/2017,0
02/02/2017,0
03/02/2017,0
04/02/2017,0
05/02/2017,0
06/02/2017,0
07/02/2017,0
08/02/2017,0
09/02/2017,0
10/02/2017,0
11/02/2017,0
12/02/2017,0
13/02/2017,1
14/02/2017,0
15/02/2017,0
16/02/2017,0
17/02/2017,0
18/02/2017,0
19/02/2017,0
20/02/2017,0
21/02/2017,0
22/02/2017,0
23/02/2017,0
24/02/2017,0
25/02/2017,0
26/02/2017,0
27/02/2017,0
28/02/2017,0
01/03/2017,0
02/03/2017,0
03/03/2017,0
04/03/2017,0
05/03/2017,0
06/03/2017,1
07/03/2017,0
08/03/2017,0
09/03/2017,0
10/03/2017,0
11/03/2017,0
12/03/2017,0
13/03/2017,0
14/03/2017,0
15/03/2017,0
16/03/2017,0
17/03/2017,0
18/03/2017,0
19/03/2017,0
20/03/2017,0
21/03/2017,0
22/03/2017,0
23/03/2017,0
24/03/2017,0
25/03/2017,0
26/03/2017,0
27/03/2017,0
28/03/2017,0
29/03/2017,0
30/03/2017,0
31/03/2017,0
01/04/2017,0
02/04/2017,0
03/04/2017,0
04/04/2017,0
05/04/2017,0
06/04/2017,0
07/04/2017,0
08/04/2017,0
09/04/2017,0
10/04/2017,0
11/04/2017,0
12/04/2017,0
13/04/2017,0
14/04/2017,0
15/04/2017,0
16/04/2017,0
17/04/2017,0
18/04/2017,0
19/04/2017,0
20/04/2017,0
21/04/2017,0
22/04/2017,0
23/04/2017,0
24/04/2017,1
25/04/2017,0
26/04/2017,0
27/04/2017,0
28/04/2017,0
29/04/2017,0
30/04/2017,0
01/05/2017,1
02/05/2017,0
03/05/2017,0
04/05/2017,0
05/05/2017,0
06/05/2017,0
07/05/2017,0
08/05/2017,1
09/05/2017,0
10/05/2017,0
11/05/2017,0
12/05/2017,0
13/05/2017,0
14/05/2017,0
15/05/2017,0
16/05/2017,0
17/05/2017,0
18/05/2017,0
19/05/2017,0
20/05/2017,0
21/05/2017,0
22/05/2017,0
23/05/2017,0
24/05/2017,0
25/05/2017,0
26/05/2017,0
27/05/2017,0
28/05/2017,0
29/05/2017,1
30/05/2017,0
31/05/2017,0
01/06/2017,0
02/06/2017,0
03/06/2017,0
04/06/2017,0
05/06/2017,0
06/06/2017,0
07/06/2017,0
08/06/2017,0
09/06/2017,0
10/06/2017,0
11/06/2017,0
12/06/2017,1
13/06/2017,0
14/06/2017,0
15/06/2017,0
16/06/2017,0
17/06/2017,0
18/06/2017,0
19/06/2017,0
20/06/2017,0
21/06/2017,0
22/06/2017,0
23/06/2017,0
24/06/2017,0
25/06/2017,0
26/06/2017,0
27/06/2017,0
28/06/2017,0
29/06/2017,0
30/06/2017,0
01/07/2017,0
02/07/2017,0
03/07/2017,0
04/07/2017,0
05/07/2017,0
06/07/2017,0
07/07/2017,0
08/07/2017,0
09/07/2017,0
10/07/2017,1
11/07/2017,0
12/07/2017,0
13/07/2017,0
14/07/2017,0
15/07/2017,0
16/07/2017,0
17/07/2017,0
18/07/2017,0
19/07/2017,0
20/07/2017,0
21/07/2017,0
22/07/2017,0
23/07/2017,0
24/07/2017,1
25/07/2017,0
26/07/2017,0
27/07/2017,0
28/07/2017,0
29/07/2017,0
30/07/2017,0
31/07/2017,0
01/08/2017,0
02/08/2017,0
03/08/2017,0
04/08/2017,0
05/08/2017,0
06/08/2017,0
07/08/2017,0
08/08/2017,0
09/08/2017,0
10/08/2017,0
11/08/2017,0
12/08/2017,0
13/08/2017,0
14/08/2017,0
15/08/2017,0
16/08/2017,0
17/08/2017,0
18/08/2017,0
19/08/2017,0
20/08/2017,0
21/08/2017,0
22/08/2017,0
23/08/2017,0
24/08/2017,0
25/08/2017,0
26/08/2017,0
27/08/2017,0
28/08/2017,0
29/08/2017,0
30/08/2017,0
31/08/2017,0
01/09/2017,0
02/09/2017,0
03/09/2017,0
04/09/2017,0
05/09/2017,0
06/09/2017,0
07/09/2017,0
08/09/2017,0
09/09/2017,0
10/09/2017,0
11/09/2017,0
12/09/2017,0
13/09/2017,0
14/09/2017,0
15/09/2017,0
16/09/2017,0
17/09/2017,0
18/09/2017,0
19/09/2017,0
20/09/2017,0
21/09/2017,0
22/09/2017,0
23/09/2017,0
24/09/2017,0
25/09/2017,0
26/09/2017,0
27/09/2017,0
28/09/2017,0
29/09/2017,0
30/09/2017,0
01/10/2017,0
02/10/2017,0
03/10/2017,0
04/10/2017,0
05/10/2017,0
06/10/2017,0
07/10/2017,0
08/10/2017,0
09/10/2017,0
10/10/2017,0
11/10/2017,0
12/10/2017,0
13/10/2017,0
14/10/2017,0
15/10/2017,0
16/10/2017,0
17/10/2017,0
18/10/2017,0
19/10/2017,0
20/10/2017,0
21/10/2017,0
22/10/2017,0
23/10/2017,0
24/10/2017,0
25/10/2017,0
26/10/2017,0
27/10/2017,0
28/10/2017,0
29/10/2017,0
30/10/2017,0
31/10/2017,0
01/11/2017,0
02/11/2017,0
03/11/2017,0
04/11/2017,0
05/11/2017,0
06/11/2017,0
07/11/2017,0
08/11/2017,0
09/11/2017,0
10/11/2017,0
11/11/2017,0
12/11/2017,0
13/11/2017,0
14/11/2017,0
15/11/2017,0
16/11/2017,0
17/11/2017,0
18/11/2017,0
19/11/2017,0
20/11/2017,0
21/11/2017,0
22/11/2017,0
23/11/2017,0
24/11/2017,0
25/11/2017,0
26/11/2017,0
27/11/2017,0
28/11/2017,0
29/11/2017,0
30/11/2017,0
01/12/2017,0
02/12/2017,0
03/12/2017,0
04/12/2017,0
05/12/2017,0
06/12/2017,0
07/12/2017,0
08/12/2017,0
09/12/2017,0
10/12/2017,0
11/12/2017,0
12/12/2017,0
13/12/2017,0
14/12/2017,0
15/12/2017,0
16/12/2017,0
17/12/2017,0
18/12/2017,0
19/12/2017,0
20/12/2017,0
21/12/2017,0
22/12/2017,0
23/12/2017,0
24/12/2017,0
25/12/2017,1
26/12/2017,0
27/12/2017,0
28/12/2017,0
29/12/2017,0
30/12/2017,0
31/12/2017,0
01/01/2018,0
02/01/2018,0
03/01/2018,0
04/01/2018,0
05/01/2018,0
06/01/2018,0
07/01/2018,0
08/01/2018,0
09/01/2018,0
10/01/2018,0
11/01/2018,0
12/01/2018,0
13/01/2018,0
14/01/2018,0
15/01/2018,0
16/01/2018,0
17/01/2018,0
18/01/2018,0
19/01/2018,0
20/01/2018,0
21/01/2018,0
22/01/2018,0
23/01/2018,0
24/01/2018,0
25/01/2018,0
26/01/2018,0
27/01/2018,0
28/01/2018,0
29/01/2018,1
30/01/2018,0
31/01/2018,0
01/02/2018,0
02/02/2018,0
03/02/2018,0
04/02/2018,0
05/02/2018,0
06/02/2018,0
07/02/2018,0
08/02/2018,0
09/02/2018,0
10/02/2018,0
11/02/2018,0
12/02/2018,0
13/02/2018,0
14/02/2018,0
15/02/2018,0
16/02/2018,0
17/02/2018,0
18/02/2018,0
19/02/2018,0
20/02/2018,0
21/02/2018,0
22/02/2018,0
23/02/2018,0
24/02/2018,0
25/02/2018,0
26/02/2018,0
27/02/2018,0
28/02/2018,0
01/03/2018,0
02/03/2018,0
03/03/2018,0
04/03/2018,0
05/03/2018,0
06/03/2018,0
07/03/2018,0
08/03/2018,0
09/03/2018,0
10/03/2018,0
11/03/2018,0
12/03/2018,1
13/03/2018,0
14/03/2018,0
15/03/2018,0
16/03/2018,0
17/03/2018,0
18/03/2018,0
19/03/2018,0
20/03/2018,0
21/03/2018,0
22/03/2018,0
23/03/2018,0
24/03/2018,0
25/03/2018,0
26/03/2018,0
27/03/2018,0
28/03/2018,0
29/03/2018,0
30/03/2018,0
31/03/2018,0
01/04/2018,0
02/04/2018,0
03/04/2018,0
04/04/2018,0
05/04/2018,0
06/04/2018,0
07/04/2018,0
08/04/2018,0
09/04/2018,0
10/04/2018,0
11/04/2018,0
12/04/2018,0
13/04/2018,0
14/04/2018,0
15/04/2018,0
16/04/2018,0
17/04/2018,0
18/04/2018,0
19/04/2018,0
20/04/2018,0
21/04/2018,0
22/04/2018,0
23/04/2018,0
24/04/2018,0
25/04/2018,0
26/04/2018,0
27/04/2018,0
28/04/2018,0
29/04/2018,0
30/04/2018,0
01/05/2018,0
02/05/2018,0
03/05/2018,0
04/05/2018,0
05/05/2018,0
06/05/2018,0
07/05/2018,0
08/05/2018,0
09/05/2018,0
10/05/2018,0
11/05/2018,0
12/05/2018,0
13/05/2018,0
14/05/2018,0
15/05/2018,0
16/05/2018,0
17/05/2018,0
18/05/2018,0
19/05/2018,0
20/05/2018,0
21/05/2018,0
22/05/2018,0
23/05/2018,0
24/05/2018,0
25/05/2018,0
26/05/2018,0
27/05/2018,0
28/05/2018,0
29/05/2018,0
30/05/2018,0
31/05/2018,0
01/06/2018,0
02/06/2018,0
03/06/2018,0
04/06/2018,0
05/06/2018,0
06/06/2018,0
07/06/2018,0
08/06/2018,0
09/06/2018,0
10/06/2018,0
11/06/2018,0
12/06/2018,0
13/06/2018,0
14/06/2018,0
15/06/2018,0
16/06/2018,0
17/06/2018,0
18/06/2018,0
19/06/2018,0
20/06/2018,0
21/06/2018,0
22/06/2018,0
23/06/2018,0
24/06/2018,0
25/06/2018,0
26/06/2018,0
27/06/2018,0
28/06/2018,0
29/06/2018,0
30/06/2018,0
01/07/2018,0
02/07/2018,0
03/07/2018,0
04/07/2018,0
05/07/2018,0
06/07/2018,0
07/07/2018,0
08/07/2018,0
09/07/2018,0
10/07/2018,0
11/07/2018,0
12/07/2018,0
13/07/2018,0
14/07/2018,0
15/07/2018,0
16/07/2018,0
17/07/2018,0
18/07/2018,0
19/07/2018,0
20/07/2018,0
21/07/2018,0
22/07/2018,0
23/07/2018,0
24/07/2018,0
25/07/2018,0
26/07/2018,0
27/07/2018,0
28/07/2018,0
29/07/2018,0
30/07/2018,0
31/07/2018,0
01/08/2018,0
02/08/2018,0
03/08/2018,0
04/08/2018,0
05/08/2018,0
06/08/2018,0
07/08/2018,0
08/08/2018,0
09/08/2018,0
10/08/2018,0
11/08/2018,0
12/08/2018,0
13/08/2018,0
14/08/2018,0
15/08/2018,0
16/08/2018,0
17/08/2018,0
18/08/2018,0
19/08/2018,0
20/08/2018,0
21/08/2018,0
22/08/2018,0
23/08/2018,0
24/08/2018,0
25/08/2018,0
26/08/2018,0
27/08/2018,0
28/08/2018,0
29/08/2018,0
30/08/2018,0
31/08/2018,0
01/09/2018,0
02/09/2018,0
03/09/2018,0
04/09/2018,0
05/09/2018,0
06/09/2018,0
07/09/2018,0
08/09/2018,0
09/09/2018,0
10/09/2018,0
11/09/2018,0
12/09/2018,0
13/09/2018,0
14/09/2018,0
15/09/2018,0
16/09/2018,0
17/09/2018,1
18/09/2018,0
19/09/2018,0
20/09/2018,0
21/09/2018,0
22/09/2018,0
23/09/2018,0
24/09/2018,0
25/09/2018,0
26/09/2018,0
27/09/2018,0
28/09/2018,0
29/09/2018,0
30/09/2018,0
01/10/2018,0
02/10/2018,0
03/10/2018,0
04/10/2018,0
05/10/2018,0
06/10/2018,0
07/10/2018,0
08/10/2018,0
09/10/2018,0
10/10/2018,0
11/10/2018,0
12/10/2018,0
13/10/2018,0
14/10/2018,0
15/10/2018,0
16/10/2018,0
17/10/2018,0
18/10/2018,0
19/10/2018,0
20/10/2018,0
21/10/2018,0
22/10/2018,0
23/10/2018,0
24/10/2018,0
25/10/2018,0
26/10/2018,0
27/10/2018,0
28/10/2018,0
29/10/2018,0
30/10/2018,0
31/10/2018,0
01/11/2018,0
02/11/2018,0
03/11/2018,0
04/11/2018,0
05/11/2018,0
06/11/2018,0
07/11/2018,0
08/11/2018,0
09/11/2018,0
10/11/2018,0
11/11/2018,0
12/11/2018,0
13/11/2018,0
14/11/2018,0
15/11/2018,0
16/11/2018,0
17/11/2018,0
18/11/2018,0
19/11/2018,1
20/11/2018,0
21/11/2018,0
22/11/2018,0
23/11/2018,0
24/11/2018,0
25/11/2018,0
26/11/2018,0
27/11/2018,0
28/11/2018,0
29/11/2018,0
30/11/2018,0
01/12/2018,0
02/12/2018,0
03/12/2018,0
04/12/2018,0
05/12/2018,0
06/12/2018,0
07/12/2018,0
08/12/2018,0
09/12/2018,0
10/12/2018,0
11/12/2018,0
12/12/2018,0
13/12/2018,0
14/12/2018,0
15/12/2018,0
16/12/2018,0
17/12/2018,1
18/12/2018,0
19/12/2018,0
20/12/2018,0
21/12/2018,0
22/12/2018,0
23/12/2018,0
24/12/2018,0
25/12/2018,0
26/12/2018,0
27/12/2018,0
28/12/2018,0
29/12/2018,0
30/12/2018,0
31/12/2018,0
01/01/2019,0
02/01/2019,0
03/01/2019,0
04/01/2019,0
05/01/2019,0
06/01/2019,0
07/01/2019,1
08/01/2019,0
09/01/2019,0
10/01/2019,0
11/01/2019,0
12/01/2019,0
13/01/2019,0
14/01/2019,0
15/01/2019,0
16/01/2019,0
17/01/2019,0
18/01/2019,0
19/01/2019,0
20/01/2019,0
21/01/2019,0
22/01/2019,0
23/01/2019,0
24/01/2019,0
25/01/2019,0
26/01/2019,0
27/01/2019,0
28/01/2019,0
29/01/2019,0
30/01/2019,0
31/01/2019,0
01/02/2019,0
02/02/2019,0
03/02/2019,0
04/02/2019,0
05/02/2019,0
06/02/2019,0
07/02/2019,0
08/02/2019,0
09/02/2019,0
10/02/2019,0
11/02/2019,1
12/02/2019,0
13/02/2019,0
14/02/2019,0
15/02/2019,0
16/02/2019,0
17/02/2019,0
18/02/2019,0
19/02/2019,0
20/02/2019,0
21/02/2019,0
22/02/2019,0
23/02/2019,0
24/02/2019,0
25/02/2019,0
26/02/2019,0
27/02/2019,0
28/02/2019,0
01/03/2019,0
02/03/2019,0
03/03/2019,0
04/03/2019,0
05/03/2019,0
06/03/2019,0
07/03/2019,0
08/03/2019,0
09/03/2019,0
10/03/2019,0
11/03/2019,1
12/03/2019,0
13/03/2019,0
14/03/2019,0
15/03/2019,0
16/03/2019,0
17/03/2019,0
18/03/2019,0
19/03/2019,0
20/03/2019,0
21/03/2019,0
22/03/2019,0
23/03/2019,0
24/03/2019,0
25/03/2019,0
26/03/2019,0
27/03/2019,0
28/03/2019,0
29/03/2019,0
30/03/2019,0
31/03/2019,0
01/04/2019,1
02/04/2019,0
03/04/2019,0
04/04/2019,0
05/04/2019,0
06/04/2019,0
07/04/2019,0
08/04/2019,0
09/04/2019,0
10/04/2019,0
11/04/2019,0
12/04/2019,0
13/04/2019,0
14/04/2019,0
15/04/2019,1
16/04/2019,0
17/04/2019,0
18/04/2019,0
19/04/2019,0
20/04/2019,0
21/04/2019,0
22/04/2019,0
23/04/2019,0
24/04/2019,0
25/04/2019,0
26/04/2019,0
27/04/2019,0
28/04/2019,0
29/04/2019,2
30/04/2019,0
01/05/2019,0
02/05/2019,0
03/05/2019,0
04/05/2019,0
05/05/2019,0
06/05/2019,0
07/05/2019,0
08/05/2019,0
09/05/2019,0
10/05/2019,0
11/05/2019,0
12/05/2019,0
13/05/2019,0
14/05/2019,0
15/05/2019,0
16/05/2019,0
17/05/2019,0
18/05/2019,0
19/05/2019,0
20/05/2019,2
21/05/2019,0
22/05/2019,0
23/05/2019,0
24/05/2019,0
25/05/2019,0
26/05/2019,0
27/05/2019,2
28/05/2019,0
29/05/2019,0
30/05/2019,0
31/05/2019,0
01/06/2019,0
02/06/2019,0
03/06/2019,0
04/06/2019,0
05/06/2019,0
06/06/2019,0
07/06/2019,0
08/06/2019,0
09/06/2019,0
10/06/2019,2
11/06/2019,0
12/06/2019,0
13/06/2019,0
14/06/2019,0
15/06/2019,0
16/06/2019,0
17/06/2019,2
18/06/2019,0
19/06/2019,0
20/06/2019,0
21/06/2019,0
22/06/2019,0
23/06/2019,0
24/06/2019,0
25/06/2019,0
26/06/2019,0
27/06/2019,0
28/06/2019,0
29/06/2019,0
30/06/2019,0
01/07/2019,0
02/07/2019,0
03/07/2019,0
04/07/2019,0
05/07/2019,0
06/07/2019,0
07/07/2019,0
08/07/2019,2
09/07/2019,0
10/07/2019,0
11/07/2019,0
12/07/2019,0
13/07/2019,0
14/07/2019,0
15/07/2019,0
16/07/2019,0
17/07/2019,0
18/07/2019,0
19/07/2019,0
20/07/2019,0
21/07/2019,0
22/07/2019,1
23/07/2019,0
24/07/2019,0
25/07/2019,0
26/07/2019,0
27/07/2019,0
28/07/2019,0
29/07/2019,1
30/07/2019,0
31/07/2019,0
01/08/2019,0
02/08/2019,0
03/08/2019,0
04/08/2019,0
05/08/2019,13
06/08/2019,0
07/08/2019,0
08/08/2019,0
09/08/2019,0
10/08/2019,0
11/08/2019,0
12/08/2019,16
13/08/2019,0
14/08/2019,0
15/08/2019,0
16/08/2019,0
17/08/2019,0
18/08/2019,0
19/08/2019,13
20/08/2019,0
21/08/2019,0
22/08/2019,0
23/08/2019,0
24/08/2019,0
25/08/2019,0
26/08/2019,7
27/08/2019,0
28/08/2019,0
29/08/2019,0
30/08/2019,0
31/08/2019,0
01/09/2019,0
02/09/2019,13
03/09/2019,0
04/09/2019,0
05/09/2019,0
06/09/2019,0
07/09/2019,0
08/09/2019,0
09/09/2019,6
10/09/2019,0
11/09/2019,0
12/09/2019,0
13/09/2019,0
14/09/2019,0
15/09/2019,0
16/09/2019,3
17/09/2019,0
18/09/2019,0
19/09/2019,0
20/09/2019,0
21/09/2019,0
22/09/2019,0
23/09/2019,2
24/09/2019,0
25/09/2019,0
26/09/2019,0
27/09/2019,0
28/09/2019,0
29/09/2019,0
30/09/2019,0
01/10/2019,0
02/10/2019,0
03/10/2019,0
04/10/2019,0
05/10/2019,0
06/10/2019,0
07/10/2019,2
08/10/2019,0
09/10/2019,0
10/10/2019,0
11/10/2019,0
12/10/2019,0
13/10/2019,0
14/10/2019,0
15/10/2019,0
16/10/2019,0
17/10/2019,0
18/10/2019,0
19/10/2019,0
20/10/2019,0
21/10/2019,0
22/10/2019,0
23/10/2019,0
24/10/2019,0
25/10/2019,0
26/10/2019,0
27/10/2019,0
28/10/2019,0
29/10/2019,0
30/10/2019,0
31/10/2019,0
01/11/2019,0
02/11/2019,0
03/11/2019,0
04/11/2019,0
05/11/2019,0
06/11/2019,0
07/11/2019,0
08/11/2019,0
09/11/2019,0
10/11/2019,0
11/11/2019,0
12/11/2019,0
13/11/2019,0
14/11/2019,0
15/11/2019,0
16/11/2019,0
17/11/2019,0
18/11/2019,0
19/11/2019,0
20/11/2019,0
21/11/2019,0
22/11/2019,0
23/11/2019,0
24/11/2019,0
25/11/2019,0
26/11/2019,0
27/11/2019,0
28/11/2019,0
29/11/2019,0
30/11/2019,0
01/12/2019,0
02/12/2019,0
03/12/2019,0
04/12/2019,0
05/12/2019,0
06/12/2019,0
07/12/2019,0
08/12/2019,0
09/12/2019,0
10/12/2019,0
11/12/2019,0
12/12/2019,0
13/12/2019,0
14/12/2019,0
15/12/2019,0
16/12/2019,0
17/12/2019,0
18/12/2019,0
19/12/2019,0
20/12/2019,0
21/12/2019,0
22/12/2019,0
23/12/2019,0
24/12/2019,0
25/12/2019,0
26/12/2019,0
27/12/2019,0
28/12/2019,0
