data,Infectados,Semana,Ano
01/01/2007,4,1,2007
02/01/2007,0,1,2007
03/01/2007,0,1,2007
04/01/2007,0,1,2007
05/01/2007,0,1,2007
06/01/2007,0,1,2007
07/01/2007,0,2,2007
08/01/2007,6,2,2007
09/01/2007,0,2,2007
10/01/2007,0,2,2007
11/01/2007,0,2,2007
12/01/2007,0,2,2007
13/01/2007,0,2,2007
14/01/2007,0,3,2007
15/01/2007,6,3,2007
16/01/2007,0,3,2007
17/01/2007,0,3,2007
18/01/2007,0,3,2007
19/01/2007,0,3,2007
20/01/2007,0,3,2007
21/01/2007,0,4,2007
22/01/2007,4,4,2007
23/01/2007,0,4,2007
24/01/2007,0,4,2007
25/01/2007,0,4,2007
26/01/2007,0,4,2007
27/01/2007,0,4,2007
28/01/2007,0,5,2007
29/01/2007,8,5,2007
30/01/2007,0,5,2007
31/01/2007,0,5,2007
01/02/2007,0,5,2007
02/02/2007,0,5,2007
03/02/2007,0,5,2007
04/02/2007,0,6,2007
05/02/2007,2,6,2007
06/02/2007,0,6,2007
07/02/2007,0,6,2007
08/02/2007,0,6,2007
09/02/2007,0,6,2007
10/02/2007,0,6,2007
11/02/2007,0,7,2007
12/02/2007,8,7,2007
13/02/2007,0,7,2007
14/02/2007,0,7,2007
15/02/2007,0,7,2007
16/02/2007,0,7,2007
17/02/2007,0,7,2007
18/02/2007,0,8,2007
19/02/2007,6,8,2007
20/02/2007,0,8,2007
21/02/2007,0,8,2007
22/02/2007,0,8,2007
23/02/2007,0,8,2007
24/02/2007,0,8,2007
25/02/2007,0,9,2007
26/02/2007,2,9,2007
27/02/2007,0,9,2007
28/02/2007,0,9,2007
01/03/2007,0,9,2007
02/03/2007,0,9,2007
03/03/2007,0,9,2007
04/03/2007,0,10,2007
05/03/2007,10,10,2007
06/03/2007,0,10,2007
07/03/2007,0,10,2007
08/03/2007,0,10,2007
09/03/2007,0,10,2007
10/03/2007,0,10,2007
11/03/2007,0,11,2007
12/03/2007,12,11,2007
13/03/2007,0,11,2007
14/03/2007,0,11,2007
15/03/2007,0,11,2007
16/03/2007,0,11,2007
17/03/2007,0,11,2007
18/03/2007,0,12,2007
19/03/2007,26,12,2007
20/03/2007,0,12,2007
21/03/2007,0,12,2007
22/03/2007,0,12,2007
23/03/2007,0,12,2007
24/03/2007,0,12,2007
25/03/2007,0,13,2007
26/03/2007,31,13,2007
27/03/2007,0,13,2007
28/03/2007,0,13,2007
29/03/2007,0,13,2007
30/03/2007,0,13,2007
31/03/2007,0,13,2007
01/04/2007,0,14,2007
02/04/2007,58,14,2007
03/04/2007,0,14,2007
04/04/2007,0,14,2007
05/04/2007,0,14,2007
06/04/2007,0,14,2007
07/04/2007,0,14,2007
08/04/2007,0,15,2007
09/04/2007,117,15,2007
10/04/2007,0,15,2007
11/04/2007,0,15,2007
12/04/2007,0,15,2007
13/04/2007,0,15,2007
14/04/2007,0,15,2007
15/04/2007,0,16,2007
16/04/2007,121,16,2007
17/04/2007,0,16,2007
18/04/2007,0,16,2007
19/04/2007,0,16,2007
20/04/2007,0,16,2007
21/04/2007,0,16,2007
22/04/2007,0,17,2007
23/04/2007,104,17,2007
24/04/2007,0,17,2007
25/04/2007,0,17,2007
26/04/2007,0,17,2007
27/04/2007,0,17,2007
28/04/2007,0,17,2007
29/04/2007,0,18,2007
30/04/2007,152,18,2007
01/05/2007,0,18,2007
02/05/2007,0,18,2007
03/05/2007,0,18,2007
04/05/2007,0,18,2007
05/05/2007,0,18,2007
06/05/2007,0,19,2007
07/05/2007,225,19,2007
08/05/2007,0,19,2007
09/05/2007,0,19,2007
10/05/2007,0,19,2007
11/05/2007,0,19,2007
12/05/2007,0,19,2007
13/05/2007,0,20,2007
14/05/2007,392,20,2007
15/05/2007,0,20,2007
16/05/2007,0,20,2007
17/05/2007,0,20,2007
18/05/2007,0,20,2007
19/05/2007,0,20,2007
20/05/2007,0,21,2007
21/05/2007,500,21,2007
22/05/2007,0,21,2007
23/05/2007,0,21,2007
24/05/2007,0,21,2007
25/05/2007,0,21,2007
26/05/2007,0,21,2007
27/05/2007,0,22,2007
28/05/2007,517,22,2007
29/05/2007,0,22,2007
30/05/2007,0,22,2007
31/05/2007,0,22,2007
01/06/2007,0,22,2007
02/06/2007,0,22,2007
03/06/2007,0,23,2007
04/06/2007,563,23,2007
05/06/2007,0,23,2007
06/06/2007,0,23,2007
07/06/2007,0,23,2007
08/06/2007,0,23,2007
09/06/2007,0,23,2007
10/06/2007,0,24,2007
11/06/2007,594,24,2007
12/06/2007,0,24,2007
13/06/2007,0,24,2007
14/06/2007,0,24,2007
15/06/2007,0,24,2007
16/06/2007,0,24,2007
17/06/2007,0,25,2007
18/06/2007,440,25,2007
19/06/2007,0,25,2007
20/06/2007,0,25,2007
21/06/2007,0,25,2007
22/06/2007,0,25,2007
23/06/2007,0,25,2007
24/06/2007,0,26,2007
25/06/2007,209,26,2007
26/06/2007,0,26,2007
27/06/2007,0,26,2007
28/06/2007,0,26,2007
29/06/2007,0,26,2007
30/06/2007,0,26,2007
01/07/2007,0,27,2007
02/07/2007,101,27,2007
03/07/2007,0,27,2007
04/07/2007,0,27,2007
05/07/2007,0,27,2007
06/07/2007,0,27,2007
07/07/2007,0,27,2007
08/07/2007,0,28,2007
09/07/2007,75,28,2007
10/07/2007,0,28,2007
11/07/2007,0,28,2007
12/07/2007,0,28,2007
13/07/2007,0,28,2007
14/07/2007,0,28,2007
15/07/2007,0,29,2007
16/07/2007,40,29,2007
17/07/2007,0,29,2007
18/07/2007,0,29,2007
19/07/2007,0,29,2007
20/07/2007,0,29,2007
21/07/2007,0,29,2007
22/07/2007,0,30,2007
23/07/2007,24,30,2007
24/07/2007,0,30,2007
25/07/2007,0,30,2007
26/07/2007,0,30,2007
27/07/2007,0,30,2007
28/07/2007,0,30,2007
29/07/2007,0,31,2007
30/07/2007,34,31,2007
31/07/2007,0,31,2007
01/08/2007,0,31,2007
02/08/2007,0,31,2007
03/08/2007,0,31,2007
04/08/2007,0,31,2007
05/08/2007,0,32,2007
06/08/2007,42,32,2007
07/08/2007,0,32,2007
08/08/2007,0,32,2007
09/08/2007,0,32,2007
10/08/2007,0,32,2007
11/08/2007,0,32,2007
12/08/2007,0,33,2007
13/08/2007,29,33,2007
14/08/2007,0,33,2007
15/08/2007,0,33,2007
16/08/2007,0,33,2007
17/08/2007,0,33,2007
18/08/2007,0,33,2007
19/08/2007,0,34,2007
20/08/2007,10,34,2007
21/08/2007,0,34,2007
22/08/2007,0,34,2007
23/08/2007,0,34,2007
24/08/2007,0,34,2007
25/08/2007,0,34,2007
26/08/2007,0,35,2007
27/08/2007,4,35,2007
28/08/2007,0,35,2007
29/08/2007,0,35,2007
30/08/2007,0,35,2007
31/08/2007,0,35,2007
01/09/2007,0,35,2007
02/09/2007,0,36,2007
03/09/2007,0,36,2007
04/09/2007,0,36,2007
05/09/2007,0,36,2007
06/09/2007,0,36,2007
07/09/2007,0,36,2007
08/09/2007,0,36,2007
09/09/2007,0,37,2007
10/09/2007,6,37,2007
11/09/2007,0,37,2007
12/09/2007,0,37,2007
13/09/2007,0,37,2007
14/09/2007,0,37,2007
15/09/2007,0,37,2007
16/09/2007,0,38,2007
17/09/2007,2,38,2007
18/09/2007,0,38,2007
19/09/2007,0,38,2007
20/09/2007,0,38,2007
21/09/2007,0,38,2007
22/09/2007,0,38,2007
23/09/2007,0,39,2007
24/09/2007,0,39,2007
25/09/2007,0,39,2007
26/09/2007,0,39,2007
27/09/2007,0,39,2007
28/09/2007,0,39,2007
29/09/2007,0,39,2007
30/09/2007,0,40,2007
01/10/2007,2,40,2007
02/10/2007,0,40,2007
03/10/2007,0,40,2007
04/10/2007,0,40,2007
05/10/2007,0,40,2007
06/10/2007,0,40,2007
07/10/2007,0,41,2007
08/10/2007,2,41,2007
09/10/2007,0,41,2007
10/10/2007,0,41,2007
11/10/2007,0,41,2007
12/10/2007,0,41,2007
13/10/2007,0,41,2007
14/10/2007,0,42,2007
15/10/2007,4,42,2007
16/10/2007,0,42,2007
17/10/2007,0,42,2007
18/10/2007,0,42,2007
19/10/2007,0,42,2007
20/10/2007,0,42,2007
21/10/2007,0,43,2007
22/10/2007,1,43,2007
23/10/2007,0,43,2007
24/10/2007,0,43,2007
25/10/2007,0,43,2007
26/10/2007,0,43,2007
27/10/2007,0,43,2007
28/10/2007,0,44,2007
29/10/2007,3,44,2007
30/10/2007,0,44,2007
31/10/2007,0,44,2007
01/11/2007,0,44,2007
02/11/2007,0,44,2007
03/11/2007,0,44,2007
04/11/2007,0,45,2007
05/11/2007,0,45,2007
06/11/2007,0,45,2007
07/11/2007,0,45,2007
08/11/2007,0,45,2007
09/11/2007,0,45,2007
10/11/2007,0,45,2007
11/11/2007,0,46,2007
12/11/2007,3,46,2007
13/11/2007,0,46,2007
14/11/2007,0,46,2007
15/11/2007,0,46,2007
16/11/2007,0,46,2007
17/11/2007,0,46,2007
18/11/2007,0,47,2007
19/11/2007,0,47,2007
20/11/2007,0,47,2007
21/11/2007,0,47,2007
22/11/2007,0,47,2007
23/11/2007,0,47,2007
24/11/2007,0,47,2007
25/11/2007,0,48,2007
26/11/2007,2,48,2007
27/11/2007,0,48,2007
28/11/2007,0,48,2007
29/11/2007,0,48,2007
30/11/2007,0,48,2007
01/12/2007,0,48,2007
02/12/2007,0,49,2007
03/12/2007,4,49,2007
04/12/2007,0,49,2007
05/12/2007,0,49,2007
06/12/2007,0,49,2007
07/12/2007,0,49,2007
08/12/2007,0,49,2007
09/12/2007,0,50,2007
10/12/2007,0,50,2007
11/12/2007,0,50,2007
12/12/2007,0,50,2007
13/12/2007,0,50,2007
14/12/2007,0,50,2007
15/12/2007,0,50,2007
16/12/2007,0,51,2007
17/12/2007,2,51,2007
18/12/2007,0,51,2007
19/12/2007,0,51,2007
20/12/2007,0,51,2007
21/12/2007,0,51,2007
22/12/2007,0,51,2007
23/12/2007,0,52,2007
24/12/2007,0,52,2007
25/12/2007,0,52,2007
26/12/2007,0,52,2007
27/12/2007,0,52,2007
28/12/2007,0,52,2007
29/12/2007,0,52,2007
30/12/2007,0,53,2007
31/12/2007,0,53,2007
01/01/2008,0,1,2008
02/01/2008,0,1,2008
03/01/2008,0,1,2008
04/01/2008,0,1,2008
05/01/2008,0,1,2008
06/01/2008,0,2,2008
07/01/2008,0,2,2008
08/01/2008,0,2,2008
09/01/2008,0,2,2008
10/01/2008,0,2,2008
11/01/2008,0,2,2008
12/01/2008,0,2,2008
13/01/2008,0,3,2008
14/01/2008,0,3,2008
15/01/2008,0,3,2008
16/01/2008,0,3,2008
17/01/2008,0,3,2008
18/01/2008,0,3,2008
19/01/2008,0,3,2008
20/01/2008,0,4,2008
21/01/2008,2,4,2008
22/01/2008,0,4,2008
23/01/2008,0,4,2008
24/01/2008,0,4,2008
25/01/2008,0,4,2008
26/01/2008,0,4,2008
27/01/2008,0,5,2008
28/01/2008,4,5,2008
29/01/2008,0,5,2008
30/01/2008,0,5,2008
31/01/2008,0,5,2008
01/02/2008,0,5,2008
02/02/2008,0,5,2008
03/02/2008,0,6,2008
04/02/2008,4,6,2008
05/02/2008,0,6,2008
06/02/2008,0,6,2008
07/02/2008,0,6,2008
08/02/2008,0,6,2008
09/02/2008,0,6,2008
10/02/2008,0,7,2008
11/02/2008,10,7,2008
12/02/2008,0,7,2008
13/02/2008,0,7,2008
14/02/2008,0,7,2008
15/02/2008,0,7,2008
16/02/2008,0,7,2008
17/02/2008,0,8,2008
18/02/2008,11,8,2008
19/02/2008,0,8,2008
20/02/2008,0,8,2008
21/02/2008,0,8,2008
22/02/2008,0,8,2008
23/02/2008,0,8,2008
24/02/2008,0,9,2008
25/02/2008,10,9,2008
26/02/2008,0,9,2008
27/02/2008,0,9,2008
28/02/2008,0,9,2008
29/02/2008,0,9,2008
01/03/2008,0,9,2008
02/03/2008,0,10,2008
03/03/2008,12,10,2008
04/03/2008,0,10,2008
05/03/2008,0,10,2008
06/03/2008,0,10,2008
07/03/2008,0,10,2008
08/03/2008,0,10,2008
09/03/2008,0,11,2008
10/03/2008,7,11,2008
11/03/2008,0,11,2008
12/03/2008,0,11,2008
13/03/2008,0,11,2008
14/03/2008,0,11,2008
15/03/2008,0,11,2008
16/03/2008,0,12,2008
17/03/2008,8,12,2008
18/03/2008,0,12,2008
19/03/2008,0,12,2008
20/03/2008,0,12,2008
21/03/2008,0,12,2008
22/03/2008,0,12,2008
23/03/2008,0,13,2008
24/03/2008,14,13,2008
25/03/2008,0,13,2008
26/03/2008,0,13,2008
27/03/2008,0,13,2008
28/03/2008,0,13,2008
29/03/2008,0,13,2008
30/03/2008,0,14,2008
31/03/2008,12,14,2008
01/04/2008,0,14,2008
02/04/2008,0,14,2008
03/04/2008,0,14,2008
04/04/2008,0,14,2008
05/04/2008,0,14,2008
06/04/2008,0,15,2008
07/04/2008,10,15,2008
08/04/2008,0,15,2008
09/04/2008,0,15,2008
10/04/2008,0,15,2008
11/04/2008,0,15,2008
12/04/2008,0,15,2008
13/04/2008,0,16,2008
14/04/2008,12,16,2008
15/04/2008,0,16,2008
16/04/2008,0,16,2008
17/04/2008,0,16,2008
18/04/2008,0,16,2008
19/04/2008,0,16,2008
20/04/2008,0,17,2008
21/04/2008,16,17,2008
22/04/2008,0,17,2008
23/04/2008,0,17,2008
24/04/2008,0,17,2008
25/04/2008,0,17,2008
26/04/2008,0,17,2008
27/04/2008,0,18,2008
28/04/2008,0,18,2008
29/04/2008,0,18,2008
30/04/2008,0,18,2008
01/05/2008,0,18,2008
02/05/2008,0,18,2008
03/05/2008,0,18,2008
04/05/2008,0,19,2008
05/05/2008,10,19,2008
06/05/2008,0,19,2008
07/05/2008,0,19,2008
08/05/2008,0,19,2008
09/05/2008,0,19,2008
10/05/2008,0,19,2008
11/05/2008,0,20,2008
12/05/2008,15,20,2008
13/05/2008,0,20,2008
14/05/2008,0,20,2008
15/05/2008,0,20,2008
16/05/2008,0,20,2008
17/05/2008,0,20,2008
18/05/2008,0,21,2008
19/05/2008,11,21,2008
20/05/2008,0,21,2008
21/05/2008,0,21,2008
22/05/2008,0,21,2008
23/05/2008,0,21,2008
24/05/2008,0,21,2008
25/05/2008,0,22,2008
26/05/2008,6,22,2008
27/05/2008,0,22,2008
28/05/2008,0,22,2008
29/05/2008,0,22,2008
30/05/2008,0,22,2008
31/05/2008,0,22,2008
01/06/2008,0,23,2008
02/06/2008,4,23,2008
03/06/2008,0,23,2008
04/06/2008,0,23,2008
05/06/2008,0,23,2008
06/06/2008,0,23,2008
07/06/2008,0,23,2008
08/06/2008,0,24,2008
09/06/2008,6,24,2008
10/06/2008,0,24,2008
11/06/2008,0,24,2008
12/06/2008,0,24,2008
13/06/2008,0,24,2008
14/06/2008,0,24,2008
15/06/2008,0,25,2008
16/06/2008,6,25,2008
17/06/2008,0,25,2008
18/06/2008,0,25,2008
19/06/2008,0,25,2008
20/06/2008,0,25,2008
21/06/2008,0,25,2008
22/06/2008,0,26,2008
23/06/2008,0,26,2008
24/06/2008,0,26,2008
25/06/2008,0,26,2008
26/06/2008,0,26,2008
27/06/2008,0,26,2008
28/06/2008,0,26,2008
29/06/2008,0,27,2008
30/06/2008,2,27,2008
01/07/2008,0,27,2008
02/07/2008,0,27,2008
03/07/2008,0,27,2008
04/07/2008,0,27,2008
05/07/2008,0,27,2008
06/07/2008,0,28,2008
07/07/2008,0,28,2008
08/07/2008,0,28,2008
09/07/2008,0,28,2008
10/07/2008,0,28,2008
11/07/2008,0,28,2008
12/07/2008,0,28,2008
13/07/2008,0,29,2008
14/07/2008,0,29,2008
15/07/2008,0,29,2008
16/07/2008,0,29,2008
17/07/2008,0,29,2008
18/07/2008,0,29,2008
19/07/2008,0,29,2008
20/07/2008,0,30,2008
21/07/2008,2,30,2008
22/07/2008,0,30,2008
23/07/2008,0,30,2008
24/07/2008,0,30,2008
25/07/2008,0,30,2008
26/07/2008,0,30,2008
27/07/2008,0,31,2008
28/07/2008,8,31,2008
29/07/2008,0,31,2008
30/07/2008,0,31,2008
31/07/2008,0,31,2008
01/08/2008,0,31,2008
02/08/2008,0,31,2008
03/08/2008,0,32,2008
04/08/2008,2,32,2008
05/08/2008,0,32,2008
06/08/2008,0,32,2008
07/08/2008,0,32,2008
08/08/2008,0,32,2008
09/08/2008,0,32,2008
10/08/2008,0,33,2008
11/08/2008,0,33,2008
12/08/2008,0,33,2008
13/08/2008,0,33,2008
14/08/2008,0,33,2008
15/08/2008,0,33,2008
16/08/2008,0,33,2008
17/08/2008,0,34,2008
18/08/2008,2,34,2008
19/08/2008,0,34,2008
20/08/2008,0,34,2008
21/08/2008,0,34,2008
22/08/2008,0,34,2008
23/08/2008,0,34,2008
24/08/2008,0,35,2008
25/08/2008,2,35,2008
26/08/2008,0,35,2008
27/08/2008,0,35,2008
28/08/2008,0,35,2008
29/08/2008,0,35,2008
30/08/2008,0,35,2008
31/08/2008,0,36,2008
01/09/2008,0,36,2008
02/09/2008,0,36,2008
03/09/2008,0,36,2008
04/09/2008,0,36,2008
05/09/2008,0,36,2008
06/09/2008,0,36,2008
07/09/2008,0,37,2008
08/09/2008,0,37,2008
09/09/2008,0,37,2008
10/09/2008,0,37,2008
11/09/2008,0,37,2008
12/09/2008,0,37,2008
13/09/2008,0,37,2008
14/09/2008,0,38,2008
15/09/2008,0,38,2008
16/09/2008,0,38,2008
17/09/2008,0,38,2008
18/09/2008,0,38,2008
19/09/2008,0,38,2008
20/09/2008,0,38,2008
21/09/2008,0,39,2008
22/09/2008,0,39,2008
23/09/2008,0,39,2008
24/09/2008,0,39,2008
25/09/2008,0,39,2008
26/09/2008,0,39,2008
27/09/2008,0,39,2008
28/09/2008,0,40,2008
29/09/2008,0,40,2008
30/09/2008,0,40,2008
01/10/2008,0,40,2008
02/10/2008,0,40,2008
03/10/2008,0,40,2008
04/10/2008,0,40,2008
05/10/2008,0,41,2008
06/10/2008,0,41,2008
07/10/2008,0,41,2008
08/10/2008,0,41,2008
09/10/2008,0,41,2008
10/10/2008,0,41,2008
11/10/2008,0,41,2008
12/10/2008,0,42,2008
13/10/2008,0,42,2008
14/10/2008,0,42,2008
15/10/2008,0,42,2008
16/10/2008,0,42,2008
17/10/2008,0,42,2008
18/10/2008,0,42,2008
19/10/2008,0,43,2008
20/10/2008,2,43,2008
21/10/2008,0,43,2008
22/10/2008,0,43,2008
23/10/2008,0,43,2008
24/10/2008,0,43,2008
25/10/2008,0,43,2008
26/10/2008,0,44,2008
27/10/2008,0,44,2008
28/10/2008,0,44,2008
29/10/2008,0,44,2008
30/10/2008,0,44,2008
31/10/2008,0,44,2008
01/11/2008,0,44,2008
02/11/2008,0,45,2008
03/11/2008,0,45,2008
04/11/2008,0,45,2008
05/11/2008,0,45,2008
06/11/2008,0,45,2008
07/11/2008,0,45,2008
08/11/2008,0,45,2008
09/11/2008,0,46,2008
10/11/2008,0,46,2008
11/11/2008,0,46,2008
12/11/2008,0,46,2008
13/11/2008,0,46,2008
14/11/2008,0,46,2008
15/11/2008,0,46,2008
16/11/2008,0,47,2008
17/11/2008,0,47,2008
18/11/2008,0,47,2008
19/11/2008,0,47,2008
20/11/2008,0,47,2008
21/11/2008,0,47,2008
22/11/2008,0,47,2008
23/11/2008,0,48,2008
24/11/2008,0,48,2008
25/11/2008,0,48,2008
26/11/2008,0,48,2008
27/11/2008,0,48,2008
28/11/2008,0,48,2008
29/11/2008,0,48,2008
30/11/2008,0,49,2008
01/12/2008,0,49,2008
02/12/2008,0,49,2008
03/12/2008,0,49,2008
04/12/2008,0,49,2008
05/12/2008,0,49,2008
06/12/2008,0,49,2008
07/12/2008,0,50,2008
08/12/2008,0,50,2008
09/12/2008,0,50,2008
10/12/2008,0,50,2008
11/12/2008,0,50,2008
12/12/2008,0,50,2008
13/12/2008,0,50,2008
14/12/2008,0,51,2008
15/12/2008,0,51,2008
16/12/2008,0,51,2008
17/12/2008,0,51,2008
18/12/2008,0,51,2008
19/12/2008,0,51,2008
20/12/2008,0,51,2008
21/12/2008,0,52,2008
22/12/2008,0,52,2008
23/12/2008,0,52,2008
24/12/2008,0,52,2008
25/12/2008,0,52,2008
26/12/2008,0,52,2008
27/12/2008,0,52,2008
28/12/2008,0,53,2008
29/12/2008,0,53,2008
30/12/2008,0,53,2008
31/12/2008,0,53,2008
01/01/2009,0,1,2009
02/01/2009,0,1,2009
03/01/2009,0,1,2009
04/01/2009,0,2,2009
05/01/2009,0,2,2009
06/01/2009,0,2,2009
07/01/2009,0,2,2009
08/01/2009,0,2,2009
09/01/2009,0,2,2009
10/01/2009,0,2,2009
11/01/2009,0,3,2009
12/01/2009,0,3,2009
13/01/2009,0,3,2009
14/01/2009,0,3,2009
15/01/2009,0,3,2009
16/01/2009,0,3,2009
17/01/2009,0,3,2009
18/01/2009,0,4,2009
19/01/2009,0,4,2009
20/01/2009,0,4,2009
21/01/2009,0,4,2009
22/01/2009,0,4,2009
23/01/2009,0,4,2009
24/01/2009,0,4,2009
25/01/2009,0,5,2009
26/01/2009,1,5,2009
27/01/2009,0,5,2009
28/01/2009,0,5,2009
29/01/2009,0,5,2009
30/01/2009,0,5,2009
31/01/2009,0,5,2009
01/02/2009,0,6,2009
02/02/2009,1,6,2009
03/02/2009,0,6,2009
04/02/2009,0,6,2009
05/02/2009,0,6,2009
06/02/2009,0,6,2009
07/02/2009,0,6,2009
08/02/2009,0,7,2009
09/02/2009,2,7,2009
10/02/2009,0,7,2009
11/02/2009,0,7,2009
12/02/2009,0,7,2009
13/02/2009,0,7,2009
14/02/2009,0,7,2009
15/02/2009,0,8,2009
16/02/2009,4,8,2009
17/02/2009,0,8,2009
18/02/2009,0,8,2009
19/02/2009,0,8,2009
20/02/2009,0,8,2009
21/02/2009,0,8,2009
22/02/2009,0,9,2009
23/02/2009,5,9,2009
24/02/2009,0,9,2009
25/02/2009,0,9,2009
26/02/2009,0,9,2009
27/02/2009,0,9,2009
28/02/2009,0,9,2009
01/03/2009,0,10,2009
02/03/2009,2,10,2009
03/03/2009,0,10,2009
04/03/2009,0,10,2009
05/03/2009,0,10,2009
06/03/2009,0,10,2009
07/03/2009,0,10,2009
08/03/2009,0,11,2009
09/03/2009,1,11,2009
10/03/2009,0,11,2009
11/03/2009,0,11,2009
12/03/2009,0,11,2009
13/03/2009,0,11,2009
14/03/2009,0,11,2009
15/03/2009,0,12,2009
16/03/2009,2,12,2009
17/03/2009,0,12,2009
18/03/2009,0,12,2009
19/03/2009,0,12,2009
20/03/2009,0,12,2009
21/03/2009,0,12,2009
22/03/2009,0,13,2009
23/03/2009,2,13,2009
24/03/2009,0,13,2009
25/03/2009,0,13,2009
26/03/2009,0,13,2009
27/03/2009,0,13,2009
28/03/2009,0,13,2009
29/03/2009,0,14,2009
30/03/2009,2,14,2009
31/03/2009,0,14,2009
01/04/2009,0,14,2009
02/04/2009,0,14,2009
03/04/2009,0,14,2009
04/04/2009,0,14,2009
05/04/2009,0,15,2009
06/04/2009,1,15,2009
07/04/2009,0,15,2009
08/04/2009,0,15,2009
09/04/2009,0,15,2009
10/04/2009,0,15,2009
11/04/2009,0,15,2009
12/04/2009,0,16,2009
13/04/2009,1,16,2009
14/04/2009,0,16,2009
15/04/2009,0,16,2009
16/04/2009,0,16,2009
17/04/2009,0,16,2009
18/04/2009,0,16,2009
19/04/2009,0,17,2009
20/04/2009,3,17,2009
21/04/2009,0,17,2009
22/04/2009,0,17,2009
23/04/2009,0,17,2009
24/04/2009,0,17,2009
25/04/2009,0,17,2009
26/04/2009,0,18,2009
27/04/2009,0,18,2009
28/04/2009,0,18,2009
29/04/2009,0,18,2009
30/04/2009,0,18,2009
01/05/2009,0,18,2009
02/05/2009,0,18,2009
03/05/2009,0,19,2009
04/05/2009,0,19,2009
05/05/2009,0,19,2009
06/05/2009,0,19,2009
07/05/2009,0,19,2009
08/05/2009,0,19,2009
09/05/2009,0,19,2009
10/05/2009,0,20,2009
11/05/2009,1,20,2009
12/05/2009,0,20,2009
13/05/2009,0,20,2009
14/05/2009,0,20,2009
15/05/2009,0,20,2009
16/05/2009,0,20,2009
17/05/2009,0,21,2009
18/05/2009,1,21,2009
19/05/2009,0,21,2009
20/05/2009,0,21,2009
21/05/2009,0,21,2009
22/05/2009,0,21,2009
23/05/2009,0,21,2009
24/05/2009,0,22,2009
25/05/2009,1,22,2009
26/05/2009,0,22,2009
27/05/2009,0,22,2009
28/05/2009,0,22,2009
29/05/2009,0,22,2009
30/05/2009,0,22,2009
31/05/2009,0,23,2009
01/06/2009,0,23,2009
02/06/2009,0,23,2009
03/06/2009,0,23,2009
04/06/2009,0,23,2009
05/06/2009,0,23,2009
06/06/2009,0,23,2009
07/06/2009,0,24,2009
08/06/2009,1,24,2009
09/06/2009,0,24,2009
10/06/2009,0,24,2009
11/06/2009,0,24,2009
12/06/2009,0,24,2009
13/06/2009,0,24,2009
14/06/2009,0,25,2009
15/06/2009,1,25,2009
16/06/2009,0,25,2009
17/06/2009,0,25,2009
18/06/2009,0,25,2009
19/06/2009,0,25,2009
20/06/2009,0,25,2009
21/06/2009,0,26,2009
22/06/2009,1,26,2009
23/06/2009,0,26,2009
24/06/2009,0,26,2009
25/06/2009,0,26,2009
26/06/2009,0,26,2009
27/06/2009,0,26,2009
28/06/2009,0,27,2009
29/06/2009,1,27,2009
30/06/2009,0,27,2009
01/07/2009,0,27,2009
02/07/2009,0,27,2009
03/07/2009,0,27,2009
04/07/2009,0,27,2009
05/07/2009,0,28,2009
06/07/2009,0,28,2009
07/07/2009,0,28,2009
08/07/2009,0,28,2009
09/07/2009,0,28,2009
10/07/2009,0,28,2009
11/07/2009,0,28,2009
12/07/2009,0,29,2009
13/07/2009,0,29,2009
14/07/2009,0,29,2009
15/07/2009,0,29,2009
16/07/2009,0,29,2009
17/07/2009,0,29,2009
18/07/2009,0,29,2009
19/07/2009,0,30,2009
20/07/2009,0,30,2009
21/07/2009,0,30,2009
22/07/2009,0,30,2009
23/07/2009,0,30,2009
24/07/2009,0,30,2009
25/07/2009,0,30,2009
26/07/2009,0,31,2009
27/07/2009,1,31,2009
28/07/2009,0,31,2009
29/07/2009,0,31,2009
30/07/2009,0,31,2009
31/07/2009,0,31,2009
01/08/2009,0,31,2009
02/08/2009,0,32,2009
03/08/2009,0,32,2009
04/08/2009,0,32,2009
05/08/2009,0,32,2009
06/08/2009,0,32,2009
07/08/2009,0,32,2009
08/08/2009,0,32,2009
09/08/2009,0,33,2009
10/08/2009,0,33,2009
11/08/2009,0,33,2009
12/08/2009,0,33,2009
13/08/2009,0,33,2009
14/08/2009,0,33,2009
15/08/2009,0,33,2009
16/08/2009,0,34,2009
17/08/2009,0,34,2009
18/08/2009,0,34,2009
19/08/2009,0,34,2009
20/08/2009,0,34,2009
21/08/2009,0,34,2009
22/08/2009,0,34,2009
23/08/2009,0,35,2009
24/08/2009,0,35,2009
25/08/2009,0,35,2009
26/08/2009,0,35,2009
27/08/2009,0,35,2009
28/08/2009,0,35,2009
29/08/2009,0,35,2009
30/08/2009,0,36,2009
31/08/2009,0,36,2009
01/09/2009,0,36,2009
02/09/2009,0,36,2009
03/09/2009,0,36,2009
04/09/2009,0,36,2009
05/09/2009,0,36,2009
06/09/2009,0,37,2009
07/09/2009,0,37,2009
08/09/2009,0,37,2009
09/09/2009,0,37,2009
10/09/2009,0,37,2009
11/09/2009,0,37,2009
12/09/2009,0,37,2009
13/09/2009,0,38,2009
14/09/2009,1,38,2009
15/09/2009,0,38,2009
16/09/2009,0,38,2009
17/09/2009,0,38,2009
18/09/2009,0,38,2009
19/09/2009,0,38,2009
20/09/2009,0,39,2009
21/09/2009,1,39,2009
22/09/2009,0,39,2009
23/09/2009,0,39,2009
24/09/2009,0,39,2009
25/09/2009,0,39,2009
26/09/2009,0,39,2009
27/09/2009,0,40,2009
28/09/2009,0,40,2009
29/09/2009,0,40,2009
30/09/2009,0,40,2009
01/10/2009,0,40,2009
02/10/2009,0,40,2009
03/10/2009,0,40,2009
04/10/2009,0,41,2009
05/10/2009,0,41,2009
06/10/2009,0,41,2009
07/10/2009,0,41,2009
08/10/2009,0,41,2009
09/10/2009,0,41,2009
10/10/2009,0,41,2009
11/10/2009,0,42,2009
12/10/2009,1,42,2009
13/10/2009,0,42,2009
14/10/2009,0,42,2009
15/10/2009,0,42,2009
16/10/2009,0,42,2009
17/10/2009,0,42,2009
18/10/2009,0,43,2009
19/10/2009,0,43,2009
20/10/2009,0,43,2009
21/10/2009,0,43,2009
22/10/2009,0,43,2009
23/10/2009,0,43,2009
24/10/2009,0,43,2009
25/10/2009,0,44,2009
26/10/2009,0,44,2009
27/10/2009,0,44,2009
28/10/2009,0,44,2009
29/10/2009,0,44,2009
30/10/2009,0,44,2009
31/10/2009,0,44,2009
01/11/2009,0,45,2009
02/11/2009,0,45,2009
03/11/2009,0,45,2009
04/11/2009,0,45,2009
05/11/2009,0,45,2009
06/11/2009,0,45,2009
07/11/2009,0,45,2009
08/11/2009,0,46,2009
09/11/2009,0,46,2009
10/11/2009,0,46,2009
11/11/2009,0,46,2009
12/11/2009,0,46,2009
13/11/2009,0,46,2009
14/11/2009,0,46,2009
15/11/2009,0,47,2009
16/11/2009,0,47,2009
17/11/2009,0,47,2009
18/11/2009,0,47,2009
19/11/2009,0,47,2009
20/11/2009,0,47,2009
21/11/2009,0,47,2009
22/11/2009,0,48,2009
23/11/2009,0,48,2009
24/11/2009,0,48,2009
25/11/2009,0,48,2009
26/11/2009,0,48,2009
27/11/2009,0,48,2009
28/11/2009,0,48,2009
29/11/2009,0,49,2009
30/11/2009,0,49,2009
01/12/2009,0,49,2009
02/12/2009,0,49,2009
03/12/2009,0,49,2009
04/12/2009,0,49,2009
05/12/2009,0,49,2009
06/12/2009,0,50,2009
07/12/2009,0,50,2009
08/12/2009,0,50,2009
09/12/2009,0,50,2009
10/12/2009,0,50,2009
11/12/2009,0,50,2009
12/12/2009,0,50,2009
13/12/2009,0,51,2009
14/12/2009,0,51,2009
15/12/2009,0,51,2009
16/12/2009,0,51,2009
17/12/2009,0,51,2009
18/12/2009,0,51,2009
19/12/2009,0,51,2009
20/12/2009,0,52,2009
21/12/2009,2,52,2009
22/12/2009,0,52,2009
23/12/2009,0,52,2009
24/12/2009,0,52,2009
25/12/2009,0,52,2009
26/12/2009,0,52,2009
27/12/2009,0,53,2009
28/12/2009,0,53,2009
29/12/2009,0,53,2009
30/12/2009,0,53,2009
31/12/2009,0,53,2009
01/01/2010,0,1,2010
02/01/2010,0,1,2010
03/01/2010,0,2,2010
04/01/2010,0,2,2010
05/01/2010,0,2,2010
06/01/2010,0,2,2010
07/01/2010,0,2,2010
08/01/2010,0,2,2010
09/01/2010,0,2,2010
10/01/2010,0,3,2010
11/01/2010,2,3,2010
12/01/2010,0,3,2010
13/01/2010,0,3,2010
14/01/2010,0,3,2010
15/01/2010,0,3,2010
16/01/2010,0,3,2010
17/01/2010,0,4,2010
18/01/2010,0,4,2010
19/01/2010,0,4,2010
20/01/2010,0,4,2010
21/01/2010,0,4,2010
22/01/2010,0,4,2010
23/01/2010,0,4,2010
24/01/2010,0,5,2010
25/01/2010,0,5,2010
26/01/2010,0,5,2010
27/01/2010,0,5,2010
28/01/2010,0,5,2010
29/01/2010,0,5,2010
30/01/2010,0,5,2010
31/01/2010,0,6,2010
01/02/2010,2,6,2010
02/02/2010,0,6,2010
03/02/2010,0,6,2010
04/02/2010,0,6,2010
05/02/2010,0,6,2010
06/02/2010,0,6,2010
07/02/2010,0,7,2010
08/02/2010,0,7,2010
09/02/2010,0,7,2010
10/02/2010,0,7,2010
11/02/2010,0,7,2010
12/02/2010,0,7,2010
13/02/2010,0,7,2010
14/02/2010,0,8,2010
15/02/2010,0,8,2010
16/02/2010,0,8,2010
17/02/2010,0,8,2010
18/02/2010,0,8,2010
19/02/2010,0,8,2010
20/02/2010,0,8,2010
21/02/2010,0,9,2010
22/02/2010,0,9,2010
23/02/2010,0,9,2010
24/02/2010,0,9,2010
25/02/2010,0,9,2010
26/02/2010,0,9,2010
27/02/2010,0,9,2010
28/02/2010,0,10,2010
01/03/2010,2,10,2010
02/03/2010,0,10,2010
03/03/2010,0,10,2010
04/03/2010,0,10,2010
05/03/2010,0,10,2010
06/03/2010,0,10,2010
07/03/2010,0,11,2010
08/03/2010,0,11,2010
09/03/2010,0,11,2010
10/03/2010,0,11,2010
11/03/2010,0,11,2010
12/03/2010,0,11,2010
13/03/2010,0,11,2010
14/03/2010,0,12,2010
15/03/2010,0,12,2010
16/03/2010,0,12,2010
17/03/2010,0,12,2010
18/03/2010,0,12,2010
19/03/2010,0,12,2010
20/03/2010,0,12,2010
21/03/2010,0,13,2010
22/03/2010,4,13,2010
23/03/2010,0,13,2010
24/03/2010,0,13,2010
25/03/2010,0,13,2010
26/03/2010,0,13,2010
27/03/2010,0,13,2010
28/03/2010,0,14,2010
29/03/2010,0,14,2010
30/03/2010,0,14,2010
31/03/2010,0,14,2010
01/04/2010,0,14,2010
02/04/2010,0,14,2010
03/04/2010,0,14,2010
04/04/2010,0,15,2010
05/04/2010,0,15,2010
06/04/2010,0,15,2010
07/04/2010,0,15,2010
08/04/2010,0,15,2010
09/04/2010,0,15,2010
10/04/2010,0,15,2010
11/04/2010,0,16,2010
12/04/2010,0,16,2010
13/04/2010,0,16,2010
14/04/2010,0,16,2010
15/04/2010,0,16,2010
16/04/2010,0,16,2010
17/04/2010,0,16,2010
18/04/2010,0,17,2010
19/04/2010,0,17,2010
20/04/2010,0,17,2010
21/04/2010,0,17,2010
22/04/2010,0,17,2010
23/04/2010,0,17,2010
24/04/2010,0,17,2010
25/04/2010,0,18,2010
26/04/2010,0,18,2010
27/04/2010,0,18,2010
28/04/2010,0,18,2010
29/04/2010,0,18,2010
30/04/2010,0,18,2010
01/05/2010,0,18,2010
02/05/2010,0,19,2010
03/05/2010,2,19,2010
04/05/2010,0,19,2010
05/05/2010,0,19,2010
06/05/2010,0,19,2010
07/05/2010,0,19,2010
08/05/2010,0,19,2010
09/05/2010,0,20,2010
10/05/2010,0,20,2010
11/05/2010,0,20,2010
12/05/2010,0,20,2010
13/05/2010,0,20,2010
14/05/2010,0,20,2010
15/05/2010,0,20,2010
16/05/2010,0,21,2010
17/05/2010,0,21,2010
18/05/2010,0,21,2010
19/05/2010,0,21,2010
20/05/2010,0,21,2010
21/05/2010,0,21,2010
22/05/2010,0,21,2010
23/05/2010,0,22,2010
24/05/2010,0,22,2010
25/05/2010,0,22,2010
26/05/2010,0,22,2010
27/05/2010,0,22,2010
28/05/2010,0,22,2010
29/05/2010,0,22,2010
30/05/2010,0,23,2010
31/05/2010,0,23,2010
01/06/2010,0,23,2010
02/06/2010,0,23,2010
03/06/2010,0,23,2010
04/06/2010,0,23,2010
05/06/2010,0,23,2010
06/06/2010,0,24,2010
07/06/2010,0,24,2010
08/06/2010,0,24,2010
09/06/2010,0,24,2010
10/06/2010,0,24,2010
11/06/2010,0,24,2010
12/06/2010,0,24,2010
13/06/2010,0,25,2010
14/06/2010,0,25,2010
15/06/2010,0,25,2010
16/06/2010,0,25,2010
17/06/2010,0,25,2010
18/06/2010,0,25,2010
19/06/2010,0,25,2010
20/06/2010,0,26,2010
21/06/2010,0,26,2010
22/06/2010,0,26,2010
23/06/2010,0,26,2010
24/06/2010,0,26,2010
25/06/2010,0,26,2010
26/06/2010,0,26,2010
27/06/2010,0,27,2010
28/06/2010,0,27,2010
29/06/2010,0,27,2010
30/06/2010,0,27,2010
01/07/2010,0,27,2010
02/07/2010,0,27,2010
03/07/2010,0,27,2010
04/07/2010,0,28,2010
05/07/2010,2,28,2010
06/07/2010,0,28,2010
07/07/2010,0,28,2010
08/07/2010,0,28,2010
09/07/2010,0,28,2010
10/07/2010,0,28,2010
11/07/2010,0,29,2010
12/07/2010,1,29,2010
13/07/2010,0,29,2010
14/07/2010,0,29,2010
15/07/2010,0,29,2010
16/07/2010,0,29,2010
17/07/2010,0,29,2010
18/07/2010,0,30,2010
19/07/2010,0,30,2010
20/07/2010,0,30,2010
21/07/2010,0,30,2010
22/07/2010,0,30,2010
23/07/2010,0,30,2010
24/07/2010,0,30,2010
25/07/2010,0,31,2010
26/07/2010,6,31,2010
27/07/2010,0,31,2010
28/07/2010,0,31,2010
29/07/2010,0,31,2010
30/07/2010,0,31,2010
31/07/2010,0,31,2010
01/08/2010,0,32,2010
02/08/2010,0,32,2010
03/08/2010,0,32,2010
04/08/2010,0,32,2010
05/08/2010,0,32,2010
06/08/2010,0,32,2010
07/08/2010,0,32,2010
08/08/2010,0,33,2010
09/08/2010,0,33,2010
10/08/2010,0,33,2010
11/08/2010,0,33,2010
12/08/2010,0,33,2010
13/08/2010,0,33,2010
14/08/2010,0,33,2010
15/08/2010,0,34,2010
16/08/2010,0,34,2010
17/08/2010,0,34,2010
18/08/2010,0,34,2010
19/08/2010,0,34,2010
20/08/2010,0,34,2010
21/08/2010,0,34,2010
22/08/2010,0,35,2010
23/08/2010,3,35,2010
24/08/2010,0,35,2010
25/08/2010,0,35,2010
26/08/2010,0,35,2010
27/08/2010,0,35,2010
28/08/2010,0,35,2010
29/08/2010,0,36,2010
30/08/2010,8,36,2010
31/08/2010,0,36,2010
01/09/2010,0,36,2010
02/09/2010,0,36,2010
03/09/2010,0,36,2010
04/09/2010,0,36,2010
05/09/2010,0,37,2010
06/09/2010,8,37,2010
07/09/2010,0,37,2010
08/09/2010,0,37,2010
09/09/2010,0,37,2010
10/09/2010,0,37,2010
11/09/2010,0,37,2010
12/09/2010,0,38,2010
13/09/2010,2,38,2010
14/09/2010,0,38,2010
15/09/2010,0,38,2010
16/09/2010,0,38,2010
17/09/2010,0,38,2010
18/09/2010,0,38,2010
19/09/2010,0,39,2010
20/09/2010,12,39,2010
21/09/2010,0,39,2010
22/09/2010,0,39,2010
23/09/2010,0,39,2010
24/09/2010,0,39,2010
25/09/2010,0,39,2010
26/09/2010,0,40,2010
27/09/2010,6,40,2010
28/09/2010,0,40,2010
29/09/2010,0,40,2010
30/09/2010,0,40,2010
01/10/2010,0,40,2010
02/10/2010,0,40,2010
03/10/2010,0,41,2010
04/10/2010,5,41,2010
05/10/2010,0,41,2010
06/10/2010,0,41,2010
07/10/2010,0,41,2010
08/10/2010,0,41,2010
09/10/2010,0,41,2010
10/10/2010,0,42,2010
11/10/2010,6,42,2010
12/10/2010,0,42,2010
13/10/2010,0,42,2010
14/10/2010,0,42,2010
15/10/2010,0,42,2010
16/10/2010,0,42,2010
17/10/2010,0,43,2010
18/10/2010,16,43,2010
19/10/2010,0,43,2010
20/10/2010,0,43,2010
21/10/2010,0,43,2010
22/10/2010,0,43,2010
23/10/2010,0,43,2010
24/10/2010,0,44,2010
25/10/2010,7,44,2010
26/10/2010,0,44,2010
27/10/2010,0,44,2010
28/10/2010,0,44,2010
29/10/2010,0,44,2010
30/10/2010,0,44,2010
31/10/2010,0,45,2010
01/11/2010,2,45,2010
02/11/2010,0,45,2010
03/11/2010,0,45,2010
04/11/2010,0,45,2010
05/11/2010,0,45,2010
06/11/2010,0,45,2010
07/11/2010,0,46,2010
08/11/2010,2,46,2010
09/11/2010,0,46,2010
10/11/2010,0,46,2010
11/11/2010,0,46,2010
12/11/2010,0,46,2010
13/11/2010,0,46,2010
14/11/2010,0,47,2010
15/11/2010,6,47,2010
16/11/2010,0,47,2010
17/11/2010,0,47,2010
18/11/2010,0,47,2010
19/11/2010,0,47,2010
20/11/2010,0,47,2010
21/11/2010,0,48,2010
22/11/2010,7,48,2010
23/11/2010,0,48,2010
24/11/2010,0,48,2010
25/11/2010,0,48,2010
26/11/2010,0,48,2010
27/11/2010,0,48,2010
28/11/2010,0,49,2010
29/11/2010,8,49,2010
30/11/2010,0,49,2010
01/12/2010,0,49,2010
02/12/2010,0,49,2010
03/12/2010,0,49,2010
04/12/2010,0,49,2010
05/12/2010,0,50,2010
06/12/2010,2,50,2010
07/12/2010,0,50,2010
08/12/2010,0,50,2010
09/12/2010,0,50,2010
10/12/2010,0,50,2010
11/12/2010,0,50,2010
12/12/2010,0,51,2010
13/12/2010,4,51,2010
14/12/2010,0,51,2010
15/12/2010,0,51,2010
16/12/2010,0,51,2010
17/12/2010,0,51,2010
18/12/2010,0,51,2010
19/12/2010,0,52,2010
20/12/2010,6,52,2010
21/12/2010,0,52,2010
22/12/2010,0,52,2010
23/12/2010,0,52,2010
24/12/2010,0,52,2010
25/12/2010,0,52,2010
26/12/2010,0,53,2010
27/12/2010,4,53,2010
28/12/2010,0,53,2010
29/12/2010,0,53,2010
30/12/2010,0,53,2010
31/12/2010,0,53,2010
01/01/2011,0,1,2011
02/01/2011,0,2,2011
03/01/2011,7,2,2011
04/01/2011,0,2,2011
05/01/2011,0,2,2011
06/01/2011,0,2,2011
07/01/2011,0,2,2011
08/01/2011,0,2,2011
09/01/2011,0,3,2011
10/01/2011,6,3,2011
11/01/2011,0,3,2011
12/01/2011,0,3,2011
13/01/2011,0,3,2011
14/01/2011,0,3,2011
15/01/2011,0,3,2011
16/01/2011,0,4,2011
17/01/2011,8,4,2011
18/01/2011,0,4,2011
19/01/2011,0,4,2011
20/01/2011,0,4,2011
21/01/2011,0,4,2011
22/01/2011,0,4,2011
23/01/2011,0,5,2011
24/01/2011,9,5,2011
25/01/2011,0,5,2011
26/01/2011,0,5,2011
27/01/2011,0,5,2011
28/01/2011,0,5,2011
29/01/2011,0,5,2011
30/01/2011,0,6,2011
31/01/2011,15,6,2011
01/02/2011,0,6,2011
02/02/2011,0,6,2011
03/02/2011,0,6,2011
04/02/2011,0,6,2011
05/02/2011,0,6,2011
06/02/2011,0,7,2011
07/02/2011,9,7,2011
08/02/2011,0,7,2011
09/02/2011,0,7,2011
10/02/2011,0,7,2011
11/02/2011,0,7,2011
12/02/2011,0,7,2011
13/02/2011,0,8,2011
14/02/2011,7,8,2011
15/02/2011,0,8,2011
16/02/2011,0,8,2011
17/02/2011,0,8,2011
18/02/2011,0,8,2011
19/02/2011,0,8,2011
20/02/2011,0,9,2011
21/02/2011,7,9,2011
22/02/2011,0,9,2011
23/02/2011,0,9,2011
24/02/2011,0,9,2011
25/02/2011,0,9,2011
26/02/2011,0,9,2011
27/02/2011,0,10,2011
28/02/2011,13,10,2011
01/03/2011,0,10,2011
02/03/2011,0,10,2011
03/03/2011,0,10,2011
04/03/2011,0,10,2011
05/03/2011,0,10,2011
06/03/2011,0,11,2011
07/03/2011,6,11,2011
08/03/2011,0,11,2011
09/03/2011,0,11,2011
10/03/2011,0,11,2011
11/03/2011,0,11,2011
12/03/2011,0,11,2011
13/03/2011,0,12,2011
14/03/2011,6,12,2011
15/03/2011,0,12,2011
16/03/2011,0,12,2011
17/03/2011,0,12,2011
18/03/2011,0,12,2011
19/03/2011,0,12,2011
20/03/2011,0,13,2011
21/03/2011,1,13,2011
22/03/2011,0,13,2011
23/03/2011,0,13,2011
24/03/2011,0,13,2011
25/03/2011,0,13,2011
26/03/2011,0,13,2011
27/03/2011,0,14,2011
28/03/2011,1,14,2011
29/03/2011,0,14,2011
30/03/2011,0,14,2011
31/03/2011,0,14,2011
01/04/2011,0,14,2011
02/04/2011,0,14,2011
03/04/2011,0,15,2011
04/04/2011,0,15,2011
05/04/2011,0,15,2011
06/04/2011,0,15,2011
07/04/2011,0,15,2011
08/04/2011,0,15,2011
09/04/2011,0,15,2011
10/04/2011,0,16,2011
11/04/2011,0,16,2011
12/04/2011,0,16,2011
13/04/2011,0,16,2011
14/04/2011,0,16,2011
15/04/2011,0,16,2011
16/04/2011,0,16,2011
17/04/2011,0,17,2011
18/04/2011,1,17,2011
19/04/2011,0,17,2011
20/04/2011,0,17,2011
21/04/2011,0,17,2011
22/04/2011,0,17,2011
23/04/2011,0,17,2011
24/04/2011,0,18,2011
25/04/2011,0,18,2011
26/04/2011,0,18,2011
27/04/2011,0,18,2011
28/04/2011,0,18,2011
29/04/2011,0,18,2011
30/04/2011,0,18,2011
01/05/2011,0,19,2011
02/05/2011,0,19,2011
03/05/2011,0,19,2011
04/05/2011,0,19,2011
05/05/2011,0,19,2011
06/05/2011,0,19,2011
07/05/2011,0,19,2011
08/05/2011,0,20,2011
09/05/2011,0,20,2011
10/05/2011,0,20,2011
11/05/2011,0,20,2011
12/05/2011,0,20,2011
13/05/2011,0,20,2011
14/05/2011,0,20,2011
15/05/2011,0,21,2011
16/05/2011,0,21,2011
17/05/2011,0,21,2011
18/05/2011,0,21,2011
19/05/2011,0,21,2011
20/05/2011,0,21,2011
21/05/2011,0,21,2011
22/05/2011,0,22,2011
23/05/2011,0,22,2011
24/05/2011,0,22,2011
25/05/2011,0,22,2011
26/05/2011,0,22,2011
27/05/2011,0,22,2011
28/05/2011,0,22,2011
29/05/2011,0,23,2011
30/05/2011,0,23,2011
31/05/2011,0,23,2011
01/06/2011,0,23,2011
02/06/2011,0,23,2011
03/06/2011,0,23,2011
04/06/2011,0,23,2011
05/06/2011,0,24,2011
06/06/2011,0,24,2011
07/06/2011,0,24,2011
08/06/2011,0,24,2011
09/06/2011,0,24,2011
10/06/2011,0,24,2011
11/06/2011,0,24,2011
12/06/2011,0,25,2011
13/06/2011,0,25,2011
14/06/2011,0,25,2011
15/06/2011,0,25,2011
16/06/2011,0,25,2011
17/06/2011,0,25,2011
18/06/2011,0,25,2011
19/06/2011,0,26,2011
20/06/2011,0,26,2011
21/06/2011,0,26,2011
22/06/2011,0,26,2011
23/06/2011,0,26,2011
24/06/2011,0,26,2011
25/06/2011,0,26,2011
26/06/2011,0,27,2011
27/06/2011,0,27,2011
28/06/2011,0,27,2011
29/06/2011,0,27,2011
30/06/2011,0,27,2011
01/07/2011,0,27,2011
02/07/2011,0,27,2011
03/07/2011,0,28,2011
04/07/2011,0,28,2011
05/07/2011,0,28,2011
06/07/2011,0,28,2011
07/07/2011,0,28,2011
08/07/2011,0,28,2011
09/07/2011,0,28,2011
10/07/2011,0,29,2011
11/07/2011,0,29,2011
12/07/2011,0,29,2011
13/07/2011,0,29,2011
14/07/2011,0,29,2011
15/07/2011,0,29,2011
16/07/2011,0,29,2011
17/07/2011,0,30,2011
18/07/2011,0,30,2011
19/07/2011,0,30,2011
20/07/2011,0,30,2011
21/07/2011,0,30,2011
22/07/2011,0,30,2011
23/07/2011,0,30,2011
24/07/2011,0,31,2011
25/07/2011,0,31,2011
26/07/2011,0,31,2011
27/07/2011,0,31,2011
28/07/2011,0,31,2011
29/07/2011,0,31,2011
30/07/2011,0,31,2011
31/07/2011,0,32,2011
01/08/2011,0,32,2011
02/08/2011,0,32,2011
03/08/2011,0,32,2011
04/08/2011,0,32,2011
05/08/2011,0,32,2011
06/08/2011,0,32,2011
07/08/2011,0,33,2011
08/08/2011,0,33,2011
09/08/2011,0,33,2011
10/08/2011,0,33,2011
11/08/2011,0,33,2011
12/08/2011,0,33,2011
13/08/2011,0,33,2011
14/08/2011,0,34,2011
15/08/2011,0,34,2011
16/08/2011,0,34,2011
17/08/2011,0,34,2011
18/08/2011,0,34,2011
19/08/2011,0,34,2011
20/08/2011,0,34,2011
21/08/2011,0,35,2011
22/08/2011,0,35,2011
23/08/2011,0,35,2011
24/08/2011,0,35,2011
25/08/2011,0,35,2011
26/08/2011,0,35,2011
27/08/2011,0,35,2011
28/08/2011,0,36,2011
29/08/2011,0,36,2011
30/08/2011,0,36,2011
31/08/2011,0,36,2011
01/09/2011,0,36,2011
02/09/2011,0,36,2011
03/09/2011,0,36,2011
04/09/2011,0,37,2011
05/09/2011,0,37,2011
06/09/2011,0,37,2011
07/09/2011,0,37,2011
08/09/2011,0,37,2011
09/09/2011,0,37,2011
10/09/2011,0,37,2011
11/09/2011,0,38,2011
12/09/2011,0,38,2011
13/09/2011,0,38,2011
14/09/2011,0,38,2011
15/09/2011,0,38,2011
16/09/2011,0,38,2011
17/09/2011,0,38,2011
18/09/2011,0,39,2011
19/09/2011,0,39,2011
20/09/2011,0,39,2011
21/09/2011,0,39,2011
22/09/2011,0,39,2011
23/09/2011,0,39,2011
24/09/2011,0,39,2011
25/09/2011,0,40,2011
26/09/2011,0,40,2011
27/09/2011,0,40,2011
28/09/2011,0,40,2011
29/09/2011,0,40,2011
30/09/2011,0,40,2011
01/10/2011,0,40,2011
02/10/2011,0,41,2011
03/10/2011,0,41,2011
04/10/2011,0,41,2011
05/10/2011,0,41,2011
06/10/2011,0,41,2011
07/10/2011,0,41,2011
08/10/2011,0,41,2011
09/10/2011,0,42,2011
10/10/2011,0,42,2011
11/10/2011,0,42,2011
12/10/2011,0,42,2011
13/10/2011,0,42,2011
14/10/2011,0,42,2011
15/10/2011,0,42,2011
16/10/2011,0,43,2011
17/10/2011,0,43,2011
18/10/2011,0,43,2011
19/10/2011,0,43,2011
20/10/2011,0,43,2011
21/10/2011,0,43,2011
22/10/2011,0,43,2011
23/10/2011,0,44,2011
24/10/2011,0,44,2011
25/10/2011,0,44,2011
26/10/2011,0,44,2011
27/10/2011,0,44,2011
28/10/2011,0,44,2011
29/10/2011,0,44,2011
30/10/2011,0,45,2011
31/10/2011,0,45,2011
01/11/2011,0,45,2011
02/11/2011,0,45,2011
03/11/2011,0,45,2011
04/11/2011,0,45,2011
05/11/2011,0,45,2011
06/11/2011,0,46,2011
07/11/2011,0,46,2011
08/11/2011,0,46,2011
09/11/2011,0,46,2011
10/11/2011,0,46,2011
11/11/2011,0,46,2011
12/11/2011,0,46,2011
13/11/2011,0,47,2011
14/11/2011,0,47,2011
15/11/2011,0,47,2011
16/11/2011,0,47,2011
17/11/2011,0,47,2011
18/11/2011,0,47,2011
19/11/2011,0,47,2011
20/11/2011,0,48,2011
21/11/2011,0,48,2011
22/11/2011,0,48,2011
23/11/2011,0,48,2011
24/11/2011,0,48,2011
25/11/2011,0,48,2011
26/11/2011,0,48,2011
27/11/2011,0,49,2011
28/11/2011,0,49,2011
29/11/2011,0,49,2011
30/11/2011,0,49,2011
01/12/2011,0,49,2011
02/12/2011,0,49,2011
03/12/2011,0,49,2011
04/12/2011,0,50,2011
05/12/2011,0,50,2011
06/12/2011,0,50,2011
07/12/2011,0,50,2011
08/12/2011,0,50,2011
09/12/2011,0,50,2011
10/12/2011,0,50,2011
11/12/2011,0,51,2011
12/12/2011,0,51,2011
13/12/2011,0,51,2011
14/12/2011,0,51,2011
15/12/2011,0,51,2011
16/12/2011,0,51,2011
17/12/2011,0,51,2011
18/12/2011,0,52,2011
19/12/2011,1,52,2011
20/12/2011,0,52,2011
21/12/2011,0,52,2011
22/12/2011,0,52,2011
23/12/2011,0,52,2011
24/12/2011,0,52,2011
25/12/2011,0,53,2011
26/12/2011,1,53,2011
27/12/2011,0,53,2011
28/12/2011,0,53,2011
29/12/2011,0,53,2011
30/12/2011,0,53,2011
31/12/2011,0,53,2011
01/01/2012,0,1,2012
02/01/2012,1,1,2012
03/01/2012,0,1,2012
04/01/2012,0,1,2012
05/01/2012,0,1,2012
06/01/2012,0,1,2012
07/01/2012,0,1,2012
08/01/2012,0,2,2012
09/01/2012,0,2,2012
10/01/2012,0,2,2012
11/01/2012,0,2,2012
12/01/2012,0,2,2012
13/01/2012,0,2,2012
14/01/2012,0,2,2012
15/01/2012,0,3,2012
16/01/2012,1,3,2012
17/01/2012,0,3,2012
18/01/2012,0,3,2012
19/01/2012,0,3,2012
20/01/2012,0,3,2012
21/01/2012,0,3,2012
22/01/2012,0,4,2012
23/01/2012,0,4,2012
24/01/2012,0,4,2012
25/01/2012,0,4,2012
26/01/2012,0,4,2012
27/01/2012,0,4,2012
28/01/2012,0,4,2012
29/01/2012,0,5,2012
30/01/2012,0,5,2012
31/01/2012,0,5,2012
01/02/2012,0,5,2012
02/02/2012,0,5,2012
03/02/2012,0,5,2012
04/02/2012,0,5,2012
05/02/2012,0,6,2012
06/02/2012,1,6,2012
07/02/2012,0,6,2012
08/02/2012,0,6,2012
09/02/2012,0,6,2012
10/02/2012,0,6,2012
11/02/2012,0,6,2012
12/02/2012,0,7,2012
13/02/2012,0,7,2012
14/02/2012,0,7,2012
15/02/2012,0,7,2012
16/02/2012,0,7,2012
17/02/2012,0,7,2012
18/02/2012,0,7,2012
19/02/2012,0,8,2012
20/02/2012,2,8,2012
21/02/2012,0,8,2012
22/02/2012,0,8,2012
23/02/2012,0,8,2012
24/02/2012,0,8,2012
25/02/2012,0,8,2012
26/02/2012,0,9,2012
27/02/2012,2,9,2012
28/02/2012,0,9,2012
29/02/2012,0,9,2012
01/03/2012,0,9,2012
02/03/2012,0,9,2012
03/03/2012,0,9,2012
04/03/2012,0,10,2012
05/03/2012,0,10,2012
06/03/2012,0,10,2012
07/03/2012,0,10,2012
08/03/2012,0,10,2012
09/03/2012,0,10,2012
10/03/2012,0,10,2012
11/03/2012,0,11,2012
12/03/2012,0,11,2012
13/03/2012,0,11,2012
14/03/2012,0,11,2012
15/03/2012,0,11,2012
16/03/2012,0,11,2012
17/03/2012,0,11,2012
18/03/2012,0,12,2012
19/03/2012,1,12,2012
20/03/2012,0,12,2012
21/03/2012,0,12,2012
22/03/2012,0,12,2012
23/03/2012,0,12,2012
24/03/2012,0,12,2012
25/03/2012,0,13,2012
26/03/2012,0,13,2012
27/03/2012,0,13,2012
28/03/2012,0,13,2012
29/03/2012,0,13,2012
30/03/2012,0,13,2012
31/03/2012,0,13,2012
01/04/2012,0,14,2012
02/04/2012,0,14,2012
03/04/2012,0,14,2012
04/04/2012,0,14,2012
05/04/2012,0,14,2012
06/04/2012,0,14,2012
07/04/2012,0,14,2012
08/04/2012,0,15,2012
09/04/2012,2,15,2012
10/04/2012,0,15,2012
11/04/2012,0,15,2012
12/04/2012,0,15,2012
13/04/2012,0,15,2012
14/04/2012,0,15,2012
15/04/2012,0,16,2012
16/04/2012,2,16,2012
17/04/2012,0,16,2012
18/04/2012,0,16,2012
19/04/2012,0,16,2012
20/04/2012,0,16,2012
21/04/2012,0,16,2012
22/04/2012,0,17,2012
23/04/2012,0,17,2012
24/04/2012,0,17,2012
25/04/2012,0,17,2012
26/04/2012,0,17,2012
27/04/2012,0,17,2012
28/04/2012,0,17,2012
29/04/2012,0,18,2012
30/04/2012,2,18,2012
01/05/2012,0,18,2012
02/05/2012,0,18,2012
03/05/2012,0,18,2012
04/05/2012,0,18,2012
05/05/2012,0,18,2012
06/05/2012,0,19,2012
07/05/2012,1,19,2012
08/05/2012,0,19,2012
09/05/2012,0,19,2012
10/05/2012,0,19,2012
11/05/2012,0,19,2012
12/05/2012,0,19,2012
13/05/2012,0,20,2012
14/05/2012,1,20,2012
15/05/2012,0,20,2012
16/05/2012,0,20,2012
17/05/2012,0,20,2012
18/05/2012,0,20,2012
19/05/2012,0,20,2012
20/05/2012,0,21,2012
21/05/2012,2,21,2012
22/05/2012,0,21,2012
23/05/2012,0,21,2012
24/05/2012,0,21,2012
25/05/2012,0,21,2012
26/05/2012,0,21,2012
27/05/2012,0,22,2012
28/05/2012,0,22,2012
29/05/2012,0,22,2012
30/05/2012,0,22,2012
31/05/2012,0,22,2012
01/06/2012,0,22,2012
02/06/2012,0,22,2012
03/06/2012,0,23,2012
04/06/2012,0,23,2012
05/06/2012,0,23,2012
06/06/2012,0,23,2012
07/06/2012,0,23,2012
08/06/2012,0,23,2012
09/06/2012,0,23,2012
10/06/2012,0,24,2012
11/06/2012,0,24,2012
12/06/2012,0,24,2012
13/06/2012,0,24,2012
14/06/2012,0,24,2012
15/06/2012,0,24,2012
16/06/2012,0,24,2012
17/06/2012,0,25,2012
18/06/2012,0,25,2012
19/06/2012,0,25,2012
20/06/2012,0,25,2012
21/06/2012,0,25,2012
22/06/2012,0,25,2012
23/06/2012,0,25,2012
24/06/2012,0,26,2012
25/06/2012,0,26,2012
26/06/2012,0,26,2012
27/06/2012,0,26,2012
28/06/2012,0,26,2012
29/06/2012,0,26,2012
30/06/2012,0,26,2012
01/07/2012,0,27,2012
02/07/2012,0,27,2012
03/07/2012,0,27,2012
04/07/2012,0,27,2012
05/07/2012,0,27,2012
06/07/2012,0,27,2012
07/07/2012,0,27,2012
08/07/2012,0,28,2012
09/07/2012,2,28,2012
10/07/2012,0,28,2012
11/07/2012,0,28,2012
12/07/2012,0,28,2012
13/07/2012,0,28,2012
14/07/2012,0,28,2012
15/07/2012,0,29,2012
16/07/2012,1,29,2012
17/07/2012,0,29,2012
18/07/2012,0,29,2012
19/07/2012,0,29,2012
20/07/2012,0,29,2012
21/07/2012,0,29,2012
22/07/2012,0,30,2012
23/07/2012,0,30,2012
24/07/2012,0,30,2012
25/07/2012,0,30,2012
26/07/2012,0,30,2012
27/07/2012,0,30,2012
28/07/2012,0,30,2012
29/07/2012,0,31,2012
30/07/2012,1,31,2012
31/07/2012,0,31,2012
01/08/2012,0,31,2012
02/08/2012,0,31,2012
03/08/2012,0,31,2012
04/08/2012,0,31,2012
05/08/2012,0,32,2012
06/08/2012,0,32,2012
07/08/2012,0,32,2012
08/08/2012,0,32,2012
09/08/2012,0,32,2012
10/08/2012,0,32,2012
11/08/2012,0,32,2012
12/08/2012,0,33,2012
13/08/2012,1,33,2012
14/08/2012,0,33,2012
15/08/2012,0,33,2012
16/08/2012,0,33,2012
17/08/2012,0,33,2012
18/08/2012,0,33,2012
19/08/2012,0,34,2012
20/08/2012,0,34,2012
21/08/2012,0,34,2012
22/08/2012,0,34,2012
23/08/2012,0,34,2012
24/08/2012,0,34,2012
25/08/2012,0,34,2012
26/08/2012,0,35,2012
27/08/2012,0,35,2012
28/08/2012,0,35,2012
29/08/2012,0,35,2012
30/08/2012,0,35,2012
31/08/2012,0,35,2012
01/09/2012,0,35,2012
02/09/2012,0,36,2012
03/09/2012,0,36,2012
04/09/2012,0,36,2012
05/09/2012,0,36,2012
06/09/2012,0,36,2012
07/09/2012,0,36,2012
08/09/2012,0,36,2012
09/09/2012,0,37,2012
10/09/2012,0,37,2012
11/09/2012,0,37,2012
12/09/2012,0,37,2012
13/09/2012,0,37,2012
14/09/2012,0,37,2012
15/09/2012,0,37,2012
16/09/2012,0,38,2012
17/09/2012,0,38,2012
18/09/2012,0,38,2012
19/09/2012,0,38,2012
20/09/2012,0,38,2012
21/09/2012,0,38,2012
22/09/2012,0,38,2012
23/09/2012,0,39,2012
24/09/2012,0,39,2012
25/09/2012,0,39,2012
26/09/2012,0,39,2012
27/09/2012,0,39,2012
28/09/2012,0,39,2012
29/09/2012,0,39,2012
30/09/2012,0,40,2012
01/10/2012,0,40,2012
02/10/2012,0,40,2012
03/10/2012,0,40,2012
04/10/2012,0,40,2012
05/10/2012,0,40,2012
06/10/2012,0,40,2012
07/10/2012,0,41,2012
08/10/2012,0,41,2012
09/10/2012,0,41,2012
10/10/2012,0,41,2012
11/10/2012,0,41,2012
12/10/2012,0,41,2012
13/10/2012,0,41,2012
14/10/2012,0,42,2012
15/10/2012,1,42,2012
16/10/2012,0,42,2012
17/10/2012,0,42,2012
18/10/2012,0,42,2012
19/10/2012,0,42,2012
20/10/2012,0,42,2012
21/10/2012,0,43,2012
22/10/2012,0,43,2012
23/10/2012,0,43,2012
24/10/2012,0,43,2012
25/10/2012,0,43,2012
26/10/2012,0,43,2012
27/10/2012,0,43,2012
28/10/2012,0,44,2012
29/10/2012,0,44,2012
30/10/2012,0,44,2012
31/10/2012,0,44,2012
01/11/2012,0,44,2012
02/11/2012,0,44,2012
03/11/2012,0,44,2012
04/11/2012,0,45,2012
05/11/2012,0,45,2012
06/11/2012,0,45,2012
07/11/2012,0,45,2012
08/11/2012,0,45,2012
09/11/2012,0,45,2012
10/11/2012,0,45,2012
11/11/2012,0,46,2012
12/11/2012,0,46,2012
13/11/2012,0,46,2012
14/11/2012,0,46,2012
15/11/2012,0,46,2012
16/11/2012,0,46,2012
17/11/2012,0,46,2012
18/11/2012,0,47,2012
19/11/2012,0,47,2012
20/11/2012,0,47,2012
21/11/2012,0,47,2012
22/11/2012,0,47,2012
23/11/2012,0,47,2012
24/11/2012,0,47,2012
25/11/2012,0,48,2012
26/11/2012,0,48,2012
27/11/2012,0,48,2012
28/11/2012,0,48,2012
29/11/2012,0,48,2012
30/11/2012,0,48,2012
01/12/2012,0,48,2012
02/12/2012,0,49,2012
03/12/2012,0,49,2012
04/12/2012,0,49,2012
05/12/2012,0,49,2012
06/12/2012,0,49,2012
07/12/2012,0,49,2012
08/12/2012,0,49,2012
09/12/2012,0,50,2012
10/12/2012,0,50,2012
11/12/2012,0,50,2012
12/12/2012,0,50,2012
13/12/2012,0,50,2012
14/12/2012,0,50,2012
15/12/2012,0,50,2012
16/12/2012,0,51,2012
17/12/2012,0,51,2012
18/12/2012,0,51,2012
19/12/2012,0,51,2012
20/12/2012,0,51,2012
21/12/2012,0,51,2012
22/12/2012,0,51,2012
23/12/2012,0,52,2012
24/12/2012,0,52,2012
25/12/2012,0,52,2012
26/12/2012,0,52,2012
27/12/2012,0,52,2012
28/12/2012,0,52,2012
29/12/2012,0,52,2012
30/12/2012,0,53,2012
31/12/2012,0,53,2012
01/01/2013,0,1,2013
02/01/2013,0,1,2013
03/01/2013,0,1,2013
04/01/2013,0,1,2013
05/01/2013,0,1,2013
06/01/2013,0,2,2013
07/01/2013,0,2,2013
08/01/2013,0,2,2013
09/01/2013,0,2,2013
10/01/2013,0,2,2013
11/01/2013,0,2,2013
12/01/2013,0,2,2013
13/01/2013,0,3,2013
14/01/2013,0,3,2013
15/01/2013,0,3,2013
16/01/2013,0,3,2013
17/01/2013,0,3,2013
18/01/2013,0,3,2013
19/01/2013,0,3,2013
20/01/2013,0,4,2013
21/01/2013,0,4,2013
22/01/2013,0,4,2013
23/01/2013,0,4,2013
24/01/2013,0,4,2013
25/01/2013,0,4,2013
26/01/2013,0,4,2013
27/01/2013,0,5,2013
28/01/2013,0,5,2013
29/01/2013,0,5,2013
30/01/2013,0,5,2013
31/01/2013,0,5,2013
01/02/2013,0,5,2013
02/02/2013,0,5,2013
03/02/2013,0,6,2013
04/02/2013,0,6,2013
05/02/2013,0,6,2013
06/02/2013,0,6,2013
07/02/2013,0,6,2013
08/02/2013,0,6,2013
09/02/2013,0,6,2013
10/02/2013,0,7,2013
11/02/2013,0,7,2013
12/02/2013,0,7,2013
13/02/2013,0,7,2013
14/02/2013,0,7,2013
15/02/2013,0,7,2013
16/02/2013,0,7,2013
17/02/2013,0,8,2013
18/02/2013,0,8,2013
19/02/2013,0,8,2013
20/02/2013,0,8,2013
21/02/2013,0,8,2013
22/02/2013,0,8,2013
23/02/2013,0,8,2013
24/02/2013,0,9,2013
25/02/2013,0,9,2013
26/02/2013,0,9,2013
27/02/2013,0,9,2013
28/02/2013,0,9,2013
01/03/2013,0,9,2013
02/03/2013,0,9,2013
03/03/2013,0,10,2013
04/03/2013,0,10,2013
05/03/2013,0,10,2013
06/03/2013,0,10,2013
07/03/2013,0,10,2013
08/03/2013,0,10,2013
09/03/2013,0,10,2013
10/03/2013,0,11,2013
11/03/2013,0,11,2013
12/03/2013,0,11,2013
13/03/2013,0,11,2013
14/03/2013,0,11,2013
15/03/2013,0,11,2013
16/03/2013,0,11,2013
17/03/2013,0,12,2013
18/03/2013,0,12,2013
19/03/2013,0,12,2013
20/03/2013,0,12,2013
21/03/2013,0,12,2013
22/03/2013,0,12,2013
23/03/2013,0,12,2013
24/03/2013,0,13,2013
25/03/2013,0,13,2013
26/03/2013,0,13,2013
27/03/2013,0,13,2013
28/03/2013,0,13,2013
29/03/2013,0,13,2013
30/03/2013,0,13,2013
31/03/2013,0,14,2013
01/04/2013,1,14,2013
02/04/2013,0,14,2013
03/04/2013,0,14,2013
04/04/2013,0,14,2013
05/04/2013,0,14,2013
06/04/2013,0,14,2013
07/04/2013,0,15,2013
08/04/2013,2,15,2013
09/04/2013,0,15,2013
10/04/2013,0,15,2013
11/04/2013,0,15,2013
12/04/2013,0,15,2013
13/04/2013,0,15,2013
14/04/2013,0,16,2013
15/04/2013,0,16,2013
16/04/2013,0,16,2013
17/04/2013,0,16,2013
18/04/2013,0,16,2013
19/04/2013,0,16,2013
20/04/2013,0,16,2013
21/04/2013,0,17,2013
22/04/2013,1,17,2013
23/04/2013,0,17,2013
24/04/2013,0,17,2013
25/04/2013,0,17,2013
26/04/2013,0,17,2013
27/04/2013,0,17,2013
28/04/2013,0,18,2013
29/04/2013,0,18,2013
30/04/2013,0,18,2013
01/05/2013,0,18,2013
02/05/2013,0,18,2013
03/05/2013,0,18,2013
04/05/2013,0,18,2013
05/05/2013,0,19,2013
06/05/2013,0,19,2013
07/05/2013,0,19,2013
08/05/2013,0,19,2013
09/05/2013,0,19,2013
10/05/2013,0,19,2013
11/05/2013,0,19,2013
12/05/2013,0,20,2013
13/05/2013,0,20,2013
14/05/2013,0,20,2013
15/05/2013,0,20,2013
16/05/2013,0,20,2013
17/05/2013,0,20,2013
18/05/2013,0,20,2013
19/05/2013,0,21,2013
20/05/2013,0,21,2013
21/05/2013,0,21,2013
22/05/2013,0,21,2013
23/05/2013,0,21,2013
24/05/2013,0,21,2013
25/05/2013,0,21,2013
26/05/2013,0,22,2013
27/05/2013,0,22,2013
28/05/2013,0,22,2013
29/05/2013,0,22,2013
30/05/2013,0,22,2013
31/05/2013,0,22,2013
01/06/2013,0,22,2013
02/06/2013,0,23,2013
03/06/2013,0,23,2013
04/06/2013,0,23,2013
05/06/2013,0,23,2013
06/06/2013,0,23,2013
07/06/2013,0,23,2013
08/06/2013,0,23,2013
09/06/2013,0,24,2013
10/06/2013,0,24,2013
11/06/2013,0,24,2013
12/06/2013,0,24,2013
13/06/2013,0,24,2013
14/06/2013,0,24,2013
15/06/2013,0,24,2013
16/06/2013,0,25,2013
17/06/2013,0,25,2013
18/06/2013,0,25,2013
19/06/2013,0,25,2013
20/06/2013,0,25,2013
21/06/2013,0,25,2013
22/06/2013,0,25,2013
23/06/2013,0,26,2013
24/06/2013,0,26,2013
25/06/2013,0,26,2013
26/06/2013,0,26,2013
27/06/2013,0,26,2013
28/06/2013,0,26,2013
29/06/2013,0,26,2013
30/06/2013,0,27,2013
01/07/2013,1,27,2013
02/07/2013,0,27,2013
03/07/2013,0,27,2013
04/07/2013,0,27,2013
05/07/2013,0,27,2013
06/07/2013,0,27,2013
07/07/2013,0,28,2013
08/07/2013,0,28,2013
09/07/2013,0,28,2013
10/07/2013,0,28,2013
11/07/2013,0,28,2013
12/07/2013,0,28,2013
13/07/2013,0,28,2013
14/07/2013,0,29,2013
15/07/2013,0,29,2013
16/07/2013,0,29,2013
17/07/2013,0,29,2013
18/07/2013,0,29,2013
19/07/2013,0,29,2013
20/07/2013,0,29,2013
21/07/2013,0,30,2013
22/07/2013,1,30,2013
23/07/2013,0,30,2013
24/07/2013,0,30,2013
25/07/2013,0,30,2013
26/07/2013,0,30,2013
27/07/2013,0,30,2013
28/07/2013,0,31,2013
29/07/2013,2,31,2013
30/07/2013,0,31,2013
31/07/2013,0,31,2013
01/08/2013,0,31,2013
02/08/2013,0,31,2013
03/08/2013,0,31,2013
04/08/2013,0,32,2013
05/08/2013,3,32,2013
06/08/2013,0,32,2013
07/08/2013,0,32,2013
08/08/2013,0,32,2013
09/08/2013,0,32,2013
10/08/2013,0,32,2013
11/08/2013,0,33,2013
12/08/2013,1,33,2013
13/08/2013,0,33,2013
14/08/2013,0,33,2013
15/08/2013,0,33,2013
16/08/2013,0,33,2013
17/08/2013,0,33,2013
18/08/2013,0,34,2013
19/08/2013,2,34,2013
20/08/2013,0,34,2013
21/08/2013,0,34,2013
22/08/2013,0,34,2013
23/08/2013,0,34,2013
24/08/2013,0,34,2013
25/08/2013,0,35,2013
26/08/2013,0,35,2013
27/08/2013,0,35,2013
28/08/2013,0,35,2013
29/08/2013,0,35,2013
30/08/2013,0,35,2013
31/08/2013,0,35,2013
01/09/2013,0,36,2013
02/09/2013,1,36,2013
03/09/2013,0,36,2013
04/09/2013,0,36,2013
05/09/2013,0,36,2013
06/09/2013,0,36,2013
07/09/2013,0,36,2013
08/09/2013,0,37,2013
09/09/2013,0,37,2013
10/09/2013,0,37,2013
11/09/2013,0,37,2013
12/09/2013,0,37,2013
13/09/2013,0,37,2013
14/09/2013,0,37,2013
15/09/2013,0,38,2013
16/09/2013,0,38,2013
17/09/2013,0,38,2013
18/09/2013,0,38,2013
19/09/2013,0,38,2013
20/09/2013,0,38,2013
21/09/2013,0,38,2013
22/09/2013,0,39,2013
23/09/2013,1,39,2013
24/09/2013,0,39,2013
25/09/2013,0,39,2013
26/09/2013,0,39,2013
27/09/2013,0,39,2013
28/09/2013,0,39,2013
29/09/2013,0,40,2013
30/09/2013,0,40,2013
01/10/2013,0,40,2013
02/10/2013,0,40,2013
03/10/2013,0,40,2013
04/10/2013,0,40,2013
05/10/2013,0,40,2013
06/10/2013,0,41,2013
07/10/2013,1,41,2013
08/10/2013,0,41,2013
09/10/2013,0,41,2013
10/10/2013,0,41,2013
11/10/2013,0,41,2013
12/10/2013,0,41,2013
13/10/2013,0,42,2013
14/10/2013,1,42,2013
15/10/2013,0,42,2013
16/10/2013,0,42,2013
17/10/2013,0,42,2013
18/10/2013,0,42,2013
19/10/2013,0,42,2013
20/10/2013,0,43,2013
21/10/2013,0,43,2013
22/10/2013,0,43,2013
23/10/2013,0,43,2013
24/10/2013,0,43,2013
25/10/2013,0,43,2013
26/10/2013,0,43,2013
27/10/2013,0,44,2013
28/10/2013,0,44,2013
29/10/2013,0,44,2013
30/10/2013,0,44,2013
31/10/2013,0,44,2013
01/11/2013,0,44,2013
02/11/2013,0,44,2013
03/11/2013,0,45,2013
04/11/2013,0,45,2013
05/11/2013,0,45,2013
06/11/2013,0,45,2013
07/11/2013,0,45,2013
08/11/2013,0,45,2013
09/11/2013,0,45,2013
10/11/2013,0,46,2013
11/11/2013,0,46,2013
12/11/2013,0,46,2013
13/11/2013,0,46,2013
14/11/2013,0,46,2013
15/11/2013,0,46,2013
16/11/2013,0,46,2013
17/11/2013,0,47,2013
18/11/2013,0,47,2013
19/11/2013,0,47,2013
20/11/2013,0,47,2013
21/11/2013,0,47,2013
22/11/2013,0,47,2013
23/11/2013,0,47,2013
24/11/2013,0,48,2013
25/11/2013,0,48,2013
26/11/2013,0,48,2013
27/11/2013,0,48,2013
28/11/2013,0,48,2013
29/11/2013,0,48,2013
30/11/2013,0,48,2013
01/12/2013,0,49,2013
02/12/2013,0,49,2013
03/12/2013,0,49,2013
04/12/2013,0,49,2013
05/12/2013,0,49,2013
06/12/2013,0,49,2013
07/12/2013,0,49,2013
08/12/2013,0,50,2013
09/12/2013,0,50,2013
10/12/2013,0,50,2013
11/12/2013,0,50,2013
12/12/2013,0,50,2013
13/12/2013,0,50,2013
14/12/2013,0,50,2013
15/12/2013,0,51,2013
16/12/2013,0,51,2013
17/12/2013,0,51,2013
18/12/2013,0,51,2013
19/12/2013,0,51,2013
20/12/2013,0,51,2013
21/12/2013,0,51,2013
22/12/2013,0,52,2013
23/12/2013,0,52,2013
24/12/2013,0,52,2013
25/12/2013,0,52,2013
26/12/2013,0,52,2013
27/12/2013,0,52,2013
28/12/2013,0,52,2013
29/12/2013,0,53,2013
30/12/2013,0,53,2013
31/12/2013,0,53,2013
01/01/2014,0,1,2014
02/01/2014,0,1,2014
03/01/2014,0,1,2014
04/01/2014,0,1,2014
05/01/2014,0,2,2014
06/01/2014,0,2,2014
07/01/2014,0,2,2014
08/01/2014,0,2,2014
09/01/2014,0,2,2014
10/01/2014,0,2,2014
11/01/2014,0,2,2014
12/01/2014,0,3,2014
13/01/2014,1,3,2014
14/01/2014,0,3,2014
15/01/2014,0,3,2014
16/01/2014,0,3,2014
17/01/2014,0,3,2014
18/01/2014,0,3,2014
19/01/2014,0,4,2014
20/01/2014,0,4,2014
21/01/2014,0,4,2014
22/01/2014,0,4,2014
23/01/2014,0,4,2014
24/01/2014,0,4,2014
25/01/2014,0,4,2014
26/01/2014,0,5,2014
27/01/2014,0,5,2014
28/01/2014,0,5,2014
29/01/2014,0,5,2014
30/01/2014,0,5,2014
31/01/2014,0,5,2014
01/02/2014,0,5,2014
02/02/2014,0,6,2014
03/02/2014,0,6,2014
04/02/2014,0,6,2014
05/02/2014,0,6,2014
06/02/2014,0,6,2014
07/02/2014,0,6,2014
08/02/2014,0,6,2014
09/02/2014,0,7,2014
10/02/2014,0,7,2014
11/02/2014,0,7,2014
12/02/2014,0,7,2014
13/02/2014,0,7,2014
14/02/2014,0,7,2014
15/02/2014,0,7,2014
16/02/2014,0,8,2014
17/02/2014,0,8,2014
18/02/2014,0,8,2014
19/02/2014,0,8,2014
20/02/2014,0,8,2014
21/02/2014,0,8,2014
22/02/2014,0,8,2014
23/02/2014,0,9,2014
24/02/2014,1,9,2014
25/02/2014,0,9,2014
26/02/2014,0,9,2014
27/02/2014,0,9,2014
28/02/2014,0,9,2014
01/03/2014,0,9,2014
02/03/2014,0,10,2014
03/03/2014,1,10,2014
04/03/2014,0,10,2014
05/03/2014,0,10,2014
06/03/2014,0,10,2014
07/03/2014,0,10,2014
08/03/2014,0,10,2014
09/03/2014,0,11,2014
10/03/2014,0,11,2014
11/03/2014,0,11,2014
12/03/2014,0,11,2014
13/03/2014,0,11,2014
14/03/2014,0,11,2014
15/03/2014,0,11,2014
16/03/2014,0,12,2014
17/03/2014,2,12,2014
18/03/2014,0,12,2014
19/03/2014,0,12,2014
20/03/2014,0,12,2014
21/03/2014,0,12,2014
22/03/2014,0,12,2014
23/03/2014,0,13,2014
24/03/2014,0,13,2014
25/03/2014,0,13,2014
26/03/2014,0,13,2014
27/03/2014,0,13,2014
28/03/2014,0,13,2014
29/03/2014,0,13,2014
30/03/2014,0,14,2014
31/03/2014,1,14,2014
01/04/2014,0,14,2014
02/04/2014,0,14,2014
03/04/2014,0,14,2014
04/04/2014,0,14,2014
05/04/2014,0,14,2014
06/04/2014,0,15,2014
07/04/2014,1,15,2014
08/04/2014,0,15,2014
09/04/2014,0,15,2014
10/04/2014,0,15,2014
11/04/2014,0,15,2014
12/04/2014,0,15,2014
13/04/2014,0,16,2014
14/04/2014,1,16,2014
15/04/2014,0,16,2014
16/04/2014,0,16,2014
17/04/2014,0,16,2014
18/04/2014,0,16,2014
19/04/2014,0,16,2014
20/04/2014,0,17,2014
21/04/2014,1,17,2014
22/04/2014,0,17,2014
23/04/2014,0,17,2014
24/04/2014,0,17,2014
25/04/2014,0,17,2014
26/04/2014,0,17,2014
27/04/2014,0,18,2014
28/04/2014,3,18,2014
29/04/2014,0,18,2014
30/04/2014,0,18,2014
01/05/2014,0,18,2014
02/05/2014,0,18,2014
03/05/2014,0,18,2014
04/05/2014,0,19,2014
05/05/2014,4,19,2014
06/05/2014,0,19,2014
07/05/2014,0,19,2014
08/05/2014,0,19,2014
09/05/2014,0,19,2014
10/05/2014,0,19,2014
11/05/2014,0,20,2014
12/05/2014,6,20,2014
13/05/2014,0,20,2014
14/05/2014,0,20,2014
15/05/2014,0,20,2014
16/05/2014,0,20,2014
17/05/2014,0,20,2014
18/05/2014,0,21,2014
19/05/2014,3,21,2014
20/05/2014,0,21,2014
21/05/2014,0,21,2014
22/05/2014,0,21,2014
23/05/2014,0,21,2014
24/05/2014,0,21,2014
25/05/2014,0,22,2014
26/05/2014,10,22,2014
27/05/2014,0,22,2014
28/05/2014,0,22,2014
29/05/2014,0,22,2014
30/05/2014,0,22,2014
31/05/2014,0,22,2014
01/06/2014,0,23,2014
02/06/2014,13,23,2014
03/06/2014,0,23,2014
04/06/2014,0,23,2014
05/06/2014,0,23,2014
06/06/2014,0,23,2014
07/06/2014,0,23,2014
08/06/2014,0,24,2014
09/06/2014,27,24,2014
10/06/2014,0,24,2014
11/06/2014,0,24,2014
12/06/2014,0,24,2014
13/06/2014,0,24,2014
14/06/2014,0,24,2014
15/06/2014,0,25,2014
16/06/2014,17,25,2014
17/06/2014,0,25,2014
18/06/2014,0,25,2014
19/06/2014,0,25,2014
20/06/2014,0,25,2014
21/06/2014,0,25,2014
22/06/2014,0,26,2014
23/06/2014,40,26,2014
24/06/2014,0,26,2014
25/06/2014,0,26,2014
26/06/2014,0,26,2014
27/06/2014,0,26,2014
28/06/2014,0,26,2014
29/06/2014,0,27,2014
30/06/2014,46,27,2014
01/07/2014,0,27,2014
02/07/2014,0,27,2014
03/07/2014,0,27,2014
04/07/2014,0,27,2014
05/07/2014,0,27,2014
06/07/2014,0,28,2014
07/07/2014,68,28,2014
08/07/2014,0,28,2014
09/07/2014,0,28,2014
10/07/2014,0,28,2014
11/07/2014,0,28,2014
12/07/2014,0,28,2014
13/07/2014,0,29,2014
14/07/2014,54,29,2014
15/07/2014,0,29,2014
16/07/2014,0,29,2014
17/07/2014,0,29,2014
18/07/2014,0,29,2014
19/07/2014,0,29,2014
20/07/2014,0,30,2014
21/07/2014,42,30,2014
22/07/2014,0,30,2014
23/07/2014,0,30,2014
24/07/2014,0,30,2014
25/07/2014,0,30,2014
26/07/2014,0,30,2014
27/07/2014,0,31,2014
28/07/2014,34,31,2014
29/07/2014,0,31,2014
30/07/2014,0,31,2014
31/07/2014,0,31,2014
01/08/2014,0,31,2014
02/08/2014,0,31,2014
03/08/2014,0,32,2014
04/08/2014,19,32,2014
05/08/2014,0,32,2014
06/08/2014,0,32,2014
07/08/2014,0,32,2014
08/08/2014,0,32,2014
09/08/2014,0,32,2014
10/08/2014,0,33,2014
11/08/2014,10,33,2014
12/08/2014,0,33,2014
13/08/2014,0,33,2014
14/08/2014,0,33,2014
15/08/2014,0,33,2014
16/08/2014,0,33,2014
17/08/2014,0,34,2014
18/08/2014,11,34,2014
19/08/2014,0,34,2014
20/08/2014,0,34,2014
21/08/2014,0,34,2014
22/08/2014,0,34,2014
23/08/2014,0,34,2014
24/08/2014,0,35,2014
25/08/2014,6,35,2014
26/08/2014,0,35,2014
27/08/2014,0,35,2014
28/08/2014,0,35,2014
29/08/2014,0,35,2014
30/08/2014,0,35,2014
31/08/2014,0,36,2014
01/09/2014,3,36,2014
02/09/2014,0,36,2014
03/09/2014,0,36,2014
04/09/2014,0,36,2014
05/09/2014,0,36,2014
06/09/2014,0,36,2014
07/09/2014,0,37,2014
08/09/2014,6,37,2014
09/09/2014,0,37,2014
10/09/2014,0,37,2014
11/09/2014,0,37,2014
12/09/2014,0,37,2014
13/09/2014,0,37,2014
14/09/2014,0,38,2014
15/09/2014,4,38,2014
16/09/2014,0,38,2014
17/09/2014,0,38,2014
18/09/2014,0,38,2014
19/09/2014,0,38,2014
20/09/2014,0,38,2014
21/09/2014,0,39,2014
22/09/2014,2,39,2014
23/09/2014,0,39,2014
24/09/2014,0,39,2014
25/09/2014,0,39,2014
26/09/2014,0,39,2014
27/09/2014,0,39,2014
28/09/2014,0,40,2014
29/09/2014,1,40,2014
30/09/2014,0,40,2014
01/10/2014,0,40,2014
02/10/2014,0,40,2014
03/10/2014,0,40,2014
04/10/2014,0,40,2014
05/10/2014,0,41,2014
06/10/2014,1,41,2014
07/10/2014,0,41,2014
08/10/2014,0,41,2014
09/10/2014,0,41,2014
10/10/2014,0,41,2014
11/10/2014,0,41,2014
12/10/2014,0,42,2014
13/10/2014,0,42,2014
14/10/2014,0,42,2014
15/10/2014,0,42,2014
16/10/2014,0,42,2014
17/10/2014,0,42,2014
18/10/2014,0,42,2014
19/10/2014,0,43,2014
20/10/2014,2,43,2014
21/10/2014,0,43,2014
22/10/2014,0,43,2014
23/10/2014,0,43,2014
24/10/2014,0,43,2014
25/10/2014,0,43,2014
26/10/2014,0,44,2014
27/10/2014,0,44,2014
28/10/2014,0,44,2014
29/10/2014,0,44,2014
30/10/2014,0,44,2014
31/10/2014,0,44,2014
01/11/2014,0,44,2014
02/11/2014,0,45,2014
03/11/2014,0,45,2014
04/11/2014,0,45,2014
05/11/2014,0,45,2014
06/11/2014,0,45,2014
07/11/2014,0,45,2014
08/11/2014,0,45,2014
09/11/2014,0,46,2014
10/11/2014,1,46,2014
11/11/2014,0,46,2014
12/11/2014,0,46,2014
13/11/2014,0,46,2014
14/11/2014,0,46,2014
15/11/2014,0,46,2014
16/11/2014,0,47,2014
17/11/2014,1,47,2014
18/11/2014,0,47,2014
19/11/2014,0,47,2014
20/11/2014,0,47,2014
21/11/2014,0,47,2014
22/11/2014,0,47,2014
23/11/2014,0,48,2014
24/11/2014,1,48,2014
25/11/2014,0,48,2014
26/11/2014,0,48,2014
27/11/2014,0,48,2014
28/11/2014,0,48,2014
29/11/2014,0,48,2014
30/11/2014,0,49,2014
01/12/2014,2,49,2014
02/12/2014,0,49,2014
03/12/2014,0,49,2014
04/12/2014,0,49,2014
05/12/2014,0,49,2014
06/12/2014,0,49,2014
07/12/2014,0,50,2014
08/12/2014,2,50,2014
09/12/2014,0,50,2014
10/12/2014,0,50,2014
11/12/2014,0,50,2014
12/12/2014,0,50,2014
13/12/2014,0,50,2014
14/12/2014,0,51,2014
15/12/2014,0,51,2014
16/12/2014,0,51,2014
17/12/2014,0,51,2014
18/12/2014,0,51,2014
19/12/2014,0,51,2014
20/12/2014,0,51,2014
21/12/2014,0,52,2014
22/12/2014,1,52,2014
23/12/2014,0,52,2014
24/12/2014,0,52,2014
25/12/2014,0,52,2014
26/12/2014,0,52,2014
27/12/2014,0,52,2014
28/12/2014,0,53,2014
29/12/2014,0,53,2014
30/12/2014,0,53,2014
31/12/2014,0,53,2014
01/01/2015,0,1,2015
02/01/2015,0,1,2015
03/01/2015,0,1,2015
04/01/2015,0,2,2015
05/01/2015,0,2,2015
06/01/2015,0,2,2015
07/01/2015,0,2,2015
08/01/2015,0,2,2015
09/01/2015,0,2,2015
10/01/2015,0,2,2015
11/01/2015,0,3,2015
12/01/2015,3,3,2015
13/01/2015,0,3,2015
14/01/2015,0,3,2015
15/01/2015,0,3,2015
16/01/2015,0,3,2015
17/01/2015,0,3,2015
18/01/2015,0,4,2015
19/01/2015,1,4,2015
20/01/2015,0,4,2015
21/01/2015,0,4,2015
22/01/2015,0,4,2015
23/01/2015,0,4,2015
24/01/2015,0,4,2015
25/01/2015,0,5,2015
26/01/2015,1,5,2015
27/01/2015,0,5,2015
28/01/2015,0,5,2015
29/01/2015,0,5,2015
30/01/2015,0,5,2015
31/01/2015,0,5,2015
01/02/2015,0,6,2015
02/02/2015,1,6,2015
03/02/2015,0,6,2015
04/02/2015,0,6,2015
05/02/2015,0,6,2015
06/02/2015,0,6,2015
07/02/2015,0,6,2015
08/02/2015,0,7,2015
09/02/2015,2,7,2015
10/02/2015,0,7,2015
11/02/2015,0,7,2015
12/02/2015,0,7,2015
13/02/2015,0,7,2015
14/02/2015,0,7,2015
15/02/2015,0,8,2015
16/02/2015,0,8,2015
17/02/2015,0,8,2015
18/02/2015,0,8,2015
19/02/2015,0,8,2015
20/02/2015,0,8,2015
21/02/2015,0,8,2015
22/02/2015,0,9,2015
23/02/2015,2,9,2015
24/02/2015,0,9,2015
25/02/2015,0,9,2015
26/02/2015,0,9,2015
27/02/2015,0,9,2015
28/02/2015,0,9,2015
01/03/2015,0,10,2015
02/03/2015,1,10,2015
03/03/2015,0,10,2015
04/03/2015,0,10,2015
05/03/2015,0,10,2015
06/03/2015,0,10,2015
07/03/2015,0,10,2015
08/03/2015,0,11,2015
09/03/2015,1,11,2015
10/03/2015,0,11,2015
11/03/2015,0,11,2015
12/03/2015,0,11,2015
13/03/2015,0,11,2015
14/03/2015,0,11,2015
15/03/2015,0,12,2015
16/03/2015,0,12,2015
17/03/2015,0,12,2015
18/03/2015,0,12,2015
19/03/2015,0,12,2015
20/03/2015,0,12,2015
21/03/2015,0,12,2015
22/03/2015,0,13,2015
23/03/2015,0,13,2015
24/03/2015,0,13,2015
25/03/2015,0,13,2015
26/03/2015,0,13,2015
27/03/2015,0,13,2015
28/03/2015,0,13,2015
29/03/2015,0,14,2015
30/03/2015,4,14,2015
31/03/2015,0,14,2015
01/04/2015,0,14,2015
02/04/2015,0,14,2015
03/04/2015,0,14,2015
04/04/2015,0,14,2015
05/04/2015,0,15,2015
06/04/2015,1,15,2015
07/04/2015,0,15,2015
08/04/2015,0,15,2015
09/04/2015,0,15,2015
10/04/2015,0,15,2015
11/04/2015,0,15,2015
12/04/2015,0,16,2015
13/04/2015,0,16,2015
14/04/2015,0,16,2015
15/04/2015,0,16,2015
16/04/2015,0,16,2015
17/04/2015,0,16,2015
18/04/2015,0,16,2015
19/04/2015,0,17,2015
20/04/2015,3,17,2015
21/04/2015,0,17,2015
22/04/2015,0,17,2015
23/04/2015,0,17,2015
24/04/2015,0,17,2015
25/04/2015,0,17,2015
26/04/2015,0,18,2015
27/04/2015,3,18,2015
28/04/2015,0,18,2015
29/04/2015,0,18,2015
30/04/2015,0,18,2015
01/05/2015,0,18,2015
02/05/2015,0,18,2015
03/05/2015,0,19,2015
04/05/2015,1,19,2015
05/05/2015,0,19,2015
06/05/2015,0,19,2015
07/05/2015,0,19,2015
08/05/2015,0,19,2015
09/05/2015,0,19,2015
10/05/2015,0,20,2015
11/05/2015,3,20,2015
12/05/2015,0,20,2015
13/05/2015,0,20,2015
14/05/2015,0,20,2015
15/05/2015,0,20,2015
16/05/2015,0,20,2015
17/05/2015,0,21,2015
18/05/2015,9,21,2015
19/05/2015,0,21,2015
20/05/2015,0,21,2015
21/05/2015,0,21,2015
22/05/2015,0,21,2015
23/05/2015,0,21,2015
24/05/2015,0,22,2015
25/05/2015,4,22,2015
26/05/2015,0,22,2015
27/05/2015,0,22,2015
28/05/2015,0,22,2015
29/05/2015,0,22,2015
30/05/2015,0,22,2015
31/05/2015,0,23,2015
01/06/2015,13,23,2015
02/06/2015,0,23,2015
03/06/2015,0,23,2015
04/06/2015,0,23,2015
05/06/2015,0,23,2015
06/06/2015,0,23,2015
07/06/2015,0,24,2015
08/06/2015,9,24,2015
09/06/2015,0,24,2015
10/06/2015,0,24,2015
11/06/2015,0,24,2015
12/06/2015,0,24,2015
13/06/2015,0,24,2015
14/06/2015,0,25,2015
15/06/2015,12,25,2015
16/06/2015,0,25,2015
17/06/2015,0,25,2015
18/06/2015,0,25,2015
19/06/2015,0,25,2015
20/06/2015,0,25,2015
21/06/2015,0,26,2015
22/06/2015,9,26,2015
23/06/2015,0,26,2015
24/06/2015,0,26,2015
25/06/2015,0,26,2015
26/06/2015,0,26,2015
27/06/2015,0,26,2015
28/06/2015,0,27,2015
29/06/2015,8,27,2015
30/06/2015,0,27,2015
01/07/2015,0,27,2015
02/07/2015,0,27,2015
03/07/2015,0,27,2015
04/07/2015,0,27,2015
05/07/2015,0,28,2015
06/07/2015,4,28,2015
07/07/2015,0,28,2015
08/07/2015,0,28,2015
09/07/2015,0,28,2015
10/07/2015,0,28,2015
11/07/2015,0,28,2015
12/07/2015,0,29,2015
13/07/2015,0,29,2015
14/07/2015,0,29,2015
15/07/2015,0,29,2015
16/07/2015,0,29,2015
17/07/2015,0,29,2015
18/07/2015,0,29,2015
19/07/2015,0,30,2015
20/07/2015,0,30,2015
21/07/2015,0,30,2015
22/07/2015,0,30,2015
23/07/2015,0,30,2015
24/07/2015,0,30,2015
25/07/2015,0,30,2015
26/07/2015,0,31,2015
27/07/2015,0,31,2015
28/07/2015,0,31,2015
29/07/2015,0,31,2015
30/07/2015,0,31,2015
31/07/2015,0,31,2015
01/08/2015,0,31,2015
02/08/2015,0,32,2015
03/08/2015,0,32,2015
04/08/2015,0,32,2015
05/08/2015,0,32,2015
06/08/2015,0,32,2015
07/08/2015,0,32,2015
08/08/2015,0,32,2015
09/08/2015,0,33,2015
10/08/2015,0,33,2015
11/08/2015,0,33,2015
12/08/2015,0,33,2015
13/08/2015,0,33,2015
14/08/2015,0,33,2015
15/08/2015,0,33,2015
16/08/2015,0,34,2015
17/08/2015,0,34,2015
18/08/2015,0,34,2015
19/08/2015,0,34,2015
20/08/2015,0,34,2015
21/08/2015,0,34,2015
22/08/2015,0,34,2015
23/08/2015,0,35,2015
24/08/2015,0,35,2015
25/08/2015,0,35,2015
26/08/2015,0,35,2015
27/08/2015,0,35,2015
28/08/2015,0,35,2015
29/08/2015,0,35,2015
30/08/2015,0,36,2015
31/08/2015,0,36,2015
01/09/2015,0,36,2015
02/09/2015,0,36,2015
03/09/2015,0,36,2015
04/09/2015,0,36,2015
05/09/2015,0,36,2015
06/09/2015,0,37,2015
07/09/2015,0,37,2015
08/09/2015,0,37,2015
09/09/2015,0,37,2015
10/09/2015,0,37,2015
11/09/2015,0,37,2015
12/09/2015,0,37,2015
13/09/2015,0,38,2015
14/09/2015,0,38,2015
15/09/2015,0,38,2015
16/09/2015,0,38,2015
17/09/2015,0,38,2015
18/09/2015,0,38,2015
19/09/2015,0,38,2015
20/09/2015,0,39,2015
21/09/2015,0,39,2015
22/09/2015,0,39,2015
23/09/2015,0,39,2015
24/09/2015,0,39,2015
25/09/2015,0,39,2015
26/09/2015,0,39,2015
27/09/2015,0,40,2015
28/09/2015,0,40,2015
29/09/2015,0,40,2015
30/09/2015,0,40,2015
01/10/2015,0,40,2015
02/10/2015,0,40,2015
03/10/2015,0,40,2015
04/10/2015,0,41,2015
05/10/2015,0,41,2015
06/10/2015,0,41,2015
07/10/2015,0,41,2015
08/10/2015,0,41,2015
09/10/2015,0,41,2015
10/10/2015,0,41,2015
11/10/2015,0,42,2015
12/10/2015,0,42,2015
13/10/2015,0,42,2015
14/10/2015,0,42,2015
15/10/2015,0,42,2015
16/10/2015,0,42,2015
17/10/2015,0,42,2015
18/10/2015,0,43,2015
19/10/2015,0,43,2015
20/10/2015,0,43,2015
21/10/2015,0,43,2015
22/10/2015,0,43,2015
23/10/2015,0,43,2015
24/10/2015,0,43,2015
25/10/2015,0,44,2015
26/10/2015,0,44,2015
27/10/2015,0,44,2015
28/10/2015,0,44,2015
29/10/2015,0,44,2015
30/10/2015,0,44,2015
31/10/2015,0,44,2015
01/11/2015,0,45,2015
02/11/2015,0,45,2015
03/11/2015,0,45,2015
04/11/2015,0,45,2015
05/11/2015,0,45,2015
06/11/2015,0,45,2015
07/11/2015,0,45,2015
08/11/2015,0,46,2015
09/11/2015,0,46,2015
10/11/2015,0,46,2015
11/11/2015,0,46,2015
12/11/2015,0,46,2015
13/11/2015,0,46,2015
14/11/2015,0,46,2015
15/11/2015,0,47,2015
16/11/2015,0,47,2015
17/11/2015,0,47,2015
18/11/2015,0,47,2015
19/11/2015,0,47,2015
20/11/2015,0,47,2015
21/11/2015,0,47,2015
22/11/2015,0,48,2015
23/11/2015,0,48,2015
24/11/2015,0,48,2015
25/11/2015,0,48,2015
26/11/2015,0,48,2015
27/11/2015,0,48,2015
28/11/2015,0,48,2015
29/11/2015,0,49,2015
30/11/2015,0,49,2015
01/12/2015,0,49,2015
02/12/2015,0,49,2015
03/12/2015,0,49,2015
04/12/2015,0,49,2015
05/12/2015,0,49,2015
06/12/2015,0,50,2015
07/12/2015,0,50,2015
08/12/2015,0,50,2015
09/12/2015,0,50,2015
10/12/2015,0,50,2015
11/12/2015,0,50,2015
12/12/2015,0,50,2015
13/12/2015,0,51,2015
14/12/2015,0,51,2015
15/12/2015,0,51,2015
16/12/2015,0,51,2015
17/12/2015,0,51,2015
18/12/2015,0,51,2015
19/12/2015,0,51,2015
20/12/2015,0,52,2015
21/12/2015,0,52,2015
22/12/2015,0,52,2015
23/12/2015,0,52,2015
24/12/2015,0,52,2015
25/12/2015,0,52,2015
26/12/2015,0,52,2015
27/12/2015,0,53,2015
28/12/2015,2,53,2015
29/12/2015,0,53,2015
30/12/2015,0,53,2015
31/12/2015,0,53,2015
01/01/2016,0,1,2016
02/01/2016,0,1,2016
03/01/2016,0,2,2016
04/01/2016,5,2,2016
05/01/2016,0,2,2016
06/01/2016,0,2,2016
07/01/2016,0,2,2016
08/01/2016,0,2,2016
09/01/2016,0,2,2016
10/01/2016,0,3,2016
11/01/2016,2,3,2016
12/01/2016,0,3,2016
13/01/2016,0,3,2016
14/01/2016,0,3,2016
15/01/2016,0,3,2016
16/01/2016,0,3,2016
17/01/2016,0,4,2016
18/01/2016,6,4,2016
19/01/2016,0,4,2016
20/01/2016,0,4,2016
21/01/2016,0,4,2016
22/01/2016,0,4,2016
23/01/2016,0,4,2016
24/01/2016,0,5,2016
25/01/2016,7,5,2016
26/01/2016,0,5,2016
27/01/2016,0,5,2016
28/01/2016,0,5,2016
29/01/2016,0,5,2016
30/01/2016,0,5,2016
31/01/2016,0,6,2016
01/02/2016,6,6,2016
02/02/2016,0,6,2016
03/02/2016,0,6,2016
04/02/2016,0,6,2016
05/02/2016,0,6,2016
06/02/2016,0,6,2016
07/02/2016,0,7,2016
08/02/2016,10,7,2016
09/02/2016,0,7,2016
10/02/2016,0,7,2016
11/02/2016,0,7,2016
12/02/2016,0,7,2016
13/02/2016,0,7,2016
14/02/2016,0,8,2016
15/02/2016,14,8,2016
16/02/2016,0,8,2016
17/02/2016,0,8,2016
18/02/2016,0,8,2016
19/02/2016,0,8,2016
20/02/2016,0,8,2016
21/02/2016,0,9,2016
22/02/2016,11,9,2016
23/02/2016,0,9,2016
24/02/2016,0,9,2016
25/02/2016,0,9,2016
26/02/2016,0,9,2016
27/02/2016,0,9,2016
28/02/2016,0,10,2016
29/02/2016,4,10,2016
01/03/2016,0,10,2016
02/03/2016,0,10,2016
03/03/2016,0,10,2016
04/03/2016,0,10,2016
05/03/2016,0,10,2016
06/03/2016,0,11,2016
07/03/2016,7,11,2016
08/03/2016,0,11,2016
09/03/2016,0,11,2016
10/03/2016,0,11,2016
11/03/2016,0,11,2016
12/03/2016,0,11,2016
13/03/2016,0,12,2016
14/03/2016,17,12,2016
15/03/2016,0,12,2016
16/03/2016,0,12,2016
17/03/2016,0,12,2016
18/03/2016,0,12,2016
19/03/2016,0,12,2016
20/03/2016,0,13,2016
21/03/2016,22,13,2016
22/03/2016,0,13,2016
23/03/2016,0,13,2016
24/03/2016,0,13,2016
25/03/2016,0,13,2016
26/03/2016,0,13,2016
27/03/2016,0,14,2016
28/03/2016,42,14,2016
29/03/2016,0,14,2016
30/03/2016,0,14,2016
31/03/2016,0,14,2016
01/04/2016,0,14,2016
02/04/2016,0,14,2016
03/04/2016,0,15,2016
04/04/2016,36,15,2016
05/04/2016,0,15,2016
06/04/2016,0,15,2016
07/04/2016,0,15,2016
08/04/2016,0,15,2016
09/04/2016,0,15,2016
10/04/2016,0,16,2016
11/04/2016,50,16,2016
12/04/2016,0,16,2016
13/04/2016,0,16,2016
14/04/2016,0,16,2016
15/04/2016,0,16,2016
16/04/2016,0,16,2016
17/04/2016,0,17,2016
18/04/2016,30,17,2016
19/04/2016,0,17,2016
20/04/2016,0,17,2016
21/04/2016,0,17,2016
22/04/2016,0,17,2016
23/04/2016,0,17,2016
24/04/2016,0,18,2016
25/04/2016,33,18,2016
26/04/2016,0,18,2016
27/04/2016,0,18,2016
28/04/2016,0,18,2016
29/04/2016,0,18,2016
30/04/2016,0,18,2016
01/05/2016,0,19,2016
02/05/2016,49,19,2016
03/05/2016,0,19,2016
04/05/2016,0,19,2016
05/05/2016,0,19,2016
06/05/2016,0,19,2016
07/05/2016,0,19,2016
08/05/2016,0,20,2016
09/05/2016,36,20,2016
10/05/2016,0,20,2016
11/05/2016,0,20,2016
12/05/2016,0,20,2016
13/05/2016,0,20,2016
14/05/2016,0,20,2016
15/05/2016,0,21,2016
16/05/2016,34,21,2016
17/05/2016,0,21,2016
18/05/2016,0,21,2016
19/05/2016,0,21,2016
20/05/2016,0,21,2016
21/05/2016,0,21,2016
22/05/2016,0,22,2016
23/05/2016,27,22,2016
24/05/2016,0,22,2016
25/05/2016,0,22,2016
26/05/2016,0,22,2016
27/05/2016,0,22,2016
28/05/2016,0,22,2016
29/05/2016,0,23,2016
30/05/2016,53,23,2016
31/05/2016,0,23,2016
01/06/2016,0,23,2016
02/06/2016,0,23,2016
03/06/2016,0,23,2016
04/06/2016,0,23,2016
05/06/2016,0,24,2016
06/06/2016,44,24,2016
07/06/2016,0,24,2016
08/06/2016,0,24,2016
09/06/2016,0,24,2016
10/06/2016,0,24,2016
11/06/2016,0,24,2016
12/06/2016,0,25,2016
13/06/2016,25,25,2016
14/06/2016,0,25,2016
15/06/2016,0,25,2016
16/06/2016,0,25,2016
17/06/2016,0,25,2016
18/06/2016,0,25,2016
19/06/2016,0,26,2016
20/06/2016,32,26,2016
21/06/2016,0,26,2016
22/06/2016,0,26,2016
23/06/2016,0,26,2016
24/06/2016,0,26,2016
25/06/2016,0,26,2016
26/06/2016,0,27,2016
27/06/2016,27,27,2016
28/06/2016,0,27,2016
29/06/2016,0,27,2016
30/06/2016,0,27,2016
01/07/2016,0,27,2016
02/07/2016,0,27,2016
03/07/2016,0,28,2016
04/07/2016,25,28,2016
05/07/2016,0,28,2016
06/07/2016,0,28,2016
07/07/2016,0,28,2016
08/07/2016,0,28,2016
09/07/2016,0,28,2016
10/07/2016,0,29,2016
11/07/2016,10,29,2016
12/07/2016,0,29,2016
13/07/2016,0,29,2016
14/07/2016,0,29,2016
15/07/2016,0,29,2016
16/07/2016,0,29,2016
17/07/2016,0,30,2016
18/07/2016,9,30,2016
19/07/2016,0,30,2016
20/07/2016,0,30,2016
21/07/2016,0,30,2016
22/07/2016,0,30,2016
23/07/2016,0,30,2016
24/07/2016,0,31,2016
25/07/2016,4,31,2016
26/07/2016,0,31,2016
27/07/2016,0,31,2016
28/07/2016,0,31,2016
29/07/2016,0,31,2016
30/07/2016,0,31,2016
31/07/2016,0,32,2016
01/08/2016,5,32,2016
02/08/2016,0,32,2016
03/08/2016,0,32,2016
04/08/2016,0,32,2016
05/08/2016,0,32,2016
06/08/2016,0,32,2016
07/08/2016,0,33,2016
08/08/2016,3,33,2016
09/08/2016,0,33,2016
10/08/2016,0,33,2016
11/08/2016,0,33,2016
12/08/2016,0,33,2016
13/08/2016,0,33,2016
14/08/2016,0,34,2016
15/08/2016,4,34,2016
16/08/2016,0,34,2016
17/08/2016,0,34,2016
18/08/2016,0,34,2016
19/08/2016,0,34,2016
20/08/2016,0,34,2016
21/08/2016,0,35,2016
22/08/2016,5,35,2016
23/08/2016,0,35,2016
24/08/2016,0,35,2016
25/08/2016,0,35,2016
26/08/2016,0,35,2016
27/08/2016,0,35,2016
28/08/2016,0,36,2016
29/08/2016,1,36,2016
30/08/2016,0,36,2016
31/08/2016,0,36,2016
01/09/2016,0,36,2016
02/09/2016,0,36,2016
03/09/2016,0,36,2016
04/09/2016,0,37,2016
05/09/2016,0,37,2016
06/09/2016,0,37,2016
07/09/2016,0,37,2016
08/09/2016,0,37,2016
09/09/2016,0,37,2016
10/09/2016,0,37,2016
11/09/2016,0,38,2016
12/09/2016,3,38,2016
13/09/2016,0,38,2016
14/09/2016,0,38,2016
15/09/2016,0,38,2016
16/09/2016,0,38,2016
17/09/2016,0,38,2016
18/09/2016,0,39,2016
19/09/2016,0,39,2016
20/09/2016,0,39,2016
21/09/2016,0,39,2016
22/09/2016,0,39,2016
23/09/2016,0,39,2016
24/09/2016,0,39,2016
25/09/2016,0,40,2016
26/09/2016,0,40,2016
27/09/2016,0,40,2016
28/09/2016,0,40,2016
29/09/2016,0,40,2016
30/09/2016,0,40,2016
01/10/2016,0,40,2016
02/10/2016,0,41,2016
03/10/2016,0,41,2016
04/10/2016,0,41,2016
05/10/2016,0,41,2016
06/10/2016,0,41,2016
07/10/2016,0,41,2016
08/10/2016,0,41,2016
09/10/2016,0,42,2016
10/10/2016,3,42,2016
11/10/2016,0,42,2016
12/10/2016,0,42,2016
13/10/2016,0,42,2016
14/10/2016,0,42,2016
15/10/2016,0,42,2016
16/10/2016,0,43,2016
17/10/2016,4,43,2016
18/10/2016,0,43,2016
19/10/2016,0,43,2016
20/10/2016,0,43,2016
21/10/2016,0,43,2016
22/10/2016,0,43,2016
23/10/2016,0,44,2016
24/10/2016,2,44,2016
25/10/2016,0,44,2016
26/10/2016,0,44,2016
27/10/2016,0,44,2016
28/10/2016,0,44,2016
29/10/2016,0,44,2016
30/10/2016,0,45,2016
31/10/2016,1,45,2016
01/11/2016,0,45,2016
02/11/2016,0,45,2016
03/11/2016,0,45,2016
04/11/2016,0,45,2016
05/11/2016,0,45,2016
06/11/2016,0,46,2016
07/11/2016,1,46,2016
08/11/2016,0,46,2016
09/11/2016,0,46,2016
10/11/2016,0,46,2016
11/11/2016,0,46,2016
12/11/2016,0,46,2016
13/11/2016,0,47,2016
14/11/2016,1,47,2016
15/11/2016,0,47,2016
16/11/2016,0,47,2016
17/11/2016,0,47,2016
18/11/2016,0,47,2016
19/11/2016,0,47,2016
20/11/2016,0,48,2016
21/11/2016,3,48,2016
22/11/2016,0,48,2016
23/11/2016,0,48,2016
24/11/2016,0,48,2016
25/11/2016,0,48,2016
26/11/2016,0,48,2016
27/11/2016,0,49,2016
28/11/2016,0,49,2016
29/11/2016,0,49,2016
30/11/2016,0,49,2016
01/12/2016,0,49,2016
02/12/2016,0,49,2016
03/12/2016,0,49,2016
04/12/2016,0,50,2016
05/12/2016,2,50,2016
06/12/2016,0,50,2016
07/12/2016,0,50,2016
08/12/2016,0,50,2016
09/12/2016,0,50,2016
10/12/2016,0,50,2016
11/12/2016,0,51,2016
12/12/2016,1,51,2016
13/12/2016,0,51,2016
14/12/2016,0,51,2016
15/12/2016,0,51,2016
16/12/2016,0,51,2016
17/12/2016,0,51,2016
18/12/2016,0,52,2016
19/12/2016,4,52,2016
20/12/2016,0,52,2016
21/12/2016,0,52,2016
22/12/2016,0,52,2016
23/12/2016,0,52,2016
24/12/2016,0,52,2016
25/12/2016,0,53,2016
26/12/2016,0,53,2016
27/12/2016,0,53,2016
28/12/2016,0,53,2016
29/12/2016,0,53,2016
30/12/2016,0,53,2016
31/12/2016,0,53,2016
01/01/2017,0,1,2017
02/01/2017,0,1,2017
03/01/2017,0,1,2017
04/01/2017,0,1,2017
05/01/2017,0,1,2017
06/01/2017,0,1,2017
07/01/2017,0,1,2017
08/01/2017,0,2,2017
09/01/2017,0,2,2017
10/01/2017,0,2,2017
11/01/2017,0,2,2017
12/01/2017,0,2,2017
13/01/2017,0,2,2017
14/01/2017,0,2,2017
15/01/2017,0,3,2017
16/01/2017,0,3,2017
17/01/2017,0,3,2017
18/01/2017,0,3,2017
19/01/2017,0,3,2017
20/01/2017,0,3,2017
21/01/2017,0,3,2017
22/01/2017,0,4,2017
23/01/2017,0,4,2017
24/01/2017,0,4,2017
25/01/2017,0,4,2017
26/01/2017,0,4,2017
27/01/2017,0,4,2017
28/01/2017,0,4,2017
29/01/2017,0,5,2017
30/01/2017,0,5,2017
31/01/2017,0,5,2017
01/02/2017,0,5,2017
02/02/2017,0,5,2017
03/02/2017,0,5,2017
04/02/2017,0,5,2017
05/02/2017,0,6,2017
06/02/2017,0,6,2017
07/02/2017,0,6,2017
08/02/2017,0,6,2017
09/02/2017,0,6,2017
10/02/2017,0,6,2017
11/02/2017,0,6,2017
12/02/2017,0,7,2017
13/02/2017,1,7,2017
14/02/2017,0,7,2017
15/02/2017,0,7,2017
16/02/2017,0,7,2017
17/02/2017,0,7,2017
18/02/2017,0,7,2017
19/02/2017,0,8,2017
20/02/2017,0,8,2017
21/02/2017,0,8,2017
22/02/2017,0,8,2017
23/02/2017,0,8,2017
24/02/2017,0,8,2017
25/02/2017,0,8,2017
26/02/2017,0,9,2017
27/02/2017,0,9,2017
28/02/2017,0,9,2017
01/03/2017,0,9,2017
02/03/2017,0,9,2017
03/03/2017,0,9,2017
04/03/2017,0,9,2017
05/03/2017,0,10,2017
06/03/2017,1,10,2017
07/03/2017,0,10,2017
08/03/2017,0,10,2017
09/03/2017,0,10,2017
10/03/2017,0,10,2017
11/03/2017,0,10,2017
12/03/2017,0,11,2017
13/03/2017,0,11,2017
14/03/2017,0,11,2017
15/03/2017,0,11,2017
16/03/2017,0,11,2017
17/03/2017,0,11,2017
18/03/2017,0,11,2017
19/03/2017,0,12,2017
20/03/2017,0,12,2017
21/03/2017,0,12,2017
22/03/2017,0,12,2017
23/03/2017,0,12,2017
24/03/2017,0,12,2017
25/03/2017,0,12,2017
26/03/2017,0,13,2017
27/03/2017,0,13,2017
28/03/2017,0,13,2017
29/03/2017,0,13,2017
30/03/2017,0,13,2017
31/03/2017,0,13,2017
01/04/2017,0,13,2017
02/04/2017,0,14,2017
03/04/2017,0,14,2017
04/04/2017,0,14,2017
05/04/2017,0,14,2017
06/04/2017,0,14,2017
07/04/2017,0,14,2017
08/04/2017,0,14,2017
09/04/2017,0,15,2017
10/04/2017,0,15,2017
11/04/2017,0,15,2017
12/04/2017,0,15,2017
13/04/2017,0,15,2017
14/04/2017,0,15,2017
15/04/2017,0,15,2017
16/04/2017,0,16,2017
17/04/2017,0,16,2017
18/04/2017,0,16,2017
19/04/2017,0,16,2017
20/04/2017,0,16,2017
21/04/2017,0,16,2017
22/04/2017,0,16,2017
23/04/2017,0,17,2017
24/04/2017,1,17,2017
25/04/2017,0,17,2017
26/04/2017,0,17,2017
27/04/2017,0,17,2017
28/04/2017,0,17,2017
29/04/2017,0,17,2017
30/04/2017,0,18,2017
01/05/2017,1,18,2017
02/05/2017,0,18,2017
03/05/2017,0,18,2017
04/05/2017,0,18,2017
05/05/2017,0,18,2017
06/05/2017,0,18,2017
07/05/2017,0,19,2017
08/05/2017,1,19,2017
09/05/2017,0,19,2017
10/05/2017,0,19,2017
11/05/2017,0,19,2017
12/05/2017,0,19,2017
13/05/2017,0,19,2017
14/05/2017,0,20,2017
15/05/2017,0,20,2017
16/05/2017,0,20,2017
17/05/2017,0,20,2017
18/05/2017,0,20,2017
19/05/2017,0,20,2017
20/05/2017,0,20,2017
21/05/2017,0,21,2017
22/05/2017,0,21,2017
23/05/2017,0,21,2017
24/05/2017,0,21,2017
25/05/2017,0,21,2017
26/05/2017,0,21,2017
27/05/2017,0,21,2017
28/05/2017,0,22,2017
29/05/2017,1,22,2017
30/05/2017,0,22,2017
31/05/2017,0,22,2017
01/06/2017,0,22,2017
02/06/2017,0,22,2017
03/06/2017,0,22,2017
04/06/2017,0,23,2017
05/06/2017,0,23,2017
06/06/2017,0,23,2017
07/06/2017,0,23,2017
08/06/2017,0,23,2017
09/06/2017,0,23,2017
10/06/2017,0,23,2017
11/06/2017,0,24,2017
12/06/2017,1,24,2017
13/06/2017,0,24,2017
14/06/2017,0,24,2017
15/06/2017,0,24,2017
16/06/2017,0,24,2017
17/06/2017,0,24,2017
18/06/2017,0,25,2017
19/06/2017,0,25,2017
20/06/2017,0,25,2017
21/06/2017,0,25,2017
22/06/2017,0,25,2017
23/06/2017,0,25,2017
24/06/2017,0,25,2017
25/06/2017,0,26,2017
26/06/2017,0,26,2017
27/06/2017,0,26,2017
28/06/2017,0,26,2017
29/06/2017,0,26,2017
30/06/2017,0,26,2017
01/07/2017,0,26,2017
02/07/2017,0,27,2017
03/07/2017,0,27,2017
04/07/2017,0,27,2017
05/07/2017,0,27,2017
06/07/2017,0,27,2017
07/07/2017,0,27,2017
08/07/2017,0,27,2017
09/07/2017,0,28,2017
10/07/2017,1,28,2017
11/07/2017,0,28,2017
12/07/2017,0,28,2017
13/07/2017,0,28,2017
14/07/2017,0,28,2017
15/07/2017,0,28,2017
16/07/2017,0,29,2017
17/07/2017,0,29,2017
18/07/2017,0,29,2017
19/07/2017,0,29,2017
20/07/2017,0,29,2017
21/07/2017,0,29,2017
22/07/2017,0,29,2017
23/07/2017,0,30,2017
24/07/2017,1,30,2017
25/07/2017,0,30,2017
26/07/2017,0,30,2017
27/07/2017,0,30,2017
28/07/2017,0,30,2017
29/07/2017,0,30,2017
30/07/2017,0,31,2017
31/07/2017,0,31,2017
01/08/2017,0,31,2017
02/08/2017,0,31,2017
03/08/2017,0,31,2017
04/08/2017,0,31,2017
05/08/2017,0,31,2017
06/08/2017,0,32,2017
07/08/2017,0,32,2017
08/08/2017,0,32,2017
09/08/2017,0,32,2017
10/08/2017,0,32,2017
11/08/2017,0,32,2017
12/08/2017,0,32,2017
13/08/2017,0,33,2017
14/08/2017,0,33,2017
15/08/2017,0,33,2017
16/08/2017,0,33,2017
17/08/2017,0,33,2017
18/08/2017,0,33,2017
19/08/2017,0,33,2017
20/08/2017,0,34,2017
21/08/2017,0,34,2017
22/08/2017,0,34,2017
23/08/2017,0,34,2017
24/08/2017,0,34,2017
25/08/2017,0,34,2017
26/08/2017,0,34,2017
27/08/2017,0,35,2017
28/08/2017,0,35,2017
29/08/2017,0,35,2017
30/08/2017,0,35,2017
31/08/2017,0,35,2017
01/09/2017,0,35,2017
02/09/2017,0,35,2017
03/09/2017,0,36,2017
04/09/2017,0,36,2017
05/09/2017,0,36,2017
06/09/2017,0,36,2017
07/09/2017,0,36,2017
08/09/2017,0,36,2017
09/09/2017,0,36,2017
10/09/2017,0,37,2017
11/09/2017,0,37,2017
12/09/2017,0,37,2017
13/09/2017,0,37,2017
14/09/2017,0,37,2017
15/09/2017,0,37,2017
16/09/2017,0,37,2017
17/09/2017,0,38,2017
18/09/2017,0,38,2017
19/09/2017,0,38,2017
20/09/2017,0,38,2017
21/09/2017,0,38,2017
22/09/2017,0,38,2017
23/09/2017,0,38,2017
24/09/2017,0,39,2017
25/09/2017,0,39,2017
26/09/2017,0,39,2017
27/09/2017,0,39,2017
28/09/2017,0,39,2017
29/09/2017,0,39,2017
30/09/2017,0,39,2017
01/10/2017,0,40,2017
02/10/2017,0,40,2017
03/10/2017,0,40,2017
04/10/2017,0,40,2017
05/10/2017,0,40,2017
06/10/2017,0,40,2017
07/10/2017,0,40,2017
08/10/2017,0,41,2017
09/10/2017,0,41,2017
10/10/2017,0,41,2017
11/10/2017,0,41,2017
12/10/2017,0,41,2017
13/10/2017,0,41,2017
14/10/2017,0,41,2017
15/10/2017,0,42,2017
16/10/2017,0,42,2017
17/10/2017,0,42,2017
18/10/2017,0,42,2017
19/10/2017,0,42,2017
20/10/2017,0,42,2017
21/10/2017,0,42,2017
22/10/2017,0,43,2017
23/10/2017,0,43,2017
24/10/2017,0,43,2017
25/10/2017,0,43,2017
26/10/2017,0,43,2017
27/10/2017,0,43,2017
28/10/2017,0,43,2017
29/10/2017,0,44,2017
30/10/2017,0,44,2017
31/10/2017,0,44,2017
01/11/2017,0,44,2017
02/11/2017,0,44,2017
03/11/2017,0,44,2017
04/11/2017,0,44,2017
05/11/2017,0,45,2017
06/11/2017,0,45,2017
07/11/2017,0,45,2017
08/11/2017,0,45,2017
09/11/2017,0,45,2017
10/11/2017,0,45,2017
11/11/2017,0,45,2017
12/11/2017,0,46,2017
13/11/2017,0,46,2017
14/11/2017,0,46,2017
15/11/2017,0,46,2017
16/11/2017,0,46,2017
17/11/2017,0,46,2017
18/11/2017,0,46,2017
19/11/2017,0,47,2017
20/11/2017,0,47,2017
21/11/2017,0,47,2017
22/11/2017,0,47,2017
23/11/2017,0,47,2017
24/11/2017,0,47,2017
25/11/2017,0,47,2017
26/11/2017,0,48,2017
27/11/2017,0,48,2017
28/11/2017,0,48,2017
29/11/2017,0,48,2017
30/11/2017,0,48,2017
01/12/2017,0,48,2017
02/12/2017,0,48,2017
03/12/2017,0,49,2017
04/12/2017,0,49,2017
05/12/2017,0,49,2017
06/12/2017,0,49,2017
07/12/2017,0,49,2017
08/12/2017,0,49,2017
09/12/2017,0,49,2017
10/12/2017,0,50,2017
11/12/2017,0,50,2017
12/12/2017,0,50,2017
13/12/2017,0,50,2017
14/12/2017,0,50,2017
15/12/2017,0,50,2017
16/12/2017,0,50,2017
17/12/2017,0,51,2017
18/12/2017,0,51,2017
19/12/2017,0,51,2017
20/12/2017,0,51,2017
21/12/2017,0,51,2017
22/12/2017,0,51,2017
23/12/2017,0,51,2017
24/12/2017,0,52,2017
25/12/2017,1,52,2017
26/12/2017,0,52,2017
27/12/2017,0,52,2017
28/12/2017,0,52,2017
29/12/2017,0,52,2017
30/12/2017,0,52,2017
31/12/2017,0,53,2017
01/01/2018,0,1,2018
02/01/2018,0,1,2018
03/01/2018,0,1,2018
04/01/2018,0,1,2018
05/01/2018,0,1,2018
06/01/2018,0,1,2018
07/01/2018,0,2,2018
08/01/2018,0,2,2018
09/01/2018,0,2,2018
10/01/2018,0,2,2018
11/01/2018,0,2,2018
12/01/2018,0,2,2018
13/01/2018,0,2,2018
14/01/2018,0,3,2018
15/01/2018,0,3,2018
16/01/2018,0,3,2018
17/01/2018,0,3,2018
18/01/2018,0,3,2018
19/01/2018,0,3,2018
20/01/2018,0,3,2018
21/01/2018,0,4,2018
22/01/2018,0,4,2018
23/01/2018,0,4,2018
24/01/2018,0,4,2018
25/01/2018,0,4,2018
26/01/2018,0,4,2018
27/01/2018,0,4,2018
28/01/2018,0,5,2018
29/01/2018,1,5,2018
30/01/2018,0,5,2018
31/01/2018,0,5,2018
01/02/2018,0,5,2018
02/02/2018,0,5,2018
03/02/2018,0,5,2018
04/02/2018,0,6,2018
05/02/2018,0,6,2018
06/02/2018,0,6,2018
07/02/2018,0,6,2018
08/02/2018,0,6,2018
09/02/2018,0,6,2018
10/02/2018,0,6,2018
11/02/2018,0,7,2018
12/02/2018,0,7,2018
13/02/2018,0,7,2018
14/02/2018,0,7,2018
15/02/2018,0,7,2018
16/02/2018,0,7,2018
17/02/2018,0,7,2018
18/02/2018,0,8,2018
19/02/2018,0,8,2018
20/02/2018,0,8,2018
21/02/2018,0,8,2018
22/02/2018,0,8,2018
23/02/2018,0,8,2018
24/02/2018,0,8,2018
25/02/2018,0,9,2018
26/02/2018,0,9,2018
27/02/2018,0,9,2018
28/02/2018,0,9,2018
01/03/2018,0,9,2018
02/03/2018,0,9,2018
03/03/2018,0,9,2018
04/03/2018,0,10,2018
05/03/2018,0,10,2018
06/03/2018,0,10,2018
07/03/2018,0,10,2018
08/03/2018,0,10,2018
09/03/2018,0,10,2018
10/03/2018,0,10,2018
11/03/2018,0,11,2018
12/03/2018,1,11,2018
13/03/2018,0,11,2018
14/03/2018,0,11,2018
15/03/2018,0,11,2018
16/03/2018,0,11,2018
17/03/2018,0,11,2018
18/03/2018,0,12,2018
19/03/2018,0,12,2018
20/03/2018,0,12,2018
21/03/2018,0,12,2018
22/03/2018,0,12,2018
23/03/2018,0,12,2018
24/03/2018,0,12,2018
25/03/2018,0,13,2018
26/03/2018,0,13,2018
27/03/2018,0,13,2018
28/03/2018,0,13,2018
29/03/2018,0,13,2018
30/03/2018,0,13,2018
31/03/2018,0,13,2018
01/04/2018,0,14,2018
02/04/2018,0,14,2018
03/04/2018,0,14,2018
04/04/2018,0,14,2018
05/04/2018,0,14,2018
06/04/2018,0,14,2018
07/04/2018,0,14,2018
08/04/2018,0,15,2018
09/04/2018,0,15,2018
10/04/2018,0,15,2018
11/04/2018,0,15,2018
12/04/2018,0,15,2018
13/04/2018,0,15,2018
14/04/2018,0,15,2018
15/04/2018,0,16,2018
16/04/2018,0,16,2018
17/04/2018,0,16,2018
18/04/2018,0,16,2018
19/04/2018,0,16,2018
20/04/2018,0,16,2018
21/04/2018,0,16,2018
22/04/2018,0,17,2018
23/04/2018,0,17,2018
24/04/2018,0,17,2018
25/04/2018,0,17,2018
26/04/2018,0,17,2018
27/04/2018,0,17,2018
28/04/2018,0,17,2018
29/04/2018,0,18,2018
30/04/2018,0,18,2018
01/05/2018,0,18,2018
02/05/2018,0,18,2018
03/05/2018,0,18,2018
04/05/2018,0,18,2018
05/05/2018,0,18,2018
06/05/2018,0,19,2018
07/05/2018,0,19,2018
08/05/2018,0,19,2018
09/05/2018,0,19,2018
10/05/2018,0,19,2018
11/05/2018,0,19,2018
12/05/2018,0,19,2018
13/05/2018,0,20,2018
14/05/2018,0,20,2018
15/05/2018,0,20,2018
16/05/2018,0,20,2018
17/05/2018,0,20,2018
18/05/2018,0,20,2018
19/05/2018,0,20,2018
20/05/2018,0,21,2018
21/05/2018,0,21,2018
22/05/2018,0,21,2018
23/05/2018,0,21,2018
24/05/2018,0,21,2018
25/05/2018,0,21,2018
26/05/2018,0,21,2018
27/05/2018,0,22,2018
28/05/2018,0,22,2018
29/05/2018,0,22,2018
30/05/2018,0,22,2018
31/05/2018,0,22,2018
01/06/2018,0,22,2018
02/06/2018,0,22,2018
03/06/2018,0,23,2018
04/06/2018,0,23,2018
05/06/2018,0,23,2018
06/06/2018,0,23,2018
07/06/2018,0,23,2018
08/06/2018,0,23,2018
09/06/2018,0,23,2018
10/06/2018,0,24,2018
11/06/2018,0,24,2018
12/06/2018,0,24,2018
13/06/2018,0,24,2018
14/06/2018,0,24,2018
15/06/2018,0,24,2018
16/06/2018,0,24,2018
17/06/2018,0,25,2018
18/06/2018,0,25,2018
19/06/2018,0,25,2018
20/06/2018,0,25,2018
21/06/2018,0,25,2018
22/06/2018,0,25,2018
23/06/2018,0,25,2018
24/06/2018,0,26,2018
25/06/2018,0,26,2018
26/06/2018,0,26,2018
27/06/2018,0,26,2018
28/06/2018,0,26,2018
29/06/2018,0,26,2018
30/06/2018,0,26,2018
01/07/2018,0,27,2018
02/07/2018,0,27,2018
03/07/2018,0,27,2018
04/07/2018,0,27,2018
05/07/2018,0,27,2018
06/07/2018,0,27,2018
07/07/2018,0,27,2018
08/07/2018,0,28,2018
09/07/2018,0,28,2018
10/07/2018,0,28,2018
11/07/2018,0,28,2018
12/07/2018,0,28,2018
13/07/2018,0,28,2018
14/07/2018,0,28,2018
15/07/2018,0,29,2018
16/07/2018,0,29,2018
17/07/2018,0,29,2018
18/07/2018,0,29,2018
19/07/2018,0,29,2018
20/07/2018,0,29,2018
21/07/2018,0,29,2018
22/07/2018,0,30,2018
23/07/2018,0,30,2018
24/07/2018,0,30,2018
25/07/2018,0,30,2018
26/07/2018,0,30,2018
27/07/2018,0,30,2018
28/07/2018,0,30,2018
29/07/2018,0,31,2018
30/07/2018,0,31,2018
31/07/2018,0,31,2018
01/08/2018,0,31,2018
02/08/2018,0,31,2018
03/08/2018,0,31,2018
04/08/2018,0,31,2018
05/08/2018,0,32,2018
06/08/2018,0,32,2018
07/08/2018,0,32,2018
08/08/2018,0,32,2018
09/08/2018,0,32,2018
10/08/2018,0,32,2018
11/08/2018,0,32,2018
12/08/2018,0,33,2018
13/08/2018,0,33,2018
14/08/2018,0,33,2018
15/08/2018,0,33,2018
16/08/2018,0,33,2018
17/08/2018,0,33,2018
18/08/2018,0,33,2018
19/08/2018,0,34,2018
20/08/2018,0,34,2018
21/08/2018,0,34,2018
22/08/2018,0,34,2018
23/08/2018,0,34,2018
24/08/2018,0,34,2018
25/08/2018,0,34,2018
26/08/2018,0,35,2018
27/08/2018,0,35,2018
28/08/2018,0,35,2018
29/08/2018,0,35,2018
30/08/2018,0,35,2018
31/08/2018,0,35,2018
01/09/2018,0,35,2018
02/09/2018,0,36,2018
03/09/2018,0,36,2018
04/09/2018,0,36,2018
05/09/2018,0,36,2018
06/09/2018,0,36,2018
07/09/2018,0,36,2018
08/09/2018,0,36,2018
09/09/2018,0,37,2018
10/09/2018,0,37,2018
11/09/2018,0,37,2018
12/09/2018,0,37,2018
13/09/2018,0,37,2018
14/09/2018,0,37,2018
15/09/2018,0,37,2018
16/09/2018,0,38,2018
17/09/2018,1,38,2018
18/09/2018,0,38,2018
19/09/2018,0,38,2018
20/09/2018,0,38,2018
21/09/2018,0,38,2018
22/09/2018,0,38,2018
23/09/2018,0,39,2018
24/09/2018,0,39,2018
25/09/2018,0,39,2018
26/09/2018,0,39,2018
27/09/2018,0,39,2018
28/09/2018,0,39,2018
29/09/2018,0,39,2018
30/09/2018,0,40,2018
01/10/2018,0,40,2018
02/10/2018,0,40,2018
03/10/2018,0,40,2018
04/10/2018,0,40,2018
05/10/2018,0,40,2018
06/10/2018,0,40,2018
07/10/2018,0,41,2018
08/10/2018,0,41,2018
09/10/2018,0,41,2018
10/10/2018,0,41,2018
11/10/2018,0,41,2018
12/10/2018,0,41,2018
13/10/2018,0,41,2018
14/10/2018,0,42,2018
15/10/2018,0,42,2018
16/10/2018,0,42,2018
17/10/2018,0,42,2018
18/10/2018,0,42,2018
19/10/2018,0,42,2018
20/10/2018,0,42,2018
21/10/2018,0,43,2018
22/10/2018,0,43,2018
23/10/2018,0,43,2018
24/10/2018,0,43,2018
25/10/2018,0,43,2018
26/10/2018,0,43,2018
27/10/2018,0,43,2018
28/10/2018,0,44,2018
29/10/2018,0,44,2018
30/10/2018,0,44,2018
31/10/2018,0,44,2018
01/11/2018,0,44,2018
02/11/2018,0,44,2018
03/11/2018,0,44,2018
04/11/2018,0,45,2018
05/11/2018,0,45,2018
06/11/2018,0,45,2018
07/11/2018,0,45,2018
08/11/2018,0,45,2018
09/11/2018,0,45,2018
10/11/2018,0,45,2018
11/11/2018,0,46,2018
12/11/2018,0,46,2018
13/11/2018,0,46,2018
14/11/2018,0,46,2018
15/11/2018,0,46,2018
16/11/2018,0,46,2018
17/11/2018,0,46,2018
18/11/2018,0,47,2018
19/11/2018,1,47,2018
20/11/2018,0,47,2018
21/11/2018,0,47,2018
22/11/2018,0,47,2018
23/11/2018,0,47,2018
24/11/2018,0,47,2018
25/11/2018,0,48,2018
26/11/2018,0,48,2018
27/11/2018,0,48,2018
28/11/2018,0,48,2018
29/11/2018,0,48,2018
30/11/2018,0,48,2018
01/12/2018,0,48,2018
02/12/2018,0,49,2018
03/12/2018,0,49,2018
04/12/2018,0,49,2018
05/12/2018,0,49,2018
06/12/2018,0,49,2018
07/12/2018,0,49,2018
08/12/2018,0,49,2018
09/12/2018,0,50,2018
10/12/2018,0,50,2018
11/12/2018,0,50,2018
12/12/2018,0,50,2018
13/12/2018,0,50,2018
14/12/2018,0,50,2018
15/12/2018,0,50,2018
16/12/2018,0,51,2018
17/12/2018,1,51,2018
18/12/2018,0,51,2018
19/12/2018,0,51,2018
20/12/2018,0,51,2018
21/12/2018,0,51,2018
22/12/2018,0,51,2018
23/12/2018,0,52,2018
24/12/2018,0,52,2018
25/12/2018,0,52,2018
26/12/2018,0,52,2018
27/12/2018,0,52,2018
28/12/2018,0,52,2018
29/12/2018,0,52,2018
30/12/2018,0,53,2018
31/12/2018,0,53,2018
01/01/2019,0,1,2019
02/01/2019,0,1,2019
03/01/2019,0,1,2019
04/01/2019,0,1,2019
05/01/2019,0,1,2019
06/01/2019,0,2,2019
07/01/2019,1,2,2019
08/01/2019,0,2,2019
09/01/2019,0,2,2019
10/01/2019,0,2,2019
11/01/2019,0,2,2019
12/01/2019,0,2,2019
13/01/2019,0,3,2019
14/01/2019,0,3,2019
15/01/2019,0,3,2019
16/01/2019,0,3,2019
17/01/2019,0,3,2019
18/01/2019,0,3,2019
19/01/2019,0,3,2019
20/01/2019,0,4,2019
21/01/2019,0,4,2019
22/01/2019,0,4,2019
23/01/2019,0,4,2019
24/01/2019,0,4,2019
25/01/2019,0,4,2019
26/01/2019,0,4,2019
27/01/2019,0,5,2019
28/01/2019,0,5,2019
29/01/2019,0,5,2019
30/01/2019,0,5,2019
31/01/2019,0,5,2019
01/02/2019,0,5,2019
02/02/2019,0,5,2019
03/02/2019,0,6,2019
04/02/2019,0,6,2019
05/02/2019,0,6,2019
06/02/2019,0,6,2019
07/02/2019,0,6,2019
08/02/2019,0,6,2019
09/02/2019,0,6,2019
10/02/2019,0,7,2019
11/02/2019,1,7,2019
12/02/2019,0,7,2019
13/02/2019,0,7,2019
14/02/2019,0,7,2019
15/02/2019,0,7,2019
16/02/2019,0,7,2019
17/02/2019,0,8,2019
18/02/2019,0,8,2019
19/02/2019,0,8,2019
20/02/2019,0,8,2019
21/02/2019,0,8,2019
22/02/2019,0,8,2019
23/02/2019,0,8,2019
24/02/2019,0,9,2019
25/02/2019,0,9,2019
26/02/2019,0,9,2019
27/02/2019,0,9,2019
28/02/2019,0,9,2019
01/03/2019,0,9,2019
02/03/2019,0,9,2019
03/03/2019,0,10,2019
04/03/2019,0,10,2019
05/03/2019,0,10,2019
06/03/2019,0,10,2019
07/03/2019,0,10,2019
08/03/2019,0,10,2019
09/03/2019,0,10,2019
10/03/2019,0,11,2019
11/03/2019,1,11,2019
12/03/2019,0,11,2019
13/03/2019,0,11,2019
14/03/2019,0,11,2019
15/03/2019,0,11,2019
16/03/2019,0,11,2019
17/03/2019,0,12,2019
18/03/2019,0,12,2019
19/03/2019,0,12,2019
20/03/2019,0,12,2019
21/03/2019,0,12,2019
22/03/2019,0,12,2019
23/03/2019,0,12,2019
24/03/2019,0,13,2019
25/03/2019,0,13,2019
26/03/2019,0,13,2019
27/03/2019,0,13,2019
28/03/2019,0,13,2019
29/03/2019,0,13,2019
30/03/2019,0,13,2019
31/03/2019,0,14,2019
01/04/2019,1,14,2019
02/04/2019,0,14,2019
03/04/2019,0,14,2019
04/04/2019,0,14,2019
05/04/2019,0,14,2019
06/04/2019,0,14,2019
07/04/2019,0,15,2019
08/04/2019,0,15,2019
09/04/2019,0,15,2019
10/04/2019,0,15,2019
11/04/2019,0,15,2019
12/04/2019,0,15,2019
13/04/2019,0,15,2019
14/04/2019,0,16,2019
15/04/2019,1,16,2019
16/04/2019,0,16,2019
17/04/2019,0,16,2019
18/04/2019,0,16,2019
19/04/2019,0,16,2019
20/04/2019,0,16,2019
21/04/2019,0,17,2019
22/04/2019,0,17,2019
23/04/2019,0,17,2019
24/04/2019,0,17,2019
25/04/2019,0,17,2019
26/04/2019,0,17,2019
27/04/2019,0,17,2019
28/04/2019,0,18,2019
29/04/2019,2,18,2019
30/04/2019,0,18,2019
01/05/2019,0,18,2019
02/05/2019,0,18,2019
03/05/2019,0,18,2019
04/05/2019,0,18,2019
05/05/2019,0,19,2019
06/05/2019,0,19,2019
07/05/2019,0,19,2019
08/05/2019,0,19,2019
09/05/2019,0,19,2019
10/05/2019,0,19,2019
11/05/2019,0,19,2019
12/05/2019,0,20,2019
13/05/2019,0,20,2019
14/05/2019,0,20,2019
15/05/2019,0,20,2019
16/05/2019,0,20,2019
17/05/2019,0,20,2019
18/05/2019,0,20,2019
19/05/2019,0,21,2019
20/05/2019,2,21,2019
21/05/2019,0,21,2019
22/05/2019,0,21,2019
23/05/2019,0,21,2019
24/05/2019,0,21,2019
25/05/2019,0,21,2019
26/05/2019,0,22,2019
27/05/2019,2,22,2019
28/05/2019,0,22,2019
29/05/2019,0,22,2019
30/05/2019,0,22,2019
31/05/2019,0,22,2019
01/06/2019,0,22,2019
02/06/2019,0,23,2019
03/06/2019,0,23,2019
04/06/2019,0,23,2019
05/06/2019,0,23,2019
06/06/2019,0,23,2019
07/06/2019,0,23,2019
08/06/2019,0,23,2019
09/06/2019,0,24,2019
10/06/2019,2,24,2019
11/06/2019,0,24,2019
12/06/2019,0,24,2019
13/06/2019,0,24,2019
14/06/2019,0,24,2019
15/06/2019,0,24,2019
16/06/2019,0,25,2019
17/06/2019,2,25,2019
18/06/2019,0,25,2019
19/06/2019,0,25,2019
20/06/2019,0,25,2019
21/06/2019,0,25,2019
22/06/2019,0,25,2019
23/06/2019,0,26,2019
24/06/2019,0,26,2019
25/06/2019,0,26,2019
26/06/2019,0,26,2019
27/06/2019,0,26,2019
28/06/2019,0,26,2019
29/06/2019,0,26,2019
30/06/2019,0,27,2019
01/07/2019,0,27,2019
02/07/2019,0,27,2019
03/07/2019,0,27,2019
04/07/2019,0,27,2019
05/07/2019,0,27,2019
06/07/2019,0,27,2019
07/07/2019,0,28,2019
08/07/2019,2,28,2019
09/07/2019,0,28,2019
10/07/2019,0,28,2019
11/07/2019,0,28,2019
12/07/2019,0,28,2019
13/07/2019,0,28,2019
14/07/2019,0,29,2019
15/07/2019,0,29,2019
16/07/2019,0,29,2019
17/07/2019,0,29,2019
18/07/2019,0,29,2019
19/07/2019,0,29,2019
20/07/2019,0,29,2019
21/07/2019,0,30,2019
22/07/2019,1,30,2019
23/07/2019,0,30,2019
24/07/2019,0,30,2019
25/07/2019,0,30,2019
26/07/2019,0,30,2019
27/07/2019,0,30,2019
28/07/2019,0,31,2019
29/07/2019,1,31,2019
30/07/2019,0,31,2019
31/07/2019,0,31,2019
01/08/2019,0,31,2019
02/08/2019,0,31,2019
03/08/2019,0,31,2019
04/08/2019,0,32,2019
05/08/2019,13,32,2019
06/08/2019,0,32,2019
07/08/2019,0,32,2019
08/08/2019,0,32,2019
09/08/2019,0,32,2019
10/08/2019,0,32,2019
11/08/2019,0,33,2019
12/08/2019,16,33,2019
13/08/2019,0,33,2019
14/08/2019,0,33,2019
15/08/2019,0,33,2019
16/08/2019,0,33,2019
17/08/2019,0,33,2019
18/08/2019,0,34,2019
19/08/2019,13,34,2019
20/08/2019,0,34,2019
21/08/2019,0,34,2019
22/08/2019,0,34,2019
23/08/2019,0,34,2019
24/08/2019,0,34,2019
25/08/2019,0,35,2019
26/08/2019,7,35,2019
27/08/2019,0,35,2019
28/08/2019,0,35,2019
29/08/2019,0,35,2019
30/08/2019,0,35,2019
31/08/2019,0,35,2019
01/09/2019,0,36,2019
02/09/2019,13,36,2019
03/09/2019,0,36,2019
04/09/2019,0,36,2019
05/09/2019,0,36,2019
06/09/2019,0,36,2019
07/09/2019,0,36,2019
08/09/2019,0,37,2019
09/09/2019,6,37,2019
10/09/2019,0,37,2019
11/09/2019,0,37,2019
12/09/2019,0,37,2019
13/09/2019,0,37,2019
14/09/2019,0,37,2019
15/09/2019,0,38,2019
16/09/2019,3,38,2019
17/09/2019,0,38,2019
18/09/2019,0,38,2019
19/09/2019,0,38,2019
20/09/2019,0,38,2019
21/09/2019,0,38,2019
22/09/2019,0,39,2019
23/09/2019,2,39,2019
24/09/2019,0,39,2019
25/09/2019,0,39,2019
26/09/2019,0,39,2019
27/09/2019,0,39,2019
28/09/2019,0,39,2019
29/09/2019,0,40,2019
30/09/2019,0,40,2019
01/10/2019,0,40,2019
02/10/2019,0,40,2019
03/10/2019,0,40,2019
04/10/2019,0,40,2019
05/10/2019,0,40,2019
06/10/2019,0,41,2019
07/10/2019,2,41,2019
08/10/2019,0,41,2019
09/10/2019,0,41,2019
10/10/2019,0,41,2019
11/10/2019,0,41,2019
12/10/2019,0,41,2019
13/10/2019,0,42,2019
14/10/2019,0,42,2019
15/10/2019,0,42,2019
16/10/2019,0,42,2019
17/10/2019,0,42,2019
18/10/2019,0,42,2019
19/10/2019,0,42,2019
20/10/2019,0,43,2019
21/10/2019,0,43,2019
22/10/2019,0,43,2019
23/10/2019,0,43,2019
24/10/2019,0,43,2019
25/10/2019,0,43,2019
26/10/2019,0,43,2019
27/10/2019,0,44,2019
28/10/2019,0,44,2019
29/10/2019,0,44,2019
30/10/2019,0,44,2019
31/10/2019,0,44,2019
01/11/2019,0,44,2019
02/11/2019,0,44,2019
03/11/2019,0,45,2019
04/11/2019,0,45,2019
05/11/2019,0,45,2019
06/11/2019,0,45,2019
07/11/2019,0,45,2019
08/11/2019,0,45,2019
09/11/2019,0,45,2019
10/11/2019,0,46,2019
11/11/2019,0,46,2019
12/11/2019,0,46,2019
13/11/2019,0,46,2019
14/11/2019,0,46,2019
15/11/2019,0,46,2019
16/11/2019,0,46,2019
17/11/2019,0,47,2019
18/11/2019,0,47,2019
19/11/2019,0,47,2019
20/11/2019,0,47,2019
21/11/2019,0,47,2019
22/11/2019,0,47,2019
23/11/2019,0,47,2019
24/11/2019,0,48,2019
25/11/2019,0,48,2019
26/11/2019,0,48,2019
27/11/2019,0,48,2019
28/11/2019,0,48,2019
29/11/2019,0,48,2019
30/11/2019,0,48,2019
01/12/2019,0,49,2019
02/12/2019,0,49,2019
03/12/2019,0,49,2019
04/12/2019,0,49,2019
05/12/2019,0,49,2019
06/12/2019,0,49,2019
07/12/2019,0,49,2019
08/12/2019,0,50,2019
09/12/2019,0,50,2019
10/12/2019,0,50,2019
11/12/2019,0,50,2019
12/12/2019,0,50,2019
13/12/2019,0,50,2019
14/12/2019,0,50,2019
15/12/2019,0,51,2019
16/12/2019,0,51,2019
17/12/2019,0,51,2019
18/12/2019,0,51,2019
19/12/2019,0,51,2019
20/12/2019,0,51,2019
21/12/2019,0,51,2019
22/12/2019,0,52,2019
23/12/2019,0,52,2019
24/12/2019,0,52,2019
25/12/2019,0,52,2019
26/12/2019,0,52,2019
27/12/2019,0,52,2019
28/12/2019,0,52,2019
