Data_Notificacao,Infectados_Dengue
01/01/2007,6
02/01/2007,10
03/01/2007,26
04/01/2007,20
05/01/2007,22
06/01/2007,4
07/01/2007,2
08/01/2007,4
09/01/2007,8
10/01/2007,14
11/01/2007,2
12/01/2007,18
13/01/2007,12
14/01/2007,6
15/01/2007,18
16/01/2007,7
17/01/2007,28
18/01/2007,8
19/01/2007,10
20/01/2007,6
21/01/2007,10
22/01/2007,29
23/01/2007,10
24/01/2007,68
25/01/2007,6
26/01/2007,34
27/01/2007,14
28/01/2007,4
29/01/2007,14
30/01/2007,14
31/01/2007,43
01/02/2007,26
02/02/2007,16
03/02/2007,8
04/02/2007,8
05/02/2007,24
06/02/2007,15
07/02/2007,28
08/02/2007,8
09/02/2007,18
10/02/2007,16
11/02/2007,14
12/02/2007,29
13/02/2007,30
14/02/2007,26
15/02/2007,17
16/02/2007,26
17/02/2007,6
18/02/2007,20
19/02/2007,14
20/02/2007,17
21/02/2007,38
22/02/2007,46
23/02/2007,30
24/02/2007,22
25/02/2007,38
26/02/2007,58
27/02/2007,54
28/02/2007,57
01/03/2007,38
02/03/2007,58
03/03/2007,36
04/03/2007,34
05/03/2007,86
06/03/2007,64
07/03/2007,125
08/03/2007,51
09/03/2007,56
10/03/2007,27
11/03/2007,42
12/03/2007,54
13/03/2007,66
14/03/2007,52
15/03/2007,79
16/03/2007,78
17/03/2007,29
18/03/2007,65
19/03/2007,54
20/03/2007,128
21/03/2007,102
22/03/2007,56
23/03/2007,101
24/03/2007,74
25/03/2007,76
26/03/2007,110
27/03/2007,66
28/03/2007,116
29/03/2007,124
30/03/2007,83
31/03/2007,28
01/04/2007,27
02/04/2007,130
03/04/2007,71
04/04/2007,111
05/04/2007,34
06/04/2007,46
07/04/2007,32
08/04/2007,30
09/04/2007,163
10/04/2007,143
11/04/2007,170
12/04/2007,149
13/04/2007,111
14/04/2007,63
15/04/2007,44
16/04/2007,166
17/04/2007,164
18/04/2007,176
19/04/2007,134
20/04/2007,144
21/04/2007,60
22/04/2007,35
23/04/2007,214
24/04/2007,190
25/04/2007,208
26/04/2007,155
27/04/2007,186
28/04/2007,69
29/04/2007,47
30/04/2007,180
01/05/2007,55
02/05/2007,181
03/05/2007,158
04/05/2007,196
05/05/2007,37
06/05/2007,40
07/05/2007,208
08/05/2007,207
09/05/2007,233
10/05/2007,113
11/05/2007,122
12/05/2007,74
13/05/2007,22
14/05/2007,163
15/05/2007,220
16/05/2007,269
17/05/2007,119
18/05/2007,169
19/05/2007,40
20/05/2007,36
21/05/2007,234
22/05/2007,126
23/05/2007,146
24/05/2007,116
25/05/2007,125
26/05/2007,38
27/05/2007,30
28/05/2007,252
29/05/2007,187
30/05/2007,198
31/05/2007,152
01/06/2007,156
02/06/2007,136
03/06/2007,30
04/06/2007,212
05/06/2007,136
06/06/2007,168
07/06/2007,75
08/06/2007,133
09/06/2007,120
10/06/2007,100
11/06/2007,242
12/06/2007,124
13/06/2007,159
14/06/2007,138
15/06/2007,212
16/06/2007,80
17/06/2007,51
18/06/2007,248
19/06/2007,141
20/06/2007,129
21/06/2007,88
22/06/2007,124
23/06/2007,68
24/06/2007,28
25/06/2007,200
26/06/2007,120
27/06/2007,186
28/06/2007,69
29/06/2007,129
30/06/2007,66
01/07/2007,20
02/07/2007,128
03/07/2007,126
04/07/2007,122
05/07/2007,111
06/07/2007,112
07/07/2007,78
08/07/2007,56
09/07/2007,136
10/07/2007,130
11/07/2007,132
12/07/2007,116
13/07/2007,128
14/07/2007,86
15/07/2007,26
16/07/2007,166
17/07/2007,118
18/07/2007,159
19/07/2007,86
20/07/2007,142
21/07/2007,26
22/07/2007,34
23/07/2007,160
24/07/2007,121
25/07/2007,128
26/07/2007,126
27/07/2007,132
28/07/2007,30
29/07/2007,28
30/07/2007,129
31/07/2007,88
01/08/2007,151
02/08/2007,78
03/08/2007,90
04/08/2007,56
05/08/2007,16
06/08/2007,105
07/08/2007,79
08/08/2007,101
09/08/2007,62
10/08/2007,55
11/08/2007,26
12/08/2007,12
13/08/2007,121
14/08/2007,53
15/08/2007,70
16/08/2007,59
17/08/2007,63
18/08/2007,37
19/08/2007,26
20/08/2007,100
21/08/2007,54
22/08/2007,59
23/08/2007,30
24/08/2007,61
25/08/2007,26
26/08/2007,12
27/08/2007,110
28/08/2007,70
29/08/2007,67
30/08/2007,16
31/08/2007,48
01/09/2007,18
02/09/2007,18
03/09/2007,58
04/09/2007,54
05/09/2007,64
06/09/2007,20
07/09/2007,20
08/09/2007,16
09/09/2007,10
10/09/2007,107
11/09/2007,39
12/09/2007,60
13/09/2007,26
14/09/2007,40
15/09/2007,33
16/09/2007,11
17/09/2007,78
18/09/2007,30
19/09/2007,57
20/09/2007,24
21/09/2007,54
22/09/2007,22
23/09/2007,10
24/09/2007,41
25/09/2007,31
26/09/2007,35
27/09/2007,25
28/09/2007,26
29/09/2007,24
30/09/2007,6
01/10/2007,42
02/10/2007,26
03/10/2007,28
04/10/2007,26
05/10/2007,18
06/10/2007,2
07/10/2007,2
08/10/2007,34
09/10/2007,36
10/10/2007,37
11/10/2007,32
12/10/2007,18
13/10/2007,12
14/10/2007,6
15/10/2007,69
16/10/2007,18
17/10/2007,51
18/10/2007,20
19/10/2007,48
20/10/2007,6
21/10/2007,6
22/10/2007,48
23/10/2007,40
24/10/2007,36
25/10/2007,29
26/10/2007,34
27/10/2007,18
28/10/2007,6
29/10/2007,41
30/10/2007,46
31/10/2007,49
01/11/2007,17
02/11/2007,6
03/11/2007,8
04/11/2007,14
05/11/2007,66
06/11/2007,43
07/11/2007,52
08/11/2007,30
09/11/2007,24
10/11/2007,20
11/11/2007,8
12/11/2007,50
13/11/2007,33
14/11/2007,48
15/11/2007,4
16/11/2007,38
17/11/2007,16
18/11/2007,12
19/11/2007,56
20/11/2007,38
21/11/2007,40
22/11/2007,33
23/11/2007,48
24/11/2007,12
25/11/2007,6
26/11/2007,50
27/11/2007,56
28/11/2007,52
29/11/2007,25
30/11/2007,46
01/12/2007,14
02/12/2007,17
03/12/2007,57
04/12/2007,32
05/12/2007,76
06/12/2007,29
07/12/2007,40
08/12/2007,6
09/12/2007,14
10/12/2007,60
11/12/2007,30
12/12/2007,58
13/12/2007,42
14/12/2007,35
15/12/2007,12
16/12/2007,9
17/12/2007,52
18/12/2007,24
19/12/2007,61
20/12/2007,39
21/12/2007,32
22/12/2007,6
23/12/2007,8
24/12/2007,16
25/12/2007,2
26/12/2007,90
27/12/2007,45
28/12/2007,24
29/12/2007,20
30/12/2007,8
31/12/2007,12
01/01/2008,14
02/01/2008,92
03/01/2008,34
04/01/2008,40
05/01/2008,8
06/01/2008,18
07/01/2008,62
08/01/2008,46
09/01/2008,77
10/01/2008,43
11/01/2008,48
12/01/2008,16
13/01/2008,10
14/01/2008,41
15/01/2008,55
16/01/2008,92
17/01/2008,42
18/01/2008,42
19/01/2008,30
20/01/2008,24
21/01/2008,88
22/01/2008,76
23/01/2008,98
24/01/2008,46
25/01/2008,62
26/01/2008,36
27/01/2008,21
28/01/2008,120
29/01/2008,60
30/01/2008,110
31/01/2008,119
01/02/2008,128
02/02/2008,50
03/02/2008,36
04/02/2008,49
05/02/2008,37
06/02/2008,94
07/02/2008,140
08/02/2008,173
09/02/2008,63
10/02/2008,54
11/02/2008,179
12/02/2008,89
13/02/2008,125
14/02/2008,66
15/02/2008,108
16/02/2008,48
17/02/2008,57
18/02/2008,191
19/02/2008,150
20/02/2008,134
21/02/2008,94
22/02/2008,109
23/02/2008,85
24/02/2008,50
25/02/2008,190
26/02/2008,160
27/02/2008,155
28/02/2008,173
29/02/2008,121
01/03/2008,42
02/03/2008,30
03/03/2008,221
04/03/2008,184
05/03/2008,182
06/03/2008,102
07/03/2008,129
08/03/2008,60
09/03/2008,66
10/03/2008,238
11/03/2008,163
12/03/2008,193
13/03/2008,176
14/03/2008,232
15/03/2008,69
16/03/2008,60
17/03/2008,252
18/03/2008,228
19/03/2008,137
20/03/2008,109
21/03/2008,109
22/03/2008,102
23/03/2008,74
24/03/2008,385
25/03/2008,328
26/03/2008,336
27/03/2008,267
28/03/2008,355
29/03/2008,303
30/03/2008,316
31/03/2008,514
01/04/2008,611
02/04/2008,414
03/04/2008,491
04/04/2008,577
05/04/2008,426
06/04/2008,385
07/04/2008,652
08/04/2008,700
09/04/2008,875
10/04/2008,859
11/04/2008,632
12/04/2008,411
13/04/2008,409
14/04/2008,890
15/04/2008,892
16/04/2008,934
17/04/2008,974
18/04/2008,888
19/04/2008,708
20/04/2008,483
21/04/2008,571
22/04/2008,1249
23/04/2008,1057
24/04/2008,1144
25/04/2008,1155
26/04/2008,574
27/04/2008,489
28/04/2008,1042
29/04/2008,938
30/04/2008,947
01/05/2008,630
02/05/2008,969
03/05/2008,586
04/05/2008,513
05/05/2008,1050
06/05/2008,880
07/05/2008,892
08/05/2008,799
09/05/2008,821
10/05/2008,660
11/05/2008,385
12/05/2008,836
13/05/2008,800
14/05/2008,798
15/05/2008,857
16/05/2008,715
17/05/2008,554
18/05/2008,598
19/05/2008,980
20/05/2008,1142
21/05/2008,814
22/05/2008,633
23/05/2008,767
24/05/2008,718
25/05/2008,467
26/05/2008,957
27/05/2008,725
28/05/2008,750
29/05/2008,737
30/05/2008,775
31/05/2008,415
01/06/2008,380
02/06/2008,602
03/06/2008,576
04/06/2008,540
05/06/2008,450
06/06/2008,391
07/06/2008,445
08/06/2008,231
09/06/2008,437
10/06/2008,478
11/06/2008,367
12/06/2008,308
13/06/2008,261
14/06/2008,240
15/06/2008,264
16/06/2008,403
17/06/2008,330
18/06/2008,290
19/06/2008,345
20/06/2008,248
21/06/2008,217
22/06/2008,130
23/06/2008,305
24/06/2008,232
25/06/2008,211
26/06/2008,171
27/06/2008,169
28/06/2008,105
29/06/2008,75
30/06/2008,141
01/07/2008,139
02/07/2008,120
03/07/2008,105
04/07/2008,74
05/07/2008,52
06/07/2008,43
07/07/2008,90
08/07/2008,57
09/07/2008,52
10/07/2008,63
11/07/2008,75
12/07/2008,61
13/07/2008,40
14/07/2008,66
15/07/2008,34
16/07/2008,38
17/07/2008,55
18/07/2008,68
19/07/2008,62
20/07/2008,32
21/07/2008,32
22/07/2008,138
23/07/2008,45
24/07/2008,47
25/07/2008,46
26/07/2008,34
27/07/2008,8
28/07/2008,36
29/07/2008,41
30/07/2008,30
31/07/2008,43
01/08/2008,55
02/08/2008,30
03/08/2008,33
04/08/2008,36
05/08/2008,81
06/08/2008,36
07/08/2008,26
08/08/2008,26
09/08/2008,22
10/08/2008,12
11/08/2008,45
12/08/2008,24
13/08/2008,21
14/08/2008,42
15/08/2008,32
16/08/2008,16
17/08/2008,16
18/08/2008,30
19/08/2008,21
20/08/2008,50
21/08/2008,25
22/08/2008,26
23/08/2008,11
24/08/2008,19
25/08/2008,14
26/08/2008,18
27/08/2008,32
28/08/2008,12
29/08/2008,14
30/08/2008,6
31/08/2008,27
01/09/2008,20
02/09/2008,20
03/09/2008,24
04/09/2008,22
05/09/2008,18
06/09/2008,10
07/09/2008,10
08/09/2008,11
09/09/2008,10
10/09/2008,28
11/09/2008,14
12/09/2008,33
13/09/2008,18
14/09/2008,8
15/09/2008,17
16/09/2008,16
17/09/2008,21
18/09/2008,6
19/09/2008,26
20/09/2008,14
21/09/2008,8
22/09/2008,16
23/09/2008,20
24/09/2008,16
25/09/2008,14
26/09/2008,10
27/09/2008,10
28/09/2008,16
29/09/2008,4
30/09/2008,2
01/10/2008,23
02/10/2008,6
03/10/2008,22
04/10/2008,14
05/10/2008,0
06/10/2008,20
07/10/2008,20
08/10/2008,24
09/10/2008,30
10/10/2008,17
11/10/2008,12
12/10/2008,10
13/10/2008,16
14/10/2008,20
15/10/2008,391
16/10/2008,9
17/10/2008,18
18/10/2008,32
19/10/2008,12
20/10/2008,25
21/10/2008,16
22/10/2008,16
23/10/2008,24
24/10/2008,32
25/10/2008,10
26/10/2008,8
27/10/2008,8
28/10/2008,12
29/10/2008,17
30/10/2008,20
31/10/2008,20
01/11/2008,11
02/11/2008,4
03/11/2008,12
04/11/2008,26
05/11/2008,18
06/11/2008,10
07/11/2008,12
08/11/2008,8
09/11/2008,14
10/11/2008,23
11/11/2008,23
12/11/2008,35
13/11/2008,16
14/11/2008,16
15/11/2008,10
16/11/2008,2
17/11/2008,40
18/11/2008,18
19/11/2008,20
20/11/2008,16
21/11/2008,28
22/11/2008,14
23/11/2008,12
24/11/2008,18
25/11/2008,36
26/11/2008,22
27/11/2008,14
28/11/2008,30
29/11/2008,2
30/11/2008,4
01/12/2008,18
02/12/2008,18
03/12/2008,20
04/12/2008,11
05/12/2008,12
06/12/2008,4
07/12/2008,8
08/12/2008,14
09/12/2008,16
10/12/2008,20
11/12/2008,24
12/12/2008,16
13/12/2008,2
14/12/2008,2
15/12/2008,34
16/12/2008,12
17/12/2008,40
18/12/2008,24
19/12/2008,22
20/12/2008,12
21/12/2008,0
22/12/2008,24
23/12/2008,9
24/12/2008,2
25/12/2008,6
26/12/2008,8
27/12/2008,12
28/12/2008,8
29/12/2008,14
30/12/2008,26
31/12/2008,8
01/01/2009,4
02/01/2009,16
03/01/2009,16
04/01/2009,8
05/01/2009,37
06/01/2009,19
07/01/2009,26
08/01/2009,24
09/01/2009,18
10/01/2009,6
11/01/2009,0
12/01/2009,24
13/01/2009,16
14/01/2009,36
15/01/2009,14
16/01/2009,26
17/01/2009,16
18/01/2009,8
19/01/2009,61
20/01/2009,21
21/01/2009,18
22/01/2009,40
23/01/2009,46
24/01/2009,20
25/01/2009,10
26/01/2009,46
27/01/2009,43
28/01/2009,54
29/01/2009,18
30/01/2009,45
31/01/2009,16
01/02/2009,30
02/02/2009,63
03/02/2009,63
04/02/2009,58
05/02/2009,70
06/02/2009,42
07/02/2009,57
08/02/2009,34
09/02/2009,50
10/02/2009,78
11/02/2009,60
12/02/2009,59
13/02/2009,46
14/02/2009,50
15/02/2009,34
16/02/2009,68
17/02/2009,64
18/02/2009,60
19/02/2009,52
20/02/2009,65
21/02/2009,26
22/02/2009,24
23/02/2009,8
24/02/2009,24
25/02/2009,24
26/02/2009,80
27/02/2009,58
28/02/2009,86
01/03/2009,51
02/03/2009,66
03/03/2009,60
04/03/2009,93
05/03/2009,99
06/03/2009,141
07/03/2009,103
08/03/2009,76
09/03/2009,152
10/03/2009,118
11/03/2009,175
12/03/2009,115
13/03/2009,120
14/03/2009,184
15/03/2009,70
16/03/2009,142
17/03/2009,141
18/03/2009,188
19/03/2009,52
20/03/2009,101
21/03/2009,177
22/03/2009,53
23/03/2009,101
24/03/2009,76
25/03/2009,124
26/03/2009,110
27/03/2009,115
28/03/2009,48
29/03/2009,34
30/03/2009,121
31/03/2009,72
01/04/2009,60
02/04/2009,78
03/04/2009,56
04/04/2009,64
05/04/2009,40
06/04/2009,84
07/04/2009,50
08/04/2009,50
09/04/2009,45
10/04/2009,23
11/04/2009,32
12/04/2009,29
13/04/2009,47
14/04/2009,40
15/04/2009,37
16/04/2009,35
17/04/2009,30
18/04/2009,40
19/04/2009,10
20/04/2009,44
21/04/2009,20
22/04/2009,28
23/04/2009,18
24/04/2009,20
25/04/2009,28
26/04/2009,16
27/04/2009,27
28/04/2009,20
29/04/2009,44
30/04/2009,18
01/05/2009,30
02/05/2009,34
03/05/2009,30
04/05/2009,28
05/05/2009,26
06/05/2009,30
07/05/2009,12
08/05/2009,26
09/05/2009,32
10/05/2009,8
11/05/2009,30
12/05/2009,16
13/05/2009,30
14/05/2009,26
15/05/2009,22
16/05/2009,28
17/05/2009,22
18/05/2009,22
19/05/2009,12
20/05/2009,33
21/05/2009,18
22/05/2009,12
23/05/2009,18
24/05/2009,8
25/05/2009,18
26/05/2009,24
27/05/2009,14
28/05/2009,2
29/05/2009,26
30/05/2009,16
31/05/2009,18
01/06/2009,16
02/06/2009,8
03/06/2009,14
04/06/2009,4
05/06/2009,6
06/06/2009,16
07/06/2009,10
08/06/2009,18
09/06/2009,11
10/06/2009,22
11/06/2009,6
12/06/2009,6
13/06/2009,30
14/06/2009,8
15/06/2009,10
16/06/2009,24
17/06/2009,12
18/06/2009,24
19/06/2009,8
20/06/2009,10
21/06/2009,8
22/06/2009,4
23/06/2009,2
24/06/2009,4
25/06/2009,8
26/06/2009,8
27/06/2009,2
28/06/2009,7
29/06/2009,10
30/06/2009,26
01/07/2009,6
02/07/2009,4
03/07/2009,8
04/07/2009,14
05/07/2009,2
06/07/2009,8
07/07/2009,20
08/07/2009,4
09/07/2009,4
10/07/2009,9
11/07/2009,10
12/07/2009,4
13/07/2009,2
14/07/2009,2
15/07/2009,6
16/07/2009,4
17/07/2009,16
18/07/2009,10
19/07/2009,0
20/07/2009,14
21/07/2009,6
22/07/2009,4
23/07/2009,4
24/07/2009,10
25/07/2009,4
26/07/2009,0
27/07/2009,2
28/07/2009,2
29/07/2009,18
30/07/2009,4
31/07/2009,18
01/08/2009,6
02/08/2009,4
03/08/2009,22
04/08/2009,6
05/08/2009,4
06/08/2009,4
07/08/2009,6
08/08/2009,4
09/08/2009,2
10/08/2009,8
11/08/2009,14
12/08/2009,6
13/08/2009,6
14/08/2009,16
15/08/2009,0
16/08/2009,0
17/08/2009,6
18/08/2009,6
19/08/2009,8
20/08/2009,4
21/08/2009,4
22/08/2009,2
23/08/2009,6
24/08/2009,2
25/08/2009,0
26/08/2009,0
27/08/2009,2
28/08/2009,0
29/08/2009,0
30/08/2009,0
31/08/2009,2
01/09/2009,2
02/09/2009,2
03/09/2009,6
04/09/2009,2
05/09/2009,2
06/09/2009,0
07/09/2009,0
08/09/2009,5
09/09/2009,2
10/09/2009,4
11/09/2009,0
12/09/2009,0
13/09/2009,0
14/09/2009,14
15/09/2009,6
16/09/2009,16
17/09/2009,0
18/09/2009,12
19/09/2009,2
20/09/2009,4
21/09/2009,2
22/09/2009,18
23/09/2009,0
24/09/2009,2
25/09/2009,6
26/09/2009,0
27/09/2009,0
28/09/2009,6
29/09/2009,18
30/09/2009,2
01/10/2009,2
02/10/2009,2
03/10/2009,0
04/10/2009,0
05/10/2009,4
06/10/2009,2
07/10/2009,6
08/10/2009,4
09/10/2009,0
10/10/2009,2
11/10/2009,0
12/10/2009,0
13/10/2009,0
14/10/2009,2
15/10/2009,0
16/10/2009,2
17/10/2009,0
18/10/2009,0
19/10/2009,4
20/10/2009,0
21/10/2009,6
22/10/2009,8
23/10/2009,2
24/10/2009,0
25/10/2009,0
26/10/2009,4
27/10/2009,6
28/10/2009,6
29/10/2009,2
30/10/2009,8
31/10/2009,4
01/11/2009,0
02/11/2009,4
03/11/2009,8
04/11/2009,6
05/11/2009,6
06/11/2009,8
07/11/2009,4
08/11/2009,2
09/11/2009,2
10/11/2009,4
11/11/2009,10
12/11/2009,12
13/11/2009,4
14/11/2009,2
15/11/2009,4
16/11/2009,6
17/11/2009,6
18/11/2009,2
19/11/2009,12
20/11/2009,4
21/11/2009,0
22/11/2009,0
23/11/2009,18
24/11/2009,10
25/11/2009,8
26/11/2009,10
27/11/2009,10
28/11/2009,0
29/11/2009,4
30/11/2009,22
01/12/2009,20
02/12/2009,14
03/12/2009,8
04/12/2009,6
05/12/2009,2
06/12/2009,6
07/12/2009,14
08/12/2009,12
09/12/2009,6
10/12/2009,16
11/12/2009,12
12/12/2009,2
13/12/2009,4
14/12/2009,27
15/12/2009,8
16/12/2009,6
17/12/2009,6
18/12/2009,26
19/12/2009,8
20/12/2009,4
21/12/2009,12
22/12/2009,12
23/12/2009,10
24/12/2009,4
25/12/2009,4
26/12/2009,2
27/12/2009,2
28/12/2009,18
29/12/2009,14
30/12/2009,4
31/12/2009,14
01/01/2010,4
02/01/2010,2
03/01/2010,4
04/01/2010,16
05/01/2010,12
06/01/2010,12
07/01/2010,2
08/01/2010,6
09/01/2010,0
10/01/2010,12
11/01/2010,18
12/01/2010,22
13/01/2010,18
14/01/2010,8
15/01/2010,7
16/01/2010,2
17/01/2010,2
18/01/2010,12
19/01/2010,4
20/01/2010,12
21/01/2010,14
22/01/2010,18
23/01/2010,4
24/01/2010,12
25/01/2010,16
26/01/2010,8
27/01/2010,16
28/01/2010,8
29/01/2010,0
30/01/2010,0
31/01/2010,8
01/02/2010,24
02/02/2010,6
03/02/2010,12
04/02/2010,6
05/02/2010,10
06/02/2010,6
07/02/2010,0
08/02/2010,18
09/02/2010,8
10/02/2010,4
11/02/2010,0
12/02/2010,12
13/02/2010,0
14/02/2010,8
15/02/2010,4
16/02/2010,8
17/02/2010,2
18/02/2010,10
19/02/2010,10
20/02/2010,10
21/02/2010,1
22/02/2010,32
23/02/2010,4
24/02/2010,16
25/02/2010,8
26/02/2010,10
27/02/2010,14
28/02/2010,3
01/03/2010,29
02/03/2010,8
03/03/2010,14
04/03/2010,20
05/03/2010,6
06/03/2010,10
07/03/2010,4
08/03/2010,27
09/03/2010,14
10/03/2010,18
11/03/2010,12
12/03/2010,6
13/03/2010,4
14/03/2010,4
15/03/2010,25
16/03/2010,8
17/03/2010,22
18/03/2010,28
19/03/2010,2
20/03/2010,10
21/03/2010,4
22/03/2010,11
23/03/2010,16
24/03/2010,24
25/03/2010,12
26/03/2010,16
27/03/2010,6
28/03/2010,8
29/03/2010,22
30/03/2010,28
31/03/2010,34
01/04/2010,18
02/04/2010,2
03/04/2010,26
04/04/2010,4
05/04/2010,26
06/04/2010,10
07/04/2010,18
08/04/2010,16
09/04/2010,8
10/04/2010,18
11/04/2010,6
12/04/2010,23
13/04/2010,10
14/04/2010,16
15/04/2010,8
16/04/2010,14
17/04/2010,20
18/04/2010,8
19/04/2010,14
20/04/2010,19
21/04/2010,6
22/04/2010,14
23/04/2010,40
24/04/2010,16
25/04/2010,6
26/04/2010,14
27/04/2010,19
28/04/2010,10
29/04/2010,29
30/04/2010,23
01/05/2010,20
02/05/2010,10
03/05/2010,18
04/05/2010,26
05/05/2010,22
06/05/2010,8
07/05/2010,12
08/05/2010,4
09/05/2010,2
10/05/2010,8
11/05/2010,1
12/05/2010,20
13/05/2010,21
14/05/2010,30
15/05/2010,4
16/05/2010,6
17/05/2010,24
18/05/2010,10
19/05/2010,8
20/05/2010,7
21/05/2010,10
22/05/2010,11
23/05/2010,4
24/05/2010,23
25/05/2010,16
26/05/2010,21
27/05/2010,20
28/05/2010,17
29/05/2010,12
30/05/2010,18
31/05/2010,22
01/06/2010,20
02/06/2010,30
03/06/2010,10
04/06/2010,28
05/06/2010,18
06/06/2010,4
07/06/2010,38
08/06/2010,16
09/06/2010,28
10/06/2010,16
11/06/2010,22
12/06/2010,16
13/06/2010,18
14/06/2010,34
15/06/2010,14
16/06/2010,42
17/06/2010,24
18/06/2010,23
19/06/2010,14
20/06/2010,8
21/06/2010,32
22/06/2010,16
23/06/2010,38
24/06/2010,30
25/06/2010,12
26/06/2010,14
27/06/2010,18
28/06/2010,22
29/06/2010,40
30/06/2010,30
01/07/2010,47
02/07/2010,6
03/07/2010,12
04/07/2010,24
05/07/2010,52
06/07/2010,34
07/07/2010,35
08/07/2010,21
09/07/2010,46
10/07/2010,12
11/07/2010,20
12/07/2010,47
13/07/2010,55
14/07/2010,49
15/07/2010,34
16/07/2010,40
17/07/2010,20
18/07/2010,16
19/07/2010,56
20/07/2010,58
21/07/2010,49
22/07/2010,26
23/07/2010,41
24/07/2010,18
25/07/2010,16
26/07/2010,155
27/07/2010,81
28/07/2010,45
29/07/2010,46
30/07/2010,42
31/07/2010,22
01/08/2010,28
02/08/2010,47
03/08/2010,41
04/08/2010,36
05/08/2010,26
06/08/2010,53
07/08/2010,28
08/08/2010,15
09/08/2010,59
10/08/2010,34
11/08/2010,78
12/08/2010,51
13/08/2010,53
14/08/2010,24
15/08/2010,24
16/08/2010,18
17/08/2010,47
18/08/2010,45
19/08/2010,73
20/08/2010,35
21/08/2010,10
22/08/2010,15
23/08/2010,63
24/08/2010,22
25/08/2010,70
26/08/2010,48
27/08/2010,30
28/08/2010,26
29/08/2010,10
30/08/2010,37
31/08/2010,61
01/09/2010,44
02/09/2010,38
03/09/2010,35
04/09/2010,9
05/09/2010,12
06/09/2010,47
07/09/2010,24
08/09/2010,69
09/09/2010,41
10/09/2010,98
11/09/2010,21
12/09/2010,19
13/09/2010,35
14/09/2010,44
15/09/2010,48
16/09/2010,39
17/09/2010,25
18/09/2010,12
19/09/2010,17
20/09/2010,25
21/09/2010,34
22/09/2010,30
23/09/2010,19
24/09/2010,36
25/09/2010,12
26/09/2010,6
27/09/2010,37
28/09/2010,33
29/09/2010,32
30/09/2010,83
01/10/2010,13
02/10/2010,8
03/10/2010,29
04/10/2010,38
05/10/2010,16
06/10/2010,24
07/10/2010,28
08/10/2010,30
09/10/2010,17
10/10/2010,13
11/10/2010,26
12/10/2010,18
13/10/2010,52
14/10/2010,28
15/10/2010,43
16/10/2010,9
17/10/2010,10
18/10/2010,32
19/10/2010,28
20/10/2010,29
21/10/2010,46
22/10/2010,22
23/10/2010,22
24/10/2010,19
25/10/2010,32
26/10/2010,40
27/10/2010,26
28/10/2010,17
29/10/2010,23
30/10/2010,9
31/10/2010,13
01/11/2010,37
02/11/2010,9
03/11/2010,34
04/11/2010,14
05/11/2010,39
06/11/2010,20
07/11/2010,17
08/11/2010,53
09/11/2010,29
10/11/2010,47
11/11/2010,41
12/11/2010,20
13/11/2010,23
14/11/2010,30
15/11/2010,24
16/11/2010,59
17/11/2010,47
18/11/2010,66
19/11/2010,54
20/11/2010,34
21/11/2010,10
22/11/2010,45
23/11/2010,54
24/11/2010,72
25/11/2010,38
26/11/2010,65
27/11/2010,43
28/11/2010,21
29/11/2010,63
30/11/2010,82
01/12/2010,116
02/12/2010,69
03/12/2010,104
04/12/2010,54
05/12/2010,52
06/12/2010,101
07/12/2010,63
08/12/2010,114
09/12/2010,80
10/12/2010,161
11/12/2010,64
12/12/2010,42
13/12/2010,94
14/12/2010,91
15/12/2010,153
16/12/2010,79
17/12/2010,92
18/12/2010,76
19/12/2010,42
20/12/2010,109
21/12/2010,105
22/12/2010,63
23/12/2010,87
24/12/2010,56
25/12/2010,42
26/12/2010,39
27/12/2010,111
28/12/2010,124
29/12/2010,133
30/12/2010,61
31/12/2010,56
01/01/2011,69
02/01/2011,46
03/01/2011,110
04/01/2011,70
05/01/2011,87
06/01/2011,68
07/01/2011,172
08/01/2011,65
09/01/2011,57
10/01/2011,80
11/01/2011,79
12/01/2011,149
13/01/2011,148
14/01/2011,119
15/01/2011,87
16/01/2011,65
17/01/2011,113
18/01/2011,118
19/01/2011,104
20/01/2011,96
21/01/2011,147
22/01/2011,53
23/01/2011,57
24/01/2011,91
25/01/2011,88
26/01/2011,130
27/01/2011,107
28/01/2011,153
29/01/2011,60
30/01/2011,61
31/01/2011,119
01/02/2011,105
02/02/2011,105
03/02/2011,91
04/02/2011,151
05/02/2011,81
06/02/2011,33
07/02/2011,115
08/02/2011,81
09/02/2011,153
10/02/2011,127
11/02/2011,126
12/02/2011,42
13/02/2011,30
14/02/2011,139
15/02/2011,137
16/02/2011,204
17/02/2011,166
18/02/2011,188
19/02/2011,156
20/02/2011,44
21/02/2011,287
22/02/2011,193
23/02/2011,199
24/02/2011,216
25/02/2011,258
26/02/2011,129
27/02/2011,53
28/02/2011,176
01/03/2011,207
02/03/2011,202
03/03/2011,157
04/03/2011,153
05/03/2011,110
06/03/2011,106
07/03/2011,93
08/03/2011,94
09/03/2011,104
10/03/2011,178
11/03/2011,161
12/03/2011,185
13/03/2011,173
14/03/2011,251
15/03/2011,220
16/03/2011,287
17/03/2011,262
18/03/2011,236
19/03/2011,203
20/03/2011,206
21/03/2011,266
22/03/2011,296
23/03/2011,281
24/03/2011,255
25/03/2011,301
26/03/2011,252
27/03/2011,214
28/03/2011,326
29/03/2011,353
30/03/2011,350
31/03/2011,347
01/04/2011,377
02/04/2011,226
03/04/2011,245
04/04/2011,475
05/04/2011,478
06/04/2011,420
07/04/2011,524
08/04/2011,426
09/04/2011,378
10/04/2011,316
11/04/2011,491
12/04/2011,511
13/04/2011,312
14/04/2011,471
15/04/2011,356
16/04/2011,300
17/04/2011,303
18/04/2011,410
19/04/2011,425
20/04/2011,433
21/04/2011,293
22/04/2011,232
23/04/2011,263
24/04/2011,246
25/04/2011,409
26/04/2011,397
27/04/2011,351
28/04/2011,320
29/04/2011,309
30/04/2011,247
01/05/2011,215
02/05/2011,291
03/05/2011,344
04/05/2011,263
05/05/2011,259
06/05/2011,273
07/05/2011,189
08/05/2011,145
09/05/2011,269
10/05/2011,247
11/05/2011,327
12/05/2011,242
13/05/2011,253
14/05/2011,188
15/05/2011,159
16/05/2011,231
17/05/2011,266
18/05/2011,215
19/05/2011,239
20/05/2011,192
21/05/2011,149
22/05/2011,132
23/05/2011,219
24/05/2011,192
25/05/2011,175
26/05/2011,188
27/05/2011,145
28/05/2011,141
29/05/2011,113
30/05/2011,191
31/05/2011,144
01/06/2011,117
02/06/2011,125
03/06/2011,112
04/06/2011,86
05/06/2011,56
06/06/2011,132
07/06/2011,121
08/06/2011,135
09/06/2011,115
10/06/2011,86
11/06/2011,56
12/06/2011,37
13/06/2011,123
14/06/2011,84
15/06/2011,77
16/06/2011,84
17/06/2011,87
18/06/2011,43
19/06/2011,30
20/06/2011,104
21/06/2011,63
22/06/2011,62
23/06/2011,51
24/06/2011,49
25/06/2011,40
26/06/2011,32
27/06/2011,98
28/06/2011,68
29/06/2011,59
30/06/2011,57
01/07/2011,50
02/07/2011,13
03/07/2011,12
04/07/2011,54
05/07/2011,40
06/07/2011,37
07/07/2011,22
08/07/2011,34
09/07/2011,24
10/07/2011,14
11/07/2011,63
12/07/2011,31
13/07/2011,35
14/07/2011,28
15/07/2011,53
16/07/2011,11
17/07/2011,9
18/07/2011,59
19/07/2011,32
20/07/2011,20
21/07/2011,44
22/07/2011,24
23/07/2011,14
24/07/2011,1
25/07/2011,61
26/07/2011,31
27/07/2011,37
28/07/2011,28
29/07/2011,48
30/07/2011,13
31/07/2011,7
01/08/2011,33
02/08/2011,30
03/08/2011,22
04/08/2011,33
05/08/2011,28
06/08/2011,11
07/08/2011,14
08/08/2011,22
09/08/2011,32
10/08/2011,19
11/08/2011,36
12/08/2011,19
13/08/2011,12
14/08/2011,5
15/08/2011,6
16/08/2011,31
17/08/2011,18
18/08/2011,16
19/08/2011,21
20/08/2011,7
21/08/2011,8
22/08/2011,30
23/08/2011,38
24/08/2011,24
25/08/2011,18
26/08/2011,25
27/08/2011,10
28/08/2011,9
29/08/2011,32
30/08/2011,18
31/08/2011,9
01/09/2011,21
02/09/2011,9
03/09/2011,12
04/09/2011,4
05/09/2011,13
06/09/2011,26
07/09/2011,7
08/09/2011,22
09/09/2011,14
10/09/2011,7
11/09/2011,12
12/09/2011,16
13/09/2011,20
14/09/2011,11
15/09/2011,16
16/09/2011,18
17/09/2011,4
18/09/2011,12
19/09/2011,20
20/09/2011,20
21/09/2011,18
22/09/2011,24
23/09/2011,18
24/09/2011,10
25/09/2011,8
26/09/2011,22
27/09/2011,26
28/09/2011,8
29/09/2011,11
30/09/2011,21
01/10/2011,7
02/10/2011,8
03/10/2011,21
04/10/2011,14
05/10/2011,23
06/10/2011,24
07/10/2011,16
08/10/2011,10
09/10/2011,2
10/10/2011,14
11/10/2011,21
12/10/2011,5
13/10/2011,18
14/10/2011,16
15/10/2011,7
16/10/2011,4
17/10/2011,27
18/10/2011,24
19/10/2011,28
20/10/2011,10
21/10/2011,13
22/10/2011,10
23/10/2011,5
24/10/2011,15
25/10/2011,16
26/10/2011,7
27/10/2011,11
28/10/2011,6
29/10/2011,11
30/10/2011,5
31/10/2011,28
01/11/2011,21
02/11/2011,10
03/11/2011,21
04/11/2011,17
05/11/2011,5
06/11/2011,9
07/11/2011,17
08/11/2011,14
09/11/2011,10
10/11/2011,7
11/11/2011,17
12/11/2011,4
13/11/2011,6
14/11/2011,8
15/11/2011,5
16/11/2011,9
17/11/2011,15
18/11/2011,19
19/11/2011,3
20/11/2011,6
21/11/2011,18
22/11/2011,16
23/11/2011,21
24/11/2011,16
25/11/2011,12
26/11/2011,9
27/11/2011,7
28/11/2011,27
29/11/2011,16
30/11/2011,18
01/12/2011,20
02/12/2011,24
03/12/2011,3
04/12/2011,11
05/12/2011,18
06/12/2011,11
07/12/2011,18
08/12/2011,29
09/12/2011,26
10/12/2011,8
11/12/2011,13
12/12/2011,9
13/12/2011,19
14/12/2011,23
15/12/2011,17
16/12/2011,19
17/12/2011,13
18/12/2011,10
19/12/2011,9
20/12/2011,17
21/12/2011,12
22/12/2011,15
23/12/2011,12
24/12/2011,6
25/12/2011,16
26/12/2011,23
27/12/2011,25
28/12/2011,14
29/12/2011,8
30/12/2011,9
31/12/2011,3
01/01/2012,5
02/01/2012,13
03/01/2012,20
04/01/2012,8
05/01/2012,26
06/01/2012,27
07/01/2012,5
08/01/2012,8
09/01/2012,20
10/01/2012,22
11/01/2012,12
12/01/2012,25
13/01/2012,18
14/01/2012,9
15/01/2012,5
16/01/2012,34
17/01/2012,20
18/01/2012,15
19/01/2012,25
20/01/2012,29
21/01/2012,14
22/01/2012,16
23/01/2012,22
24/01/2012,40
25/01/2012,22
26/01/2012,37
27/01/2012,37
28/01/2012,16
29/01/2012,11
30/01/2012,38
31/01/2012,40
01/02/2012,29
02/02/2012,22
03/02/2012,23
04/02/2012,15
05/02/2012,10
06/02/2012,47
07/02/2012,48
08/02/2012,30
09/02/2012,35
10/02/2012,33
11/02/2012,10
12/02/2012,10
13/02/2012,67
14/02/2012,48
15/02/2012,30
16/02/2012,50
17/02/2012,26
18/02/2012,7
19/02/2012,9
20/02/2012,19
21/02/2012,14
22/02/2012,26
23/02/2012,90
24/02/2012,49
25/02/2012,19
26/02/2012,21
27/02/2012,78
28/02/2012,56
29/02/2012,79
01/03/2012,63
02/03/2012,67
03/03/2012,16
04/03/2012,23
05/03/2012,74
06/03/2012,76
07/03/2012,92
08/03/2012,61
09/03/2012,74
10/03/2012,29
11/03/2012,20
12/03/2012,93
13/03/2012,114
14/03/2012,130
15/03/2012,75
16/03/2012,148
17/03/2012,79
18/03/2012,48
19/03/2012,58
20/03/2012,135
21/03/2012,117
22/03/2012,137
23/03/2012,206
24/03/2012,29
25/03/2012,36
26/03/2012,178
27/03/2012,112
28/03/2012,142
29/03/2012,108
30/03/2012,180
31/03/2012,77
01/04/2012,36
02/04/2012,143
03/04/2012,228
04/04/2012,164
05/04/2012,104
06/04/2012,40
07/04/2012,47
08/04/2012,44
09/04/2012,178
10/04/2012,261
11/04/2012,203
12/04/2012,170
13/04/2012,124
14/04/2012,93
15/04/2012,61
16/04/2012,260
17/04/2012,302
18/04/2012,212
19/04/2012,267
20/04/2012,217
21/04/2012,178
22/04/2012,131
23/04/2012,510
24/04/2012,419
25/04/2012,431
26/04/2012,471
27/04/2012,431
28/04/2012,224
29/04/2012,218
30/04/2012,505
01/05/2012,167
02/05/2012,628
03/05/2012,598
04/05/2012,656
05/05/2012,322
06/05/2012,306
07/05/2012,732
08/05/2012,809
09/05/2012,885
10/05/2012,863
11/05/2012,776
12/05/2012,407
13/05/2012,263
14/05/2012,1008
15/05/2012,864
16/05/2012,921
17/05/2012,910
18/05/2012,813
19/05/2012,416
20/05/2012,343
21/05/2012,905
22/05/2012,803
23/05/2012,681
24/05/2012,617
25/05/2012,611
26/05/2012,314
27/05/2012,228
28/05/2012,552
29/05/2012,501
30/05/2012,437
31/05/2012,415
01/06/2012,294
02/06/2012,218
03/06/2012,146
04/06/2012,382
05/06/2012,327
06/06/2012,330
07/06/2012,146
08/06/2012,286
09/06/2012,165
10/06/2012,119
11/06/2012,258
12/06/2012,235
13/06/2012,240
14/06/2012,197
15/06/2012,198
16/06/2012,108
17/06/2012,64
18/06/2012,204
19/06/2012,163
20/06/2012,117
21/06/2012,139
22/06/2012,74
23/06/2012,74
24/06/2012,61
25/06/2012,98
26/06/2012,115
27/06/2012,85
28/06/2012,82
29/06/2012,74
30/06/2012,39
01/07/2012,37
02/07/2012,60
03/07/2012,70
04/07/2012,52
05/07/2012,61
06/07/2012,49
07/07/2012,29
08/07/2012,17
09/07/2012,56
10/07/2012,42
11/07/2012,52
12/07/2012,41
13/07/2012,29
14/07/2012,19
15/07/2012,13
16/07/2012,33
17/07/2012,22
18/07/2012,33
19/07/2012,27
20/07/2012,34
21/07/2012,17
22/07/2012,6
23/07/2012,35
24/07/2012,64
25/07/2012,34
26/07/2012,28
27/07/2012,27
28/07/2012,12
29/07/2012,12
30/07/2012,40
31/07/2012,33
01/08/2012,30
02/08/2012,23
03/08/2012,23
04/08/2012,14
05/08/2012,8
06/08/2012,24
07/08/2012,10
08/08/2012,23
09/08/2012,22
10/08/2012,11
11/08/2012,17
12/08/2012,6
13/08/2012,16
14/08/2012,18
15/08/2012,9
16/08/2012,12
17/08/2012,23
18/08/2012,6
19/08/2012,5
20/08/2012,15
21/08/2012,13
22/08/2012,16
23/08/2012,14
24/08/2012,24
25/08/2012,6
26/08/2012,3
27/08/2012,14
28/08/2012,14
29/08/2012,9
30/08/2012,13
31/08/2012,9
01/09/2012,3
02/09/2012,3
03/09/2012,15
04/09/2012,2
05/09/2012,9
06/09/2012,5
07/09/2012,9
08/09/2012,3
09/09/2012,4
10/09/2012,10
11/09/2012,21
12/09/2012,16
13/09/2012,14
14/09/2012,7
15/09/2012,5
16/09/2012,0
17/09/2012,5
18/09/2012,8
19/09/2012,3
20/09/2012,6
21/09/2012,9
22/09/2012,4
23/09/2012,2
24/09/2012,14
25/09/2012,7
26/09/2012,4
27/09/2012,6
28/09/2012,10
29/09/2012,4
30/09/2012,2
01/10/2012,13
02/10/2012,4
03/10/2012,8
04/10/2012,5
05/10/2012,5
06/10/2012,4
07/10/2012,0
08/10/2012,19
09/10/2012,4
10/10/2012,13
11/10/2012,10
12/10/2012,1
13/10/2012,3
14/10/2012,2
15/10/2012,3
16/10/2012,8
17/10/2012,11
18/10/2012,5
19/10/2012,16
20/10/2012,10
21/10/2012,3
22/10/2012,6
23/10/2012,4
24/10/2012,9
25/10/2012,3
26/10/2012,16
27/10/2012,0
28/10/2012,1
29/10/2012,12
30/10/2012,10
31/10/2012,5
01/11/2012,2
02/11/2012,1
03/11/2012,8
04/11/2012,0
05/11/2012,2
06/11/2012,5
07/11/2012,3
08/11/2012,28
09/11/2012,9
10/11/2012,1
11/11/2012,1
12/11/2012,1
13/11/2012,1
14/11/2012,5
15/11/2012,2
16/11/2012,10
17/11/2012,0
18/11/2012,2
19/11/2012,5
20/11/2012,6
21/11/2012,14
22/11/2012,2
23/11/2012,3
24/11/2012,5
25/11/2012,1
26/11/2012,0
27/11/2012,1
28/11/2012,0
29/11/2012,5
30/11/2012,8
01/12/2012,1
02/12/2012,1
03/12/2012,9
04/12/2012,6
05/12/2012,0
06/12/2012,6
07/12/2012,1
08/12/2012,2
09/12/2012,3
10/12/2012,11
11/12/2012,12
12/12/2012,4
13/12/2012,4
14/12/2012,5
15/12/2012,1
16/12/2012,0
17/12/2012,7
18/12/2012,2
19/12/2012,5
20/12/2012,4
21/12/2012,2
22/12/2012,2
23/12/2012,2
24/12/2012,1
25/12/2012,3
26/12/2012,7
27/12/2012,9
28/12/2012,6
29/12/2012,1
30/12/2012,2
31/12/2012,0
01/01/2013,1
02/01/2013,11
03/01/2013,13
04/01/2013,2
05/01/2013,7
06/01/2013,1
07/01/2013,6
08/01/2013,9
09/01/2013,5
10/01/2013,5
11/01/2013,5
12/01/2013,4
13/01/2013,2
14/01/2013,5
15/01/2013,11
16/01/2013,12
17/01/2013,15
18/01/2013,12
19/01/2013,1
20/01/2013,1
21/01/2013,14
22/01/2013,3
23/01/2013,7
24/01/2013,11
25/01/2013,8
26/01/2013,4
27/01/2013,8
28/01/2013,22
29/01/2013,10
30/01/2013,21
31/01/2013,18
01/02/2013,7
02/02/2013,5
03/02/2013,1
04/02/2013,3
05/02/2013,22
06/02/2013,7
07/02/2013,10
08/02/2013,11
09/02/2013,8
10/02/2013,7
11/02/2013,3
12/02/2013,1
13/02/2013,5
14/02/2013,14
15/02/2013,4
16/02/2013,5
17/02/2013,7
18/02/2013,8
19/02/2013,24
20/02/2013,23
21/02/2013,18
22/02/2013,9
23/02/2013,8
24/02/2013,10
25/02/2013,20
26/02/2013,28
27/02/2013,18
28/02/2013,24
01/03/2013,11
02/03/2013,6
03/03/2013,6
04/03/2013,17
05/03/2013,19
06/03/2013,19
07/03/2013,23
08/03/2013,12
09/03/2013,10
10/03/2013,7
11/03/2013,24
12/03/2013,33
13/03/2013,16
14/03/2013,15
15/03/2013,22
16/03/2013,5
17/03/2013,10
18/03/2013,19
19/03/2013,10
20/03/2013,16
21/03/2013,24
22/03/2013,26
23/03/2013,9
24/03/2013,9
25/03/2013,17
26/03/2013,23
27/03/2013,19
28/03/2013,27
29/03/2013,11
30/03/2013,12
31/03/2013,10
01/04/2013,45
02/04/2013,30
03/04/2013,34
04/04/2013,38
05/04/2013,28
06/04/2013,14
07/04/2013,19
08/04/2013,57
09/04/2013,49
10/04/2013,33
11/04/2013,33
12/04/2013,63
13/04/2013,19
14/04/2013,10
15/04/2013,64
16/04/2013,66
17/04/2013,41
18/04/2013,50
19/04/2013,59
20/04/2013,24
21/04/2013,15
22/04/2013,62
23/04/2013,26
24/04/2013,51
25/04/2013,82
26/04/2013,60
27/04/2013,21
28/04/2013,40
29/04/2013,61
30/04/2013,53
01/05/2013,28
02/05/2013,60
03/05/2013,42
04/05/2013,14
05/05/2013,18
06/05/2013,43
07/05/2013,45
08/05/2013,70
09/05/2013,44
10/05/2013,46
11/05/2013,21
12/05/2013,25
13/05/2013,53
14/05/2013,38
15/05/2013,40
16/05/2013,34
17/05/2013,64
18/05/2013,18
19/05/2013,36
20/05/2013,67
21/05/2013,65
22/05/2013,68
23/05/2013,67
24/05/2013,60
25/05/2013,40
26/05/2013,21
27/05/2013,62
28/05/2013,59
29/05/2013,49
30/05/2013,13
31/05/2013,66
01/06/2013,35
02/06/2013,23
03/06/2013,59
04/06/2013,84
05/06/2013,53
06/06/2013,64
07/06/2013,77
08/06/2013,18
09/06/2013,19
10/06/2013,56
11/06/2013,63
12/06/2013,50
13/06/2013,70
14/06/2013,63
15/06/2013,31
16/06/2013,26
17/06/2013,72
18/06/2013,75
19/06/2013,31
20/06/2013,82
21/06/2013,74
22/06/2013,20
23/06/2013,45
24/06/2013,97
25/06/2013,66
26/06/2013,56
27/06/2013,39
28/06/2013,80
29/06/2013,44
30/06/2013,27
01/07/2013,38
02/07/2013,76
03/07/2013,61
04/07/2013,57
05/07/2013,69
06/07/2013,26
07/07/2013,33
08/07/2013,77
09/07/2013,48
10/07/2013,62
11/07/2013,68
12/07/2013,49
13/07/2013,20
14/07/2013,22
15/07/2013,97
16/07/2013,66
17/07/2013,68
18/07/2013,57
19/07/2013,48
20/07/2013,40
21/07/2013,19
22/07/2013,57
23/07/2013,67
24/07/2013,50
25/07/2013,48
26/07/2013,36
27/07/2013,30
28/07/2013,34
29/07/2013,80
30/07/2013,55
31/07/2013,45
01/08/2013,48
02/08/2013,73
03/08/2013,46
04/08/2013,19
05/08/2013,95
06/08/2013,63
07/08/2013,59
08/08/2013,69
09/08/2013,48
10/08/2013,51
11/08/2013,27
12/08/2013,70
13/08/2013,33
14/08/2013,52
15/08/2013,16
16/08/2013,60
17/08/2013,29
18/08/2013,22
19/08/2013,43
20/08/2013,40
21/08/2013,65
22/08/2013,38
23/08/2013,57
24/08/2013,28
25/08/2013,21
26/08/2013,43
27/08/2013,37
28/08/2013,93
29/08/2013,36
30/08/2013,47
31/08/2013,19
01/09/2013,8
02/09/2013,39
03/09/2013,20
04/09/2013,20
05/09/2013,28
06/09/2013,23
07/09/2013,9
08/09/2013,3
09/09/2013,26
10/09/2013,17
11/09/2013,23
12/09/2013,23
13/09/2013,25
14/09/2013,9
15/09/2013,8
16/09/2013,29
17/09/2013,22
18/09/2013,21
19/09/2013,22
20/09/2013,21
21/09/2013,12
22/09/2013,3
23/09/2013,18
24/09/2013,7
25/09/2013,19
26/09/2013,11
27/09/2013,8
28/09/2013,7
29/09/2013,7
30/09/2013,22
01/10/2013,7
02/10/2013,9
03/10/2013,16
04/10/2013,10
05/10/2013,5
06/10/2013,8
07/10/2013,11
08/10/2013,10
09/10/2013,13
10/10/2013,12
11/10/2013,17
12/10/2013,3
13/10/2013,4
14/10/2013,12
15/10/2013,12
16/10/2013,7
17/10/2013,15
18/10/2013,3
19/10/2013,4
20/10/2013,2
21/10/2013,9
22/10/2013,6
23/10/2013,10
24/10/2013,7
25/10/2013,9
26/10/2013,7
27/10/2013,6
28/10/2013,6
29/10/2013,8
30/10/2013,9
31/10/2013,15
01/11/2013,4
02/11/2013,4
03/11/2013,2
04/11/2013,8
05/11/2013,10
06/11/2013,3
07/11/2013,6
08/11/2013,3
09/11/2013,4
10/11/2013,0
11/11/2013,8
12/11/2013,3
13/11/2013,5
14/11/2013,4
15/11/2013,1
16/11/2013,2
17/11/2013,1
18/11/2013,10
19/11/2013,4
20/11/2013,12
21/11/2013,7
22/11/2013,11
23/11/2013,1
24/11/2013,2
25/11/2013,7
26/11/2013,4
27/11/2013,10
28/11/2013,5
29/11/2013,8
30/11/2013,1
01/12/2013,0
02/12/2013,1
03/12/2013,7
04/12/2013,2
05/12/2013,9
06/12/2013,2
07/12/2013,3
08/12/2013,0
09/12/2013,10
10/12/2013,10
11/12/2013,18
12/12/2013,8
13/12/2013,3
14/12/2013,1
15/12/2013,3
16/12/2013,12
17/12/2013,6
18/12/2013,7
19/12/2013,11
20/12/2013,1
21/12/2013,2
22/12/2013,0
23/12/2013,5
24/12/2013,5
25/12/2013,0
26/12/2013,5
27/12/2013,0
28/12/2013,5
29/12/2013,0
30/12/2013,5
31/12/2013,0
01/01/2014,4
02/01/2014,6
03/01/2014,9
04/01/2014,3
05/01/2014,0
06/01/2014,3
07/01/2014,3
08/01/2014,2
09/01/2014,2
10/01/2014,6
11/01/2014,1
12/01/2014,0
13/01/2014,9
14/01/2014,2
15/01/2014,15
16/01/2014,2
17/01/2014,7
18/01/2014,2
19/01/2014,2
20/01/2014,12
21/01/2014,3
22/01/2014,12
23/01/2014,6
24/01/2014,9
25/01/2014,2
26/01/2014,2
27/01/2014,10
28/01/2014,12
29/01/2014,12
30/01/2014,3
31/01/2014,13
01/02/2014,4
02/02/2014,2
03/02/2014,12
04/02/2014,13
05/02/2014,13
06/02/2014,0
07/02/2014,9
08/02/2014,9
09/02/2014,2
10/02/2014,17
11/02/2014,12
12/02/2014,17
13/02/2014,6
14/02/2014,3
15/02/2014,7
16/02/2014,3
17/02/2014,6
18/02/2014,12
19/02/2014,10
20/02/2014,9
21/02/2014,11
22/02/2014,7
23/02/2014,1
24/02/2014,15
25/02/2014,16
26/02/2014,10
27/02/2014,11
28/02/2014,5
01/03/2014,2
02/03/2014,6
03/03/2014,6
04/03/2014,2
05/03/2014,4
06/03/2014,4
07/03/2014,17
08/03/2014,4
09/03/2014,3
10/03/2014,11
11/03/2014,9
12/03/2014,9
13/03/2014,5
14/03/2014,8
15/03/2014,5
16/03/2014,2
17/03/2014,17
18/03/2014,6
19/03/2014,2
20/03/2014,10
21/03/2014,10
22/03/2014,7
23/03/2014,10
24/03/2014,18
25/03/2014,5
26/03/2014,14
27/03/2014,11
28/03/2014,4
29/03/2014,13
30/03/2014,4
31/03/2014,17
01/04/2014,11
02/04/2014,18
03/04/2014,23
04/04/2014,18
05/04/2014,20
06/04/2014,9
07/04/2014,19
08/04/2014,30
09/04/2014,18
10/04/2014,15
11/04/2014,17
12/04/2014,4
13/04/2014,4
14/04/2014,13
15/04/2014,13
16/04/2014,12
17/04/2014,20
18/04/2014,4
19/04/2014,9
20/04/2014,5
21/04/2014,3
22/04/2014,20
23/04/2014,11
24/04/2014,15
25/04/2014,10
26/04/2014,9
27/04/2014,3
28/04/2014,22
29/04/2014,10
30/04/2014,10
01/05/2014,2
02/05/2014,23
03/05/2014,12
04/05/2014,7
05/05/2014,30
06/05/2014,18
07/05/2014,22
08/05/2014,19
09/05/2014,23
10/05/2014,16
11/05/2014,11
12/05/2014,27
13/05/2014,24
14/05/2014,31
15/05/2014,40
16/05/2014,37
17/05/2014,10
18/05/2014,16
19/05/2014,39
20/05/2014,42
21/05/2014,33
22/05/2014,33
23/05/2014,17
24/05/2014,10
25/05/2014,26
26/05/2014,45
27/05/2014,60
28/05/2014,49
29/05/2014,39
30/05/2014,52
31/05/2014,29
01/06/2014,39
02/06/2014,36
03/06/2014,45
04/06/2014,51
05/06/2014,70
06/06/2014,27
07/06/2014,45
08/06/2014,36
09/06/2014,57
10/06/2014,51
11/06/2014,70
12/06/2014,35
13/06/2014,59
14/06/2014,34
15/06/2014,26
16/06/2014,45
17/06/2014,20
18/06/2014,50
19/06/2014,25
20/06/2014,36
21/06/2014,27
22/06/2014,32
23/06/2014,29
24/06/2014,33
25/06/2014,37
26/06/2014,39
27/06/2014,41
28/06/2014,23
29/06/2014,14
30/06/2014,43
01/07/2014,50
02/07/2014,34
03/07/2014,33
04/07/2014,12
05/07/2014,31
06/07/2014,28
07/07/2014,37
08/07/2014,22
09/07/2014,28
10/07/2014,27
11/07/2014,29
12/07/2014,25
13/07/2014,22
14/07/2014,59
15/07/2014,41
16/07/2014,35
17/07/2014,27
18/07/2014,24
19/07/2014,22
20/07/2014,19
21/07/2014,39
22/07/2014,20
23/07/2014,22
24/07/2014,23
25/07/2014,27
26/07/2014,15
27/07/2014,15
28/07/2014,36
29/07/2014,36
30/07/2014,31
31/07/2014,26
01/08/2014,32
02/08/2014,12
03/08/2014,19
04/08/2014,32
05/08/2014,21
06/08/2014,26
07/08/2014,21
08/08/2014,25
09/08/2014,16
10/08/2014,6
11/08/2014,12
12/08/2014,30
13/08/2014,26
14/08/2014,25
15/08/2014,5
16/08/2014,14
17/08/2014,7
18/08/2014,19
19/08/2014,15
20/08/2014,24
21/08/2014,23
22/08/2014,11
23/08/2014,10
24/08/2014,9
25/08/2014,16
26/08/2014,20
27/08/2014,30
28/08/2014,11
29/08/2014,19
30/08/2014,7
31/08/2014,9
01/09/2014,15
02/09/2014,13
03/09/2014,12
04/09/2014,17
05/09/2014,18
06/09/2014,4
07/09/2014,8
08/09/2014,22
09/09/2014,11
10/09/2014,12
11/09/2014,14
12/09/2014,19
13/09/2014,13
14/09/2014,7
15/09/2014,10
16/09/2014,13
17/09/2014,10
18/09/2014,12
19/09/2014,14
20/09/2014,10
21/09/2014,3
22/09/2014,16
23/09/2014,13
24/09/2014,11
25/09/2014,11
26/09/2014,8
27/09/2014,5
28/09/2014,2
29/09/2014,17
30/09/2014,11
01/10/2014,13
02/10/2014,12
03/10/2014,7
04/10/2014,4
05/10/2014,4
06/10/2014,5
07/10/2014,19
08/10/2014,8
09/10/2014,10
10/10/2014,10
11/10/2014,5
12/10/2014,9
13/10/2014,10
14/10/2014,6
15/10/2014,10
16/10/2014,7
17/10/2014,8
18/10/2014,0
19/10/2014,7
20/10/2014,13
21/10/2014,7
22/10/2014,12
23/10/2014,7
24/10/2014,2
25/10/2014,1
26/10/2014,3
27/10/2014,8
28/10/2014,9
29/10/2014,10
30/10/2014,4
31/10/2014,6
01/11/2014,2
02/11/2014,4
03/11/2014,3
04/11/2014,6
05/11/2014,3
06/11/2014,8
07/11/2014,6
08/11/2014,3
09/11/2014,2
10/11/2014,8
11/11/2014,7
12/11/2014,8
13/11/2014,6
14/11/2014,10
15/11/2014,3
16/11/2014,5
17/11/2014,3
18/11/2014,5
19/11/2014,3
20/11/2014,7
21/11/2014,4
22/11/2014,7
23/11/2014,5
24/11/2014,6
25/11/2014,6
26/11/2014,6
27/11/2014,3
28/11/2014,5
29/11/2014,3
30/11/2014,1
01/12/2014,4
02/12/2014,5
03/12/2014,11
04/12/2014,7
05/12/2014,4
06/12/2014,2
07/12/2014,0
08/12/2014,6
09/12/2014,5
10/12/2014,3
11/12/2014,6
12/12/2014,1
13/12/2014,3
14/12/2014,1
15/12/2014,7
16/12/2014,8
17/12/2014,9
18/12/2014,3
19/12/2014,2
20/12/2014,2
21/12/2014,7
22/12/2014,2
23/12/2014,5
24/12/2014,6
25/12/2014,2
26/12/2014,4
27/12/2014,1
28/12/2014,2
29/12/2014,9
30/12/2014,6
31/12/2014,2
01/01/2015,1
02/01/2015,2
03/01/2015,4
04/01/2015,0
05/01/2015,13
06/01/2015,14
07/01/2015,3
08/01/2015,11
09/01/2015,11
10/01/2015,4
11/01/2015,3
12/01/2015,7
13/01/2015,13
14/01/2015,10
15/01/2015,12
16/01/2015,9
17/01/2015,3
18/01/2015,3
19/01/2015,11
20/01/2015,6
21/01/2015,13
22/01/2015,11
23/01/2015,14
24/01/2015,8
25/01/2015,8
26/01/2015,14
27/01/2015,10
28/01/2015,15
29/01/2015,11
30/01/2015,18
31/01/2015,9
01/02/2015,10
02/02/2015,14
03/02/2015,23
04/02/2015,17
05/02/2015,31
06/02/2015,15
07/02/2015,13
08/02/2015,14
09/02/2015,22
10/02/2015,25
11/02/2015,18
12/02/2015,32
13/02/2015,18
14/02/2015,6
15/02/2015,7
16/02/2015,9
17/02/2015,11
18/02/2015,17
19/02/2015,39
20/02/2015,29
21/02/2015,14
22/02/2015,9
23/02/2015,37
24/02/2015,42
25/02/2015,27
26/02/2015,49
27/02/2015,21
28/02/2015,11
01/03/2015,12
02/03/2015,40
03/03/2015,37
04/03/2015,35
05/03/2015,35
06/03/2015,44
07/03/2015,32
08/03/2015,26
09/03/2015,59
10/03/2015,44
11/03/2015,50
12/03/2015,56
13/03/2015,52
14/03/2015,36
15/03/2015,37
16/03/2015,86
17/03/2015,63
18/03/2015,51
19/03/2015,34
20/03/2015,48
21/03/2015,31
22/03/2015,31
23/03/2015,77
24/03/2015,74
25/03/2015,45
26/03/2015,89
27/03/2015,63
28/03/2015,34
29/03/2015,52
30/03/2015,79
31/03/2015,67
01/04/2015,62
02/04/2015,34
03/04/2015,28
04/04/2015,33
05/04/2015,44
06/04/2015,94
07/04/2015,68
08/04/2015,96
09/04/2015,71
10/04/2015,79
11/04/2015,52
12/04/2015,34
13/04/2015,58
14/04/2015,121
15/04/2015,121
16/04/2015,105
17/04/2015,136
18/04/2015,88
19/04/2015,69
20/04/2015,128
21/04/2015,143
22/04/2015,188
23/04/2015,195
24/04/2015,250
25/04/2015,120
26/04/2015,136
27/04/2015,223
28/04/2015,301
29/04/2015,238
30/04/2015,279
01/05/2015,170
02/05/2015,152
03/05/2015,133
04/05/2015,274
05/05/2015,271
06/05/2015,311
07/05/2015,269
08/05/2015,284
09/05/2015,187
10/05/2015,200
11/05/2015,322
12/05/2015,351
13/05/2015,378
14/05/2015,418
15/05/2015,400
16/05/2015,263
17/05/2015,278
18/05/2015,451
19/05/2015,503
20/05/2015,392
21/05/2015,372
22/05/2015,356
23/05/2015,217
24/05/2015,250
25/05/2015,425
26/05/2015,336
27/05/2015,363
28/05/2015,320
29/05/2015,305
30/05/2015,199
31/05/2015,193
01/06/2015,332
02/06/2015,277
03/06/2015,239
04/06/2015,157
05/06/2015,247
06/06/2015,156
07/06/2015,175
08/06/2015,299
09/06/2015,248
10/06/2015,240
11/06/2015,215
12/06/2015,186
13/06/2015,194
14/06/2015,138
15/06/2015,254
16/06/2015,172
17/06/2015,196
18/06/2015,215
19/06/2015,205
20/06/2015,117
21/06/2015,99
22/06/2015,271
23/06/2015,237
24/06/2015,223
25/06/2015,185
26/06/2015,249
27/06/2015,117
28/06/2015,89
29/06/2015,212
30/06/2015,164
01/07/2015,102
02/07/2015,141
03/07/2015,133
04/07/2015,61
05/07/2015,47
06/07/2015,126
07/07/2015,127
08/07/2015,132
09/07/2015,88
10/07/2015,107
11/07/2015,62
12/07/2015,49
13/07/2015,132
14/07/2015,68
15/07/2015,99
16/07/2015,109
17/07/2015,95
18/07/2015,49
19/07/2015,46
20/07/2015,127
21/07/2015,76
22/07/2015,82
23/07/2015,97
24/07/2015,60
25/07/2015,23
26/07/2015,21
27/07/2015,66
28/07/2015,44
29/07/2015,52
30/07/2015,48
31/07/2015,43
01/08/2015,26
02/08/2015,34
03/08/2015,43
04/08/2015,92
05/08/2015,54
06/08/2015,53
07/08/2015,50
08/08/2015,26
09/08/2015,20
10/08/2015,91
11/08/2015,57
12/08/2015,43
13/08/2015,43
14/08/2015,45
15/08/2015,18
16/08/2015,14
17/08/2015,50
18/08/2015,35
19/08/2015,48
20/08/2015,31
21/08/2015,39
22/08/2015,18
23/08/2015,23
24/08/2015,39
25/08/2015,54
26/08/2015,47
27/08/2015,26
28/08/2015,28
29/08/2015,16
30/08/2015,17
31/08/2015,17
01/09/2015,20
02/09/2015,27
03/09/2015,20
04/09/2015,16
05/09/2015,12
06/09/2015,6
07/09/2015,5
08/09/2015,26
09/09/2015,19
10/09/2015,15
11/09/2015,17
12/09/2015,2
13/09/2015,3
14/09/2015,18
15/09/2015,23
16/09/2015,7
17/09/2015,14
18/09/2015,11
19/09/2015,6
20/09/2015,6
21/09/2015,18
22/09/2015,11
23/09/2015,10
24/09/2015,9
25/09/2015,15
26/09/2015,2
27/09/2015,7
28/09/2015,10
29/09/2015,12
30/09/2015,13
01/10/2015,3
02/10/2015,13
03/10/2015,7
04/10/2015,6
05/10/2015,6
06/10/2015,8
07/10/2015,10
08/10/2015,8
09/10/2015,8
10/10/2015,5
11/10/2015,1
12/10/2015,2
13/10/2015,6
14/10/2015,7
15/10/2015,6
16/10/2015,7
17/10/2015,5
18/10/2015,3
19/10/2015,7
20/10/2015,10
21/10/2015,5
22/10/2015,8
23/10/2015,2
24/10/2015,5
25/10/2015,4
26/10/2015,3
27/10/2015,5
28/10/2015,5
29/10/2015,3
30/10/2015,1
31/10/2015,1
01/11/2015,1
02/11/2015,2
03/11/2015,5
04/11/2015,2
05/11/2015,2
06/11/2015,6
07/11/2015,2
08/11/2015,3
09/11/2015,0
10/11/2015,6
11/11/2015,2
12/11/2015,2
13/11/2015,3
14/11/2015,0
15/11/2015,2
16/11/2015,6
17/11/2015,4
18/11/2015,4
19/11/2015,4
20/11/2015,11
21/11/2015,5
22/11/2015,2
23/11/2015,3
24/11/2015,3
25/11/2015,3
26/11/2015,4
27/11/2015,3
28/11/2015,1
29/11/2015,4
30/11/2015,5
01/12/2015,4
02/12/2015,10
03/12/2015,7
04/12/2015,0
05/12/2015,3
06/12/2015,1
07/12/2015,11
08/12/2015,22
09/12/2015,3
10/12/2015,4
11/12/2015,3
12/12/2015,1
13/12/2015,1
14/12/2015,5
15/12/2015,6
16/12/2015,11
17/12/2015,3
18/12/2015,8
19/12/2015,5
20/12/2015,4
21/12/2015,15
22/12/2015,9
23/12/2015,3
24/12/2015,2
25/12/2015,2
26/12/2015,7
27/12/2015,0
28/12/2015,9
29/12/2015,6
30/12/2015,4
31/12/2015,5
01/01/2016,9
02/01/2016,10
03/01/2016,10
04/01/2016,10
05/01/2016,10
06/01/2016,10
07/01/2016,10
08/01/2016,12
09/01/2016,12
10/01/2016,12
11/01/2016,12
12/01/2016,12
13/01/2016,12
14/01/2016,12
15/01/2016,14
16/01/2016,14
17/01/2016,15
18/01/2016,15
19/01/2016,15
20/01/2016,15
21/01/2016,15
22/01/2016,25
23/01/2016,25
24/01/2016,25
25/01/2016,25
26/01/2016,26
27/01/2016,26
28/01/2016,27
29/01/2016,27
30/01/2016,27
31/01/2016,27
01/02/2016,27
02/02/2016,27
03/02/2016,28
04/02/2016,28
05/02/2016,25
06/02/2016,25
07/02/2016,26
08/02/2016,26
09/02/2016,26
10/02/2016,26
11/02/2016,26
12/02/2016,28
13/02/2016,28
14/02/2016,28
15/02/2016,29
16/02/2016,29
17/02/2016,29
18/02/2016,29
19/02/2016,36
20/02/2016,37
21/02/2016,37
22/02/2016,37
23/02/2016,37
24/02/2016,37
25/02/2016,37
26/02/2016,31
27/02/2016,31
28/02/2016,31
29/02/2016,31
01/03/2016,32
02/03/2016,32
03/03/2016,32
04/03/2016,40
05/03/2016,41
06/03/2016,41
07/03/2016,41
08/03/2016,41
09/03/2016,41
10/03/2016,41
11/03/2016,44
12/03/2016,45
13/03/2016,45
14/03/2016,45
15/03/2016,45
16/03/2016,45
17/03/2016,45
18/03/2016,45
19/03/2016,45
20/03/2016,45
21/03/2016,45
22/03/2016,45
23/03/2016,45
24/03/2016,45
25/03/2016,54
26/03/2016,55
27/03/2016,55
28/03/2016,55
29/03/2016,55
30/03/2016,55
31/03/2016,55
01/04/2016,59
02/04/2016,59
03/04/2016,59
04/04/2016,60
05/04/2016,60
06/04/2016,60
07/04/2016,60
08/04/2016,71
09/04/2016,71
10/04/2016,71
11/04/2016,71
12/04/2016,72
13/04/2016,72
14/04/2016,72
15/04/2016,161
16/04/2016,162
17/04/2016,162
18/04/2016,162
19/04/2016,162
20/04/2016,162
21/04/2016,162
22/04/2016,199
23/04/2016,200
24/04/2016,200
25/04/2016,200
26/04/2016,200
27/04/2016,200
28/04/2016,200
29/04/2016,212
30/04/2016,213
01/05/2016,213
02/05/2016,213
03/05/2016,213
04/05/2016,213
05/05/2016,213
06/05/2016,180
07/05/2016,180
08/05/2016,181
09/05/2016,181
10/05/2016,181
11/05/2016,181
12/05/2016,181
13/05/2016,211
14/05/2016,211
15/05/2016,212
16/05/2016,212
17/05/2016,212
18/05/2016,212
19/05/2016,212
20/05/2016,178
21/05/2016,178
22/05/2016,178
23/05/2016,178
24/05/2016,179
25/05/2016,179
26/05/2016,179
27/05/2016,150
28/05/2016,151
29/05/2016,151
30/05/2016,151
31/05/2016,151
01/06/2016,151
02/06/2016,151
03/06/2016,0
04/06/2016,131
05/06/2016,131
06/06/2016,131
07/06/2016,131
08/06/2016,131
09/06/2016,131
10/06/2016,127
11/06/2016,127
12/06/2016,127
13/06/2016,127
14/06/2016,127
15/06/2016,127
16/06/2016,128
17/06/2016,84
18/06/2016,84
19/06/2016,84
20/06/2016,84
21/06/2016,85
22/06/2016,85
23/06/2016,85
24/06/2016,90
25/06/2016,90
26/06/2016,90
27/06/2016,90
28/06/2016,91
29/06/2016,91
30/06/2016,91
01/07/2016,96
02/07/2016,96
03/07/2016,96
04/07/2016,96
05/07/2016,96
06/07/2016,96
07/07/2016,96
08/07/2016,75
09/07/2016,75
10/07/2016,75
11/07/2016,75
12/07/2016,76
13/07/2016,76
14/07/2016,76
15/07/2016,81
16/07/2016,81
17/07/2016,81
18/07/2016,81
19/07/2016,82
20/07/2016,82
21/07/2016,82
22/07/2016,67
23/07/2016,67
24/07/2016,68
25/07/2016,68
26/07/2016,68
27/07/2016,68
28/07/2016,68
29/07/2016,57
30/07/2016,57
31/07/2016,58
01/08/2016,58
02/08/2016,58
03/08/2016,58
04/08/2016,58
05/08/2016,40
06/08/2016,40
07/08/2016,40
08/08/2016,40
09/08/2016,40
10/08/2016,41
11/08/2016,41
12/08/2016,39
13/08/2016,39
14/08/2016,40
15/08/2016,40
16/08/2016,40
17/08/2016,40
18/08/2016,40
19/08/2016,35
20/08/2016,35
21/08/2016,35
22/08/2016,35
23/08/2016,35
24/08/2016,35
25/08/2016,35
26/08/2016,23
27/08/2016,24
28/08/2016,24
29/08/2016,24
30/08/2016,24
31/08/2016,24
01/09/2016,24
02/09/2016,25
03/09/2016,25
04/09/2016,25
05/09/2016,26
06/09/2016,26
07/09/2016,26
08/09/2016,26
09/09/2016,27
10/09/2016,27
11/09/2016,27
12/09/2016,27
13/09/2016,27
14/09/2016,27
15/09/2016,28
16/09/2016,29
17/09/2016,30
18/09/2016,30
19/09/2016,30
20/09/2016,30
21/09/2016,30
22/09/2016,30
23/09/2016,18
24/09/2016,18
25/09/2016,18
26/09/2016,19
27/09/2016,19
28/09/2016,19
29/09/2016,19
30/09/2016,22
01/10/2016,22
02/10/2016,22
03/10/2016,22
04/10/2016,22
05/10/2016,22
06/10/2016,22
07/10/2016,20
08/10/2016,20
09/10/2016,20
10/10/2016,20
11/10/2016,20
12/10/2016,20
13/10/2016,21
14/10/2016,15
15/10/2016,16
16/10/2016,16
17/10/2016,16
18/10/2016,16
19/10/2016,16
20/10/2016,16
21/10/2016,14
22/10/2016,14
23/10/2016,14
24/10/2016,14
25/10/2016,14
26/10/2016,14
27/10/2016,15
28/10/2016,17
29/10/2016,17
30/10/2016,17
31/10/2016,17
01/11/2016,17
02/11/2016,18
03/11/2016,18
04/11/2016,23
05/11/2016,23
06/11/2016,23
07/11/2016,23
08/11/2016,23
09/11/2016,23
10/11/2016,24
11/11/2016,24
12/11/2016,24
13/11/2016,25
14/11/2016,25
15/11/2016,25
16/11/2016,25
17/11/2016,25
18/11/2016,18
19/11/2016,18
20/11/2016,18
21/11/2016,19
22/11/2016,19
23/11/2016,19
24/11/2016,19
25/11/2016,22
26/11/2016,22
27/11/2016,22
28/11/2016,22
29/11/2016,23
30/11/2016,23
01/12/2016,23
02/12/2016,20
03/12/2016,20
04/12/2016,21
05/12/2016,21
06/12/2016,21
07/12/2016,21
08/12/2016,21
09/12/2016,18
10/12/2016,18
11/12/2016,18
12/12/2016,19
13/12/2016,19
14/12/2016,19
15/12/2016,19
16/12/2016,14
17/12/2016,14
18/12/2016,14
19/12/2016,14
20/12/2016,14
21/12/2016,14
22/12/2016,14
23/12/2016,0
24/12/2016,11
25/12/2016,11
26/12/2016,11
27/12/2016,11
28/12/2016,11
29/12/2016,11
30/12/2016,11
31/12/2016,11
01/01/2017,26
02/01/2017,26
03/01/2017,26
04/01/2017,26
05/01/2017,26
06/01/2017,26
07/01/2017,26
08/01/2017,31
09/01/2017,31
10/01/2017,31
11/01/2017,31
12/01/2017,31
13/01/2017,31
14/01/2017,31
15/01/2017,49
16/01/2017,49
17/01/2017,49
18/01/2017,49
19/01/2017,50
20/01/2017,50
21/01/2017,50
22/01/2017,47
23/01/2017,47
24/01/2017,47
25/01/2017,47
26/01/2017,47
27/01/2017,48
28/01/2017,48
29/01/2017,65
30/01/2017,65
31/01/2017,65
01/02/2017,65
02/02/2017,65
03/02/2017,65
04/02/2017,66
05/02/2017,65
06/02/2017,65
07/02/2017,66
08/02/2017,66
09/02/2017,66
10/02/2017,66
11/02/2017,66
12/02/2017,79
13/02/2017,79
14/02/2017,80
15/02/2017,80
16/02/2017,80
17/02/2017,80
18/02/2017,80
19/02/2017,58
20/02/2017,57
21/02/2017,56
22/02/2017,56
23/02/2017,56
24/02/2017,56
25/02/2017,56
26/02/2017,54
27/02/2017,54
28/02/2017,54
01/03/2017,54
02/03/2017,54
03/03/2017,54
04/03/2017,54
05/03/2017,60
06/03/2017,68
07/03/2017,69
08/03/2017,70
09/03/2017,72
10/03/2017,78
11/03/2017,86
12/03/2017,85
13/03/2017,85
14/03/2017,85
15/03/2017,85
16/03/2017,86
17/03/2017,86
18/03/2017,86
19/03/2017,97
20/03/2017,97
21/03/2017,97
22/03/2017,97
23/03/2017,97
24/03/2017,99
25/03/2017,99
26/03/2017,144
27/03/2017,144
28/03/2017,144
29/03/2017,144
30/03/2017,144
31/03/2017,144
01/04/2017,146
02/04/2017,157
03/04/2017,157
04/04/2017,157
05/04/2017,157
06/04/2017,157
07/04/2017,157
08/04/2017,160
09/04/2017,166
10/04/2017,166
11/04/2017,166
12/04/2017,166
13/04/2017,166
14/04/2017,166
15/04/2017,166
16/04/2017,170
17/04/2017,170
18/04/2017,170
19/04/2017,170
20/04/2017,170
21/04/2017,170
22/04/2017,170
23/04/2017,138
24/04/2017,137
25/04/2017,137
26/04/2017,137
27/04/2017,137
28/04/2017,137
29/04/2017,137
30/04/2017,99
01/05/2017,98
02/05/2017,98
03/05/2017,98
04/05/2017,98
05/05/2017,97
06/05/2017,97
07/05/2017,85
08/05/2017,85
09/05/2017,85
10/05/2017,84
11/05/2017,84
12/05/2017,84
13/05/2017,84
14/05/2017,54
15/05/2017,52
16/05/2017,51
17/05/2017,51
18/05/2017,51
19/05/2017,51
20/05/2017,51
21/05/2017,35
22/05/2017,34
23/05/2017,33
24/05/2017,33
25/05/2017,33
26/05/2017,33
27/05/2017,33
28/05/2017,29
29/05/2017,29
30/05/2017,29
31/05/2017,29
01/06/2017,28
02/06/2017,28
03/06/2017,28
04/06/2017,16
05/06/2017,16
06/06/2017,16
07/06/2017,15
08/06/2017,15
09/06/2017,15
10/06/2017,15
11/06/2017,11
12/06/2017,11
13/06/2017,10
14/06/2017,10
15/06/2017,10
16/06/2017,10
17/06/2017,10
18/06/2017,10
19/06/2017,10
20/06/2017,12
21/06/2017,13
22/06/2017,13
23/06/2017,11
24/06/2017,11
25/06/2017,9
26/06/2017,9
27/06/2017,9
28/06/2017,9
29/06/2017,8
30/06/2017,8
01/07/2017,8
02/07/2017,8
03/07/2017,8
04/07/2017,7
05/07/2017,7
06/07/2017,7
07/07/2017,7
08/07/2017,7
09/07/2017,7
10/07/2017,8
11/07/2017,8
12/07/2017,9
13/07/2017,9
14/07/2017,9
15/07/2017,9
16/07/2017,8
17/07/2017,8
18/07/2017,8
19/07/2017,7
20/07/2017,7
21/07/2017,7
22/07/2017,7
23/07/2017,7
24/07/2017,7
25/07/2017,7
26/07/2017,7
27/07/2017,8
28/07/2017,8
29/07/2017,8
30/07/2017,6
31/07/2017,6
01/08/2017,6
02/08/2017,6
03/08/2017,6
04/08/2017,6
05/08/2017,5
06/08/2017,6
07/08/2017,5
08/08/2017,5
09/08/2017,6
10/08/2017,5
11/08/2017,6
12/08/2017,5
13/08/2017,4
14/08/2017,3
15/08/2017,3
16/08/2017,3
17/08/2017,3
18/08/2017,3
19/08/2017,3
20/08/2017,3
21/08/2017,3
22/08/2017,3
23/08/2017,4
24/08/2017,3
25/08/2017,3
26/08/2017,3
27/08/2017,3
28/08/2017,3
29/08/2017,3
30/08/2017,3
31/08/2017,3
01/09/2017,3
02/09/2017,2
03/09/2017,2
04/09/2017,2
05/09/2017,3
06/09/2017,3
07/09/2017,3
08/09/2017,2
09/09/2017,2
10/09/2017,3
11/09/2017,3
12/09/2017,2
13/09/2017,3
14/09/2017,3
15/09/2017,3
16/09/2017,3
17/09/2017,3
18/09/2017,3
19/09/2017,2
20/09/2017,2
21/09/2017,2
22/09/2017,2
23/09/2017,3
24/09/2017,3
25/09/2017,3
26/09/2017,2
27/09/2017,2
28/09/2017,2
29/09/2017,2
30/09/2017,2
01/10/2017,2
02/10/2017,2
03/10/2017,2
04/10/2017,2
05/10/2017,2
06/10/2017,2
07/10/2017,3
08/10/2017,3
09/10/2017,2
10/10/2017,2
11/10/2017,2
12/10/2017,2
13/10/2017,1
14/10/2017,1
15/10/2017,1
16/10/2017,1
17/10/2017,1
18/10/2017,1
19/10/2017,1
20/10/2017,1
21/10/2017,1
22/10/2017,1
23/10/2017,1
24/10/2017,2
25/10/2017,1
26/10/2017,1
27/10/2017,1
28/10/2017,1
29/10/2017,2
30/10/2017,3
31/10/2017,5
01/11/2017,4
02/11/2017,4
03/11/2017,4
04/11/2017,4
05/11/2017,4
06/11/2017,4
07/11/2017,5
08/11/2017,5
09/11/2017,5
10/11/2017,5
11/11/2017,5
12/11/2017,4
13/11/2017,3
14/11/2017,2
15/11/2017,2
16/11/2017,2
17/11/2017,2
18/11/2017,2
19/11/2017,3
20/11/2017,3
21/11/2017,3
22/11/2017,3
23/11/2017,3
24/11/2017,3
25/11/2017,3
26/11/2017,2
27/11/2017,2
28/11/2017,2
29/11/2017,1
30/11/2017,1
01/12/2017,1
02/12/2017,1
03/12/2017,2
04/12/2017,2
05/12/2017,2
06/12/2017,3
07/12/2017,2
08/12/2017,2
09/12/2017,2
10/12/2017,3
11/12/2017,3
12/12/2017,2
13/12/2017,2
14/12/2017,2
15/12/2017,3
16/12/2017,3
17/12/2017,3
18/12/2017,2
19/12/2017,2
20/12/2017,3
21/12/2017,2
22/12/2017,3
23/12/2017,2
24/12/2017,2
25/12/2017,2
26/12/2017,2
27/12/2017,2
28/12/2017,1
29/12/2017,1
30/12/2017,1
31/12/2017,1
01/01/2018,3
02/01/2018,4
03/01/2018,4
04/01/2018,4
05/01/2018,4
06/01/2018,4
07/01/2018,3
08/01/2018,3
09/01/2018,2
10/01/2018,2
11/01/2018,2
12/01/2018,3
13/01/2018,4
14/01/2018,3
15/01/2018,4
16/01/2018,4
17/01/2018,4
18/01/2018,5
19/01/2018,4
20/01/2018,4
21/01/2018,4
22/01/2018,3
23/01/2018,3
24/01/2018,3
25/01/2018,4
26/01/2018,4
27/01/2018,4
28/01/2018,5
29/01/2018,5
30/01/2018,5
31/01/2018,5
01/02/2018,5
02/02/2018,5
03/02/2018,5
04/02/2018,5
05/02/2018,5
06/02/2018,6
07/02/2018,6
08/02/2018,5
09/02/2018,6
10/02/2018,6
11/02/2018,6
12/02/2018,6
13/02/2018,5
14/02/2018,6
15/02/2018,6
16/02/2018,6
17/02/2018,6
18/02/2018,6
19/02/2018,6
20/02/2018,6
21/02/2018,6
22/02/2018,6
23/02/2018,6
24/02/2018,7
25/02/2018,7
26/02/2018,8
27/02/2018,8
28/02/2018,8
01/03/2018,8
02/03/2018,8
03/03/2018,8
04/03/2018,7
05/03/2018,6
06/03/2018,6
07/03/2018,6
08/03/2018,6
09/03/2018,6
10/03/2018,7
11/03/2018,8
12/03/2018,8
13/03/2018,8
14/03/2018,9
15/03/2018,9
16/03/2018,9
17/03/2018,9
18/03/2018,10
19/03/2018,9
20/03/2018,9
21/03/2018,9
22/03/2018,9
23/03/2018,10
24/03/2018,11
25/03/2018,11
26/03/2018,12
27/03/2018,12
28/03/2018,12
29/03/2018,12
30/03/2018,13
31/03/2018,13
01/04/2018,13
02/04/2018,14
03/04/2018,14
04/04/2018,14
05/04/2018,14
06/04/2018,14
07/04/2018,14
08/04/2018,16
09/04/2018,17
10/04/2018,18
11/04/2018,18
12/04/2018,19
13/04/2018,19
14/04/2018,19
15/04/2018,19
16/04/2018,17
17/04/2018,14
18/04/2018,13
19/04/2018,13
20/04/2018,13
21/04/2018,12
22/04/2018,11
23/04/2018,10
24/04/2018,10
25/04/2018,9
26/04/2018,8
27/04/2018,8
28/04/2018,8
29/04/2018,8
30/04/2018,7
01/05/2018,7
02/05/2018,6
03/05/2018,6
04/05/2018,6
05/05/2018,5
06/05/2018,4
07/05/2018,3
08/05/2018,4
09/05/2018,4
10/05/2018,3
11/05/2018,4
12/05/2018,4
13/05/2018,4
14/05/2018,4
15/05/2018,4
16/05/2018,4
17/05/2018,4
18/05/2018,3
19/05/2018,3
20/05/2018,4
21/05/2018,4
22/05/2018,4
23/05/2018,4
24/05/2018,4
25/05/2018,4
26/05/2018,3
27/05/2018,3
28/05/2018,3
29/05/2018,2
30/05/2018,2
31/05/2018,2
01/06/2018,2
02/06/2018,1
03/06/2018,1
04/06/2018,3
05/06/2018,3
06/06/2018,3
07/06/2018,4
08/06/2018,4
09/06/2018,3
10/06/2018,3
11/06/2018,3
12/06/2018,2
13/06/2018,2
14/06/2018,2
15/06/2018,3
16/06/2018,3
17/06/2018,3
18/06/2018,2
19/06/2018,2
20/06/2018,2
21/06/2018,2
22/06/2018,2
23/06/2018,2
24/06/2018,3
25/06/2018,2
26/06/2018,2
27/06/2018,2
28/06/2018,2
29/06/2018,2
30/06/2018,2
01/07/2018,2
02/07/2018,3
03/07/2018,3
04/07/2018,3
05/07/2018,3
06/07/2018,3
07/07/2018,3
08/07/2018,1
09/07/2018,1
10/07/2018,1
11/07/2018,1
12/07/2018,1
13/07/2018,1
14/07/2018,2
15/07/2018,2
16/07/2018,2
17/07/2018,2
18/07/2018,1
19/07/2018,1
20/07/2018,1
21/07/2018,2
22/07/2018,3
23/07/2018,2
24/07/2018,2
25/07/2018,2
26/07/2018,2
27/07/2018,2
28/07/2018,2
29/07/2018,3
30/07/2018,2
31/07/2018,2
01/08/2018,2
02/08/2018,2
03/08/2018,2
04/08/2018,2
05/08/2018,2
06/08/2018,2
07/08/2018,2
08/08/2018,2
09/08/2018,2
10/08/2018,2
11/08/2018,2
12/08/2018,2
13/08/2018,2
14/08/2018,2
15/08/2018,2
16/08/2018,2
17/08/2018,2
18/08/2018,2
19/08/2018,1
20/08/2018,1
21/08/2018,2
22/08/2018,2
23/08/2018,2
24/08/2018,2
25/08/2018,2
26/08/2018,1
27/08/2018,1
28/08/2018,1
29/08/2018,1
30/08/2018,1
31/08/2018,1
01/09/2018,1
02/09/2018,1
03/09/2018,1
04/09/2018,1
05/09/2018,1
06/09/2018,1
07/09/2018,1
08/09/2018,2
09/09/2018,2
10/09/2018,2
11/09/2018,1
12/09/2018,1
13/09/2018,1
14/09/2018,1
15/09/2018,2
16/09/2018,3
17/09/2018,2
18/09/2018,2
19/09/2018,1
20/09/2018,1
21/09/2018,1
22/09/2018,1
23/09/2018,1
24/09/2018,1
25/09/2018,1
26/09/2018,1
27/09/2018,0
28/09/2018,0
29/09/2018,0
30/09/2018,0
01/10/2018,1
02/10/2018,1
03/10/2018,1
04/10/2018,1
05/10/2018,1
06/10/2018,0
07/10/2018,0
08/10/2018,1
09/10/2018,1
10/10/2018,1
11/10/2018,1
12/10/2018,1
13/10/2018,1
14/10/2018,1
15/10/2018,1
16/10/2018,1
17/10/2018,1
18/10/2018,0
19/10/2018,1
20/10/2018,1
21/10/2018,1
22/10/2018,2
23/10/2018,1
24/10/2018,1
25/10/2018,1
26/10/2018,2
27/10/2018,3
28/10/2018,3
29/10/2018,2
30/10/2018,1
31/10/2018,1
01/11/2018,0
02/11/2018,0
03/11/2018,0
04/11/2018,0
05/11/2018,1
06/11/2018,1
07/11/2018,1
08/11/2018,1
09/11/2018,1
10/11/2018,2
11/11/2018,3
12/11/2018,1
13/11/2018,1
14/11/2018,1
15/11/2018,1
16/11/2018,1
17/11/2018,1
18/11/2018,1
19/11/2018,1
20/11/2018,2
21/11/2018,2
22/11/2018,2
23/11/2018,1
24/11/2018,1
25/11/2018,2
26/11/2018,1
27/11/2018,1
28/11/2018,1
29/11/2018,0
30/11/2018,0
01/12/2018,0
02/12/2018,1
03/12/2018,1
04/12/2018,1
05/12/2018,2
06/12/2018,2
07/12/2018,2
08/12/2018,2
09/12/2018,2
10/12/2018,2
11/12/2018,2
12/12/2018,1
13/12/2018,1
14/12/2018,1
15/12/2018,2
16/12/2018,2
17/12/2018,2
18/12/2018,2
19/12/2018,2
20/12/2018,2
21/12/2018,1
22/12/2018,1
23/12/2018,2
24/12/2018,2
25/12/2018,1
26/12/2018,1
27/12/2018,1
28/12/2018,1
29/12/2018,2
30/12/2018,3
31/12/2018,3
01/01/2019,4
02/01/2019,4
03/01/2019,6
04/01/2019,6
05/01/2019,5
06/01/2019,4
07/01/2019,4
08/01/2019,3
09/01/2019,2
10/01/2019,2
11/01/2019,1
12/01/2019,1
13/01/2019,1
14/01/2019,2
15/01/2019,3
16/01/2019,3
17/01/2019,3
18/01/2019,3
19/01/2019,4
20/01/2019,5
21/01/2019,6
22/01/2019,5
23/01/2019,4
24/01/2019,3
25/01/2019,2
26/01/2019,2
27/01/2019,2
28/01/2019,3
29/01/2019,4
30/01/2019,4
31/01/2019,4
01/02/2019,4
02/02/2019,5
03/02/2019,5
04/02/2019,5
05/02/2019,4
06/02/2019,4
07/02/2019,4
08/02/2019,4
09/02/2019,4
10/02/2019,4
11/02/2019,3
12/02/2019,3
13/02/2019,4
14/02/2019,4
15/02/2019,4
16/02/2019,3
17/02/2019,3
18/02/2019,5
19/02/2019,5
20/02/2019,4
21/02/2019,4
22/02/2019,4
23/02/2019,4
24/02/2019,4
25/02/2019,5
26/02/2019,5
27/02/2019,5
28/02/2019,5
01/03/2019,5
02/03/2019,5
03/03/2019,5
04/03/2019,5
05/03/2019,6
06/03/2019,8
07/03/2019,9
08/03/2019,10
09/03/2019,11
10/03/2019,12
11/03/2019,16
12/03/2019,15
13/03/2019,14
14/03/2019,14
15/03/2019,14
16/03/2019,14
17/03/2019,13
18/03/2019,12
19/03/2019,12
20/03/2019,12
21/03/2019,12
22/03/2019,12
23/03/2019,12
24/03/2019,12
25/03/2019,12
26/03/2019,16
27/03/2019,18
28/03/2019,22
29/03/2019,22
30/03/2019,22
31/03/2019,22
01/04/2019,22
02/04/2019,24
03/04/2019,26
04/04/2019,25
05/04/2019,25
06/04/2019,25
07/04/2019,26
08/04/2019,28
09/04/2019,26
10/04/2019,24
11/04/2019,24
12/04/2019,24
13/04/2019,24
14/04/2019,24
15/04/2019,22
16/04/2019,20
17/04/2019,18
18/04/2019,12
19/04/2019,12
20/04/2019,12
21/04/2019,12
22/04/2019,13
23/04/2019,16
24/04/2019,19
25/04/2019,22
26/04/2019,24
27/04/2019,26
28/04/2019,28
29/04/2019,25
30/04/2019,20
01/05/2019,20
02/05/2019,20
03/05/2019,20
04/05/2019,20
05/05/2019,19
06/05/2019,17
07/05/2019,17
08/05/2019,17
09/05/2019,17
10/05/2019,17
11/05/2019,17
12/05/2019,17
13/05/2019,17
14/05/2019,20
15/05/2019,22
16/05/2019,23
17/05/2019,23
18/05/2019,23
19/05/2019,23
20/05/2019,24
21/05/2019,22
22/05/2019,20
23/05/2019,18
24/05/2019,18
25/05/2019,16
26/05/2019,17
27/05/2019,17
28/05/2019,15
29/05/2019,14
30/05/2019,12
31/05/2019,13
01/06/2019,14
02/06/2019,15
03/06/2019,14
04/06/2019,15
05/06/2019,15
06/06/2019,15
07/06/2019,15
08/06/2019,15
09/06/2019,15
10/06/2019,15
11/06/2019,15
12/06/2019,14
13/06/2019,14
14/06/2019,14
15/06/2019,14
16/06/2019,15
17/06/2019,15
18/06/2019,15
19/06/2019,16
20/06/2019,16
21/06/2019,16
22/06/2019,17
23/06/2019,17
24/06/2019,16
25/06/2019,15
26/06/2019,14
27/06/2019,14
28/06/2019,14
29/06/2019,13
30/06/2019,13
01/07/2019,14
02/07/2019,16
03/07/2019,16
04/07/2019,16
05/07/2019,16
06/07/2019,16
07/07/2019,16
08/07/2019,16
09/07/2019,17
10/07/2019,17
11/07/2019,17
12/07/2019,17
13/07/2019,17
14/07/2019,18
15/07/2019,21
16/07/2019,16
17/07/2019,16
18/07/2019,14
19/07/2019,13
20/07/2019,13
21/07/2019,13
22/07/2019,15
23/07/2019,14
24/07/2019,14
25/07/2019,14
26/07/2019,14
27/07/2019,14
28/07/2019,14
29/07/2019,16
30/07/2019,15
31/07/2019,15
01/08/2019,15
02/08/2019,16
03/08/2019,16
04/08/2019,16
05/08/2019,16
06/08/2019,14
07/08/2019,12
08/08/2019,12
09/08/2019,12
10/08/2019,12
11/08/2019,11
12/08/2019,11
13/08/2019,10
14/08/2019,10
15/08/2019,10
16/08/2019,10
17/08/2019,10
18/08/2019,9
19/08/2019,9
20/08/2019,9
21/08/2019,9
22/08/2019,9
23/08/2019,9
24/08/2019,10
25/08/2019,10
26/08/2019,10
27/08/2019,10
28/08/2019,10
29/08/2019,10
30/08/2019,10
31/08/2019,10
01/09/2019,11
02/09/2019,12
03/09/2019,11
04/09/2019,10
05/09/2019,10
06/09/2019,10
07/09/2019,10
08/09/2019,10
09/09/2019,9
10/09/2019,8
11/09/2019,8
12/09/2019,8
13/09/2019,9
14/09/2019,9
15/09/2019,9
16/09/2019,9
17/09/2019,9
18/09/2019,9
19/09/2019,9
20/09/2019,8
21/09/2019,8
22/09/2019,9
23/09/2019,9
24/09/2019,8
25/09/2019,8
26/09/2019,9
27/09/2019,9
28/09/2019,8
29/09/2019,9
30/09/2019,8
01/10/2019,8
02/10/2019,8
03/10/2019,8
04/10/2019,8
05/10/2019,8
06/10/2019,8
07/10/2019,8
08/10/2019,4
09/10/2019,4
10/10/2019,4
11/10/2019,4
12/10/2019,4
13/10/2019,4
14/10/2019,4
15/10/2019,5
16/10/2019,5
17/10/2019,5
18/10/2019,4
19/10/2019,4
20/10/2019,4
21/10/2019,4
22/10/2019,4
23/10/2019,4
24/10/2019,4
25/10/2019,4
26/10/2019,5
27/10/2019,6
28/10/2019,7
29/10/2019,6
30/10/2019,6
31/10/2019,6
01/11/2019,5
02/11/2019,5
03/11/2019,5
04/11/2019,5
05/11/2019,6
06/11/2019,6
07/11/2019,7
08/11/2019,8
09/11/2019,8
10/11/2019,8
11/11/2019,9
12/11/2019,8
13/11/2019,7
14/11/2019,7
15/11/2019,5
16/11/2019,5
17/11/2019,4
18/11/2019,5
19/11/2019,6
20/11/2019,6
21/11/2019,6
22/11/2019,6
23/11/2019,7
24/11/2019,7
25/11/2019,8
26/11/2019,8
27/11/2019,7
28/11/2019,6
29/11/2019,5
30/11/2019,5
01/12/2019,5
02/12/2019,7
03/12/2019,7
04/12/2019,7
05/12/2019,7
06/12/2019,7
07/12/2019,7
08/12/2019,8
09/12/2019,8
10/12/2019,6
11/12/2019,5
12/12/2019,4
13/12/2019,4
14/12/2019,4
15/12/2019,4
16/12/2019,5
17/12/2019,5
18/12/2019,5
19/12/2019,5
20/12/2019,5
21/12/2019,6
22/12/2019,6
23/12/2019,5
24/12/2019,4
25/12/2019,3
26/12/2019,3
27/12/2019,3
28/12/2019,3
29/12/2019,2
30/12/2019,3
31/12/2019,2
01/01/2020,4
02/01/2020,4
03/01/2020,4
04/01/2020,4
05/01/2020,5
06/01/2020,4
07/01/2020,4
08/01/2020,8
09/01/2020,8
10/01/2020,9
11/01/2020,9
12/01/2020,9
13/01/2020,9
14/01/2020,10
15/01/2020,10
16/01/2020,10
17/01/2020,10
18/01/2020,11
19/01/2020,10
20/01/2020,10
21/01/2020,11
22/01/2020,9
23/01/2020,9
24/01/2020,9
25/01/2020,9
26/01/2020,9
27/01/2020,9
28/01/2020,9
29/01/2020,11
30/01/2020,12
31/01/2020,13
01/02/2020,13
02/02/2020,13
03/02/2020,13
04/02/2020,12
05/02/2020,20
06/02/2020,20
07/02/2020,23
08/02/2020,24
09/02/2020,26
10/02/2020,28
11/02/2020,31
12/02/2020,29
13/02/2020,28
14/02/2020,28
15/02/2020,28
16/02/2020,28
17/02/2020,28
18/02/2020,27
19/02/2020,28
20/02/2020,28
21/02/2020,29
22/02/2020,29
23/02/2020,29
24/02/2020,29
25/02/2020,29
26/02/2020,34
27/02/2020,38
28/02/2020,40
29/02/2020,40
01/03/2020,40
02/03/2020,40
03/03/2020,39
04/03/2020,51
05/03/2020,51
06/03/2020,51
07/03/2020,51
08/03/2020,52
09/03/2020,53
10/03/2020,52
11/03/2020,49
12/03/2020,49
13/03/2020,49
14/03/2020,49
15/03/2020,46
16/03/2020,46
17/03/2020,49
18/03/2020,24
19/03/2020,24
20/03/2020,24
21/03/2020,24
22/03/2020,26
23/03/2020,26
24/03/2020,26
25/03/2020,20
26/03/2020,20
27/03/2020,21
28/03/2020,20
29/03/2020,20
30/03/2020,20
31/03/2020,21
01/04/2020,32
02/04/2020,32
03/04/2020,32
04/04/2020,32
05/04/2020,32
06/04/2020,34
07/04/2020,34
08/04/2020,34
09/04/2020,34
10/04/2020,34
11/04/2020,35
12/04/2020,35
13/04/2020,35
14/04/2020,35
15/04/2020,39
16/04/2020,44
17/04/2020,44
18/04/2020,46
19/04/2020,49
20/04/2020,52
21/04/2020,51
22/04/2020,51
23/04/2020,51
24/04/2020,51
25/04/2020,52
26/04/2020,51
27/04/2020,51
28/04/2020,51
29/04/2020,48
30/04/2020,47
01/05/2020,47
02/05/2020,48
03/05/2020,47
04/05/2020,47
05/05/2020,48
06/05/2020,44
07/05/2020,40
08/05/2020,38
09/05/2020,36
10/05/2020,34
11/05/2020,32
12/05/2020,30
13/05/2020,28
14/05/2020,26
15/05/2020,26
16/05/2020,26
17/05/2020,26
18/05/2020,26
19/05/2020,24
20/05/2020,24
21/05/2020,24
22/05/2020,24
23/05/2020,24
24/05/2020,24
25/05/2020,24
26/05/2020,24
27/05/2020,20
28/05/2020,18
29/05/2020,18
30/05/2020,18
31/05/2020,18
01/06/2020,18
02/06/2020,17
03/06/2020,17
04/06/2020,18
05/06/2020,19
06/06/2020,19
07/06/2020,19
08/06/2020,19
09/06/2020,21
10/06/2020,20
11/06/2020,17
12/06/2020,14
13/06/2020,14
14/06/2020,14
15/06/2020,14
16/06/2020,14
17/06/2020,10
18/06/2020,8
19/06/2020,4
20/06/2020,4
21/06/2020,4
22/06/2020,4
23/06/2020,4
24/06/2020,0
25/06/2020,0
26/06/2020,0
