,Ano,Semana,Precipitacao,TempMaxima,TempMinima,Insolacao,Evaporacao,TempMedia,Umidade,VelVento
0,2007,1,20.4,215.10000000000002,138.89999999999998,48.2,34.6,168.76,387.5,14.800360000000001
1,2007,2,5.3,254.8,162.9,51.1,47.300000000000004,200.5,413.0,11.266668000000001
2,2007,3,0.5,260.90000000000003,158.9,54.800000000000004,60.900000000000006,206.22,364.75,17.366667000000003
3,2007,4,0.0,259.29999999999995,162.1,66.8,66.0,203.62,396.5,16.01444
4,2007,5,2.6999999999999997,254.39999999999998,169.5,41.9,54.099999999999994,200.4,470.5,19.366667
5,2007,6,58.1,235.89999999999998,165.1,34.5,23.6,191.06000000000003,534.75,11.899999
6,2007,7,75.30000000000001,219.8,158.5,27.5,19.5,181.04,612.75,9.066666999999999
7,2007,8,84.19999999999999,213.2,155.10000000000002,32.8,12.700000000000001,176.98,605.0,3.699999
8,2007,9,24.300000000000004,222.5,157.9,50.699999999999996,17.099999999999998,182.92000000000002,586.0,8.033332999999999
9,2007,10,22.4,223.9,158.7,44.4,18.1,184.11999999999998,583.75,8.533334
10,2007,11,39.1,218.10000000000002,154.10000000000002,35.5,14.6,179.34,596.25,6.099999
11,2007,12,88.19999999999999,221.99999999999997,155.10000000000002,40.7,11.0,181.22000000000003,612.5,6.366667
12,2007,13,18.4,226.59999999999997,156.6,52.6,19.6,186.6,535.25,8.966667000000001
13,2007,14,36.0,228.50000000000003,159.60000000000002,53.7,17.3,186.78,555.75,7.766666000000001
14,2007,15,36.300000000000004,222.4,161.3,43.5,15.6,186.6,570.75,12.600001
15,2007,16,80.6,211.7,160.10000000000002,27.499999999999996,12.299999999999999,181.18,627.5,2.599999
16,2007,17,59.400000000000006,216.4,157.4,36.6,8.299999999999999,179.02,628.25,7.366666
17,2007,18,44.7,218.9,156.9,48.99999999999999,13.0,181.98000000000002,592.25,10.199999
18,2007,19,1.6,222.2,157.5,47.5,16.299999999999997,184.04,570.75,7.966666
19,2007,20,6.8,225.60000000000002,150.20000000000002,60.900000000000006,16.9,181.88,549.75,5.566666000000001
20,2007,21,20.5,232.0,155.4,55.8,15.399999999999999,185.5,554.75,6.366665999999999
21,2007,22,5.3,235.7,147.79999999999998,68.0,23.200000000000003,184.66,509.25,5.904814
22,2007,23,5.8,235.0,152.20000000000002,51.699999999999996,23.9,184.88,541.25,8.199998999999998
23,2007,24,0.2,235.5,144.5,57.8,31.6,182.42,484.25,7.466666
24,2007,25,9.8,238.3,143.3,58.599999999999994,39.0,184.07999999999998,430.5,11.000001000000001
25,2007,26,5.0,240.0,140.9,58.2,35.00000000000001,185.22,440.0,7.581108
26,2007,27,0.0,245.89999999999998,145.0,67.4,48.599999999999994,190.5,449.0,7.85
27,2007,28,0.6,241.8,147.6,53.599999999999994,51.800000000000004,189.55999999999997,492.0,9.85
28,2007,29,2.1,249.5,145.3,64.8,54.300000000000004,188.58,489.0,8.75
29,2007,30,0.0,244.3,145.0,56.6,55.2,188.54000000000002,480.0,6.1
30,2007,31,0.0,248.6,148.60000000000002,66.7,71.6,194.35999999999996,385.25,8.983334
31,2007,32,0.0,251.3,146.5,69.8,75.5,195.08,379.0,12.933333000000001
32,2007,33,0.0,250.7,143.3,68.9,82.60000000000001,195.01999999999998,351.5,11.200000000000001
33,2007,34,0.0,253.00000000000003,151.70000000000002,68.80000000000001,67.3,194.28,393.25,17.600001
34,2007,35,0.0,253.4,149.2,70.6,83.0,194.00000000000003,371.25,17.138507
35,2007,36,0.0,250.20000000000002,145.3,62.800000000000004,75.4,193.7,372.5,19.033334
36,2007,37,0.0,257.09999999999997,152.8,73.5,83.0,199.32,348.5,12.533334
37,2007,38,0.0,258.1,151.1,65.2,77.49999999999999,196.27999999999997,379.25,19.033334
38,2007,39,0.0,258.5,152.00000000000003,70.60000000000001,76.3,197.18000000000004,354.0,14.638506
39,2007,40,0.0,258.2,151.2,69.9,83.1,196.96,351.25,16.733333000000002
40,2007,41,0.0,260.0,157.7,71.0,78.5,198.39999999999998,378.25,15.533332999999999
41,2007,42,0.0,258.59999999999997,152.0,65.3,81.6,196.34,387.0,16.233334
42,2007,43,0.0,259.2,156.10000000000002,73.9,80.6,200.06,364.75,19.000001
43,2007,44,1.1,263.0,156.0,65.6,75.1,199.44,384.5,16.8
44,2007,45,0.0,263.8,156.99999999999997,74.50000000000001,78.3,201.61999999999998,359.75,15.900001
45,2007,46,0.0,259.8,154.7,71.4,74.2,199.35999999999999,392.25,19.566666
46,2007,47,0.0,260.20000000000005,162.70000000000002,61.7,82.7,201.56,387.5,11.566668000000002
47,2007,48,0.1,257.1,160.90000000000003,57.70000000000001,59.6,199.32,413.0,12.583333999999999
48,2007,49,3.0,254.5,165.70000000000002,56.900000000000006,57.39999999999999,200.46,456.0,18.15
49,2007,50,1.0,251.8,160.79999999999998,43.59999999999999,52.1,197.02,516.0,19.75
50,2007,51,43.0,239.59999999999997,152.7,53.5,44.099999999999994,190.74,537.0,15.200000000000001
51,2007,52,0.0,243.70000000000005,159.9,58.400000000000006,65.5,195.56000000000003,462.0,20.55
52,2007,53,1.6,63.800000000000004,46.5,8.8,16.799999999999997,54.34,141.75,4.983333
53,2008,1,15.7,169.8,116.0,28.8,33.3,137.26,344.75,9.8
54,2008,2,5.6,248.09999999999997,155.3,53.0,62.300000000000004,192.59999999999997,475.25,8.866665999999999
55,2008,3,20.3,226.3,161.9,27.7,32.9,184.8,584.75,8.833333
56,2008,4,56.8,221.90000000000003,159.4,34.099999999999994,36.7,182.88000000000002,582.75,6.200000999999999
57,2008,5,38.4,224.4,161.2,41.4,27.299999999999997,185.16000000000003,591.75,6.133333
58,2008,6,28.400000000000002,237.5,156.00000000000003,66.0,31.4,189.76000000000002,499.0,8.766667
59,2008,7,21.5,233.8,158.8,45.300000000000004,33.2,188.3,545.5,9.166667
60,2008,8,57.800000000000004,229.6,159.20000000000002,40.8,18.2,186.39999999999998,570.25,3.9
61,2008,9,8.6,226.29999999999995,162.8,43.1,22.999999999999996,185.92,568.0,5.6000000000000005
62,2008,10,99.3,217.20000000000002,152.60000000000002,32.39999999999999,12.9,175.84,610.75,5.100001
63,2008,11,13.100000000000001,214.79999999999998,152.29999999999998,40.199999999999996,13.100000000000001,176.64000000000001,611.25,5.033333
64,2008,12,36.5,219.50000000000003,151.0,48.2,13.100000000000001,174.44,602.75,4.566667000000001
65,2008,13,115.89999999999999,215.50000000000003,159.39999999999998,28.7,10.700000000000001,177.48,625.25,4.566666000000001
66,2008,14,118.60000000000001,214.2,155.8,36.900000000000006,12.7,176.2,620.75,3.9666669999999997
67,2008,15,149.1,211.0,155.4,35.0,9.1,176.06,638.75,5.500001000000001
68,2008,16,21.4,216.10000000000002,158.50000000000003,44.2,11.2,180.62,613.5,5.333334
69,2008,17,29.999999999999996,216.4,158.0,41.5,9.7,180.66,614.75,4.966666
70,2008,18,66.4,217.4,159.8,42.7,14.399999999999999,181.24000000000004,604.75,4.933333000000001
71,2008,19,100.39999999999999,217.9,156.29999999999998,44.91181202370872,10.0,178.86,607.0,3.9
72,2008,20,5.000000000000001,209.50000000000003,156.0,29.6,12.3,176.88000000000002,599.5,4.166666
73,2008,21,15.0,218.10000000000002,150.4,57.0,12.899999999999999,178.24,583.5,6.933332999999999
74,2008,22,40.1,217.89999999999998,154.29999999999998,52.599999999999994,15.8,180.0,572.0,6.3666659999999995
75,2008,23,0.1,216.5,150.39999999999998,42.800000000000004,15.9,176.68,573.0,5.066667000000001
76,2008,24,2.5,218.8,153.2,37.7,18.8,179.0,566.75,4.499999
77,2008,25,0.3,223.8,145.6,53.300000000000004,32.9,179.66,509.0,6.333333
78,2008,26,0.0,230.79999999999998,139.3,47.300000000000004,51.69999999999999,182.12,474.0,4.133333
79,2008,27,3.4,231.1,147.60000000000002,44.4,40.5,185.78,499.5,6.8500000000000005
80,2008,28,0.1,234.60000000000002,145.2,55.3,40.199999999999996,185.0,450.0,5.15
81,2008,29,0.8,236.10000000000002,147.9,51.0,27.400000000000002,185.98000000000002,470.0,4.800000000000001
82,2008,30,0.0,246.59999999999997,147.4,60.5,40.7,192.12,487.0,6.0
83,2008,31,1.2,236.09999999999997,147.20000000000002,45.2,51.1,188.85999999999999,466.25,5.016667
84,2008,32,19.6,242.00000000000003,147.1,54.099999999999994,39.800000000000004,186.54000000000002,458.5,14.7
85,2008,33,4.9,246.70000000000002,147.4,69.5,42.400000000000006,191.54000000000002,405.0,9.7
86,2008,34,0.0,252.10000000000002,150.7,62.7,59.400000000000006,194.82,414.25,15.0
87,2008,35,0.0,256.0,150.20000000000002,63.6,59.5,195.24,449.0,19.0
88,2008,36,0.0,252.39999999999998,149.3,68.89999999999999,59.10000000000001,195.04000000000005,458.0,21.75
89,2008,37,0.0,257.40000000000003,157.5,71.39999999999999,74.3,200.7,426.0,24.25
90,2008,38,0.0,260.3,154.3,73.9,88.9,201.20000000000002,413.0,19.5
91,2008,39,0.0,261.9,150.70000000000002,69.6,76.6,198.88000000000002,431.0,29.15
92,2008,40,0.0,260.09999999999997,156.4,62.900000000000006,61.80000000000001,201.45999999999998,499.0,22.0
93,2008,41,0.0,262.99999999999994,154.70000000000002,66.6,78.69999999999999,200.18,364.25,14.833333
94,2008,42,0.0,263.2,158.4,70.10000000000001,89.3,202.25999999999996,371.5,18.366666000000002
95,2008,43,0.0,262.6,158.1,73.6,77.7,202.22,363.0,16.066667000000002
96,2008,44,0.0,267.3,159.00000000000003,73.0,100.1,203.16,356.5,22.266667
97,2008,45,0.0,263.0,157.4,65.6,81.3,200.88,398.75,15.933333
98,2008,46,9.8,257.09999999999997,158.4,63.8,66.2,198.85999999999999,395.5,19.333333
99,2008,47,0.0,261.2,151.8,67.89999999999999,80.5,199.1,393.0,17.066668
100,2008,48,0.0,261.20000000000005,158.7,64.8,104.8,202.46,386.75,20.666667
101,2008,49,0.0,257.70000000000005,163.7,58.5,86.0,202.57999999999998,433.5,20.381467
102,2008,50,0.0,261.79999999999995,163.0,63.3,82.5,201.83999999999997,465.0,24.0
103,2008,51,0.0,258.20000000000005,160.8,59.300000000000004,86.60000000000001,201.79999999999998,481.90768251273346,23.5
104,2008,52,0.3,256.2,158.60000000000002,54.3,82.2,200.68,483.0,19.75
105,2008,53,0.4,149.60000000000002,94.1,32.2,38.5,116.86,256.5,12.083333
106,2009,1,1.0,111.1,70.4,25.1,33.8,86.5,202.25,8.166666
107,2009,2,2.0,259.5,161.1,54.9,84.9,203.01999999999998,395.0,14.233335
108,2009,3,0.0,254.60000000000002,167.99999999999997,52.49999999999999,87.3,202.12,414.25,13.500000000000002
109,2009,4,126.89999999999999,228.29999999999998,161.60000000000002,32.900000000000006,35.3,185.46,579.5,10.133333
110,2009,5,45.800000000000004,224.6,159.8,41.2,31.8,186.33999999999997,553.5,12.366665999999999
111,2009,6,23.4,225.10000000000002,159.8,47.3,27.8,187.0,551.25,8.099999
112,2009,7,6.8,232.10000000000002,159.9,58.81181202370872,40.2,189.51999999999998,521.0,11.166666
113,2009,8,41.6,221.5,156.9,38.4,19.599999999999998,181.94,593.25,9.2
114,2009,9,79.1,213.9,156.1,27.5,14.0,176.64000000000001,632.25,6.733334
115,2009,10,50.400000000000006,210.4,157.9,25.4,11.999999999999998,177.36,623.25,7.800002
116,2009,11,54.0,220.2,161.8,37.0,17.4,182.64,584.5,8.166667
117,2009,12,60.00000000000001,217.0,158.29999999999998,36.2,15.3,179.04,606.0,10.099998999999999
118,2009,13,90.6,212.99999999999997,160.4,27.500000000000004,12.3,179.58000000000004,627.75,5.933333
119,2009,14,89.6,215.0,158.70000000000002,38.5,15.199999999999998,178.4,609.0,7.333333
120,2009,15,91.0,217.5,158.60000000000002,36.49999999999999,15.099999999999998,178.78000000000003,612.0,6.866667
121,2009,16,13.899999999999999,211.0,158.9,28.9,14.3,178.83999999999997,600.0,11.866667
122,2009,17,136.3,215.60000000000002,161.5,32.5,15.899999999999999,179.2,604.75,6.7
123,2009,18,48.6,214.6,159.1,35.9,14.100000000000001,179.76,604.25,7.333334000000001
124,2009,19,89.10000000000001,210.9,158.4,34.9,11.7,176.88,605.25,5.1
125,2009,20,45.8,216.20000000000002,157.49999999999997,41.800000000000004,14.4,178.44,592.5,6.166667
126,2009,21,78.0,210.4,157.60000000000002,26.400000000000002,13.5,178.8,611.5,5.333333
127,2009,22,54.6,212.89999999999998,156.4,34.8,12.8,177.36,600.25,5.533333000000001
128,2009,23,47.6,218.20000000000002,156.1,54.099999999999994,18.2,180.33999999999997,592.5,5.766667
129,2009,24,6.8,213.3,152.8,46.8,17.7,177.23999999999998,581.75,8.599998999999999
130,2009,25,7.4,216.9,150.8,49.900000000000006,19.2,178.1,575.5,6.1333340000000005
131,2009,26,24.3,209.4,147.60000000000002,42.9,16.3,174.54,576.5,6.866668
132,2009,27,0.2,216.7,144.70000000000002,61.4,27.5,174.39999999999998,573.6576825127335,4.1333329999999995
133,2009,28,12.7,213.8,145.4,40.5,15.5,173.20000000000002,600.0,3.0
134,2009,29,11.9,218.7,149.59999999999997,43.5,12.200000000000001,177.66,596.0,3.1
135,2009,30,15.2,216.60000000000002,149.3,50.5,7.499999999999999,176.16,598.0,3.5
136,2009,31,0.0,233.70000000000002,138.2,72.5,36.1,178.2,547.75,3.0999999999999996
137,2009,32,7.2,233.9,139.9,65.30000000000001,51.3,179.86,504.25,12.466668
138,2009,33,3.0,237.60000000000002,142.4,60.30000000000001,39.199999999999996,183.65999999999997,464.75,7.333333
139,2009,34,0.0,247.40000000000003,138.8,71.6,61.3,187.17999999999998,451.75,16.433334
140,2009,35,8.6,239.5,149.3,54.300000000000004,68.49999999999999,185.36,479.75,11.399999999999999
141,2009,36,0.0,252.39999999999998,140.60000000000002,72.39999999999999,84.10000000000001,191.22,412.25,14.966666
142,2009,37,0.0,253.2,142.79999999999998,69.9,77.1,191.57999999999998,408.75,15.333334
143,2009,38,0.0,255.49999999999997,157.0,61.800000000000004,65.60000000000001,195.79999999999998,438.5,21.0
144,2009,39,0.3,256.6,151.60000000000002,64.9,77.50000000000001,195.04,396.5,17.766666
145,2009,40,0.0,259.7,149.2,75.0,90.1,198.21999999999997,377.0,24.733332
146,2009,41,0.0,257.3,150.9,65.3,88.1,194.28,407.25,17.8
147,2009,42,0.0,256.6,147.1,64.8,65.30000000000001,193.7,408.25,16.983334
148,2009,43,0.0,260.4,151.7,60.800000000000004,62.400000000000006,194.16,466.0,14.6
149,2009,44,0.0,220.8,127.2,46.0,50.4216622458002,166.60000000000002,354.5,18.066665999999998
150,2009,45,0.0,261.4,151.9,68.20000000000002,84.19999999999999,198.96,392.0,21.833334
151,2009,46,0.0,258.90000000000003,158.2,61.5,83.39999999999999,199.03999999999996,406.25,22.666667
152,2009,47,0.0,254.79999999999998,153.1,59.51181202370873,85.2,196.68000000000004,398.25,17.900000000000002
153,2009,48,0.0,258.7,147.5,66.9,84.2,196.60000000000002,395.75,22.833334
154,2009,49,0.0,257.59999999999997,157.1,49.0,90.4,200.32,426.25,20.083334
155,2009,50,0.7,257.0,156.89999999999998,54.0,85.3,200.34000000000003,470.0,24.25
156,2009,51,0.6,254.6,159.2,57.5,70.0,200.01999999999998,466.0,25.75
157,2009,52,0.0,256.5,164.8,49.2,76.7,203.82000000000005,428.0,24.0
158,2009,53,0.6,180.5,118.39999999999999,28.899999999999995,48.6,143.5,310.5,17.666667
159,2010,1,0.4,65.2,48.0,3.9,14.100000000000001,54.0,139.25,3.7
160,2010,2,1.6,244.1,156.7,33.7,58.89999999999999,194.01999999999998,461.25,12.533332999999999
161,2010,3,10.7,249.79999999999998,157.5,46.7,55.6,196.56,437.0,12.633332999999999
162,2010,4,57.4,249.10000000000002,158.1,56.400000000000006,56.599999999999994,197.04,437.0,16.066668
163,2010,5,104.60000000000001,238.89999999999998,162.1,48.3,34.8,190.44,531.75,12.533334
164,2010,6,1.9,243.9,164.6,59.5,46.2,199.62,424.25,18.400000000000002
165,2010,7,33.7,226.80000000000004,158.5,27.8,27.400000000000002,186.82,560.5,8.233333
166,2010,8,30.700000000000003,240.4,159.5,61.7,31.800000000000004,194.20000000000002,471.25,16.000001
167,2010,9,0.0,257.2,162.60000000000002,63.400000000000006,56.0,202.12,432.0,12.733334
168,2010,10,1.1,263.1,161.7,66.10000000000001,63.6,202.98000000000002,395.75,16.766667
169,2010,11,0.0,262.4,167.4,59.4,65.3,203.97999999999996,429.5,14.6
170,2010,12,25.7,257.09999999999997,162.89999999999998,54.3,71.3,200.68,440.5,16.533333
171,2010,13,16.5,239.0,166.0,35.8,34.7,193.34000000000003,511.5,9.833333999999999
172,2010,14,92.5,232.69999999999996,165.4,40.0,27.7,188.56,580.5,7.066667000000001
173,2010,15,15.3,227.8,165.79999999999998,42.2,23.5,189.92,557.25,7.566666
174,2010,16,3.1999999999999997,232.2,161.89999999999998,51.1,24.4,190.68000000000004,505.5,11.366666
175,2010,17,40.5,225.70000000000005,164.60000000000002,42.099999999999994,18.9,187.44,562.25,7.1
176,2010,18,19.0,235.89999999999998,158.0,51.599999999999994,32.2,188.92,524.5,9.566667
177,2010,19,23.9,230.59999999999997,161.6,47.8,20.5,187.9,561.5,6.266666999999999
178,2010,20,1.3,239.60000000000002,158.29999999999998,59.80000000000001,29.999999999999996,192.50000000000003,482.0,11.033333
179,2010,21,0.0,252.5,154.7,65.2,55.900000000000006,196.86,438.5,12.366665000000001
180,2010,22,13.9,252.39999999999998,162.1,58.00000000000001,51.5,199.28,441.0,14.633334000000001
181,2010,23,69.5,241.1,161.0,52.800000000000004,52.3,191.62,511.25,10.233333
182,2010,24,0.0,241.79999999999998,149.8,69.3,51.8,191.88000000000002,432.5,10.566666999999999
183,2010,25,3.6,240.3,153.3,52.80000000000001,58.0,194.62,417.25,11.066666
184,2010,26,0.0,252.10000000000002,145.6,68.0,72.69999999999999,195.32000000000002,383.75,13.100000000000001
185,2010,27,0.0,250.20000000000002,151.1,57.099999999999994,77.2,198.15999999999997,403.0,11.75
186,2010,28,8.8,253.0,150.4,58.7,81.1,198.28000000000003,440.0,10.4
187,2010,29,0.0,249.09999999999997,153.9,53.099999999999994,81.1,197.3,460.0,9.45
188,2010,30,0.0,251.8,152.79999999999998,56.400000000000006,80.4,198.61999999999998,453.0,7.35
189,2010,31,0.0,256.7,150.8,67.39999999999999,98.2,200.79999999999998,451.0,8.0
190,2010,32,0.0,256.49999999999994,155.7,62.0,93.3,198.99999999999997,442.25,14.433333999999999
191,2010,33,0.0,254.7,145.2,67.8,95.2,196.14000000000001,423.5,15.8
192,2010,34,0.0,256.2,147.79999999999998,72.10000000000001,97.39999999999999,196.3,458.5,13.166666
193,2010,35,0.0,261.9,157.60000000000002,71.5,98.0,200.56,438.5,17.166666
194,2010,36,0.0,258.6,150.70000000000002,70.0,97.10000000000001,199.32,427.0,15.833334
195,2010,37,0.0,260.20000000000005,152.9,72.3,96.0,197.76000000000002,425.75,19.5
196,2010,38,0.0,263.9,152.2,73.5,106.6,201.02,399.75,17.733334
197,2010,39,0.0,263.1,151.8,73.5,99.0,204.4,355.0,21.500001
198,2010,40,0.0,265.9,157.39999999999998,74.4,104.1,200.66,380.75,20.399999
199,2010,41,0.0,270.1,153.3,73.4,99.39999999999999,200.95999999999998,361.0,19.166667
200,2010,42,0.0,262.3,156.8,65.1,100.0,201.15999999999997,359.25,18.166667
201,2010,43,9.9,256.5,161.39999999999998,51.1,82.89999999999999,197.9,424.75,15.266668000000001
202,2010,44,0.0,260.9,165.60000000000002,58.900000000000006,73.9,200.53999999999996,412.75,10.8
203,2010,45,0.0,266.3,160.7,72.9,95.3,203.84,366.25,23.999999
204,2010,46,0.0,268.8,156.3,74.2,100.19999999999999,205.88000000000002,356.0,17.666666
205,2010,47,0.0,260.4,165.0,57.7,89.3,202.85999999999999,399.0,20.733333
206,2010,48,0.0,262.30000000000007,158.29999999999998,63.9,91.1,201.36,385.25,21.900001
207,2010,49,0.0,261.00000000000006,164.3,59.2,93.5,204.8,404.0,23.75
208,2010,50,0.0,255.50000000000003,163.2,54.099999999999994,81.5,200.54,458.0,25.75
209,2010,51,25.2,230.39999999999998,158.9,20.0,43.4,186.44,565.0,12.5
210,2010,52,9.6,247.3,157.4,57.0,64.0,195.42000000000002,495.0,19.25
211,2010,53,24.4,211.60000000000002,138.9,54.900000000000006,46.5,168.06,415.75,17.25
212,2011,1,0.0,35.9,20.8,10.9,11.2,28.08,52.75,3.0
213,2011,2,54.1,234.6,160.7,47.199999999999996,51.0,189.79999999999998,493.5,13.899999999999999
214,2011,3,44.0,219.0,152.70000000000002,40.8,30.6,181.04,545.5,9.266667
215,2011,4,29.2,209.0,153.3,18.8,20.400000000000002,173.88000000000002,591.0,10.733333
216,2011,5,52.3,211.99999999999997,151.1,38.0,18.5,176.89999999999998,588.0,7.900001
217,2011,6,34.4,227.39999999999998,159.79999999999998,57.0,21.5,185.0,550.0,13.433333000000001
218,2011,7,2.5,225.3,156.7,47.5,18.799999999999997,185.26,535.75,8.133333
219,2011,8,28.299999999999997,218.4,157.8,34.3,17.6,179.22,578.75,8.633334
220,2011,9,59.699999999999996,219.39999999999998,154.6,43.2,13.3,177.9,630.25,7.233332
221,2011,10,70.5,215.9,155.6,43.1,13.999999999999998,176.96,589.75,6.333333
222,2011,11,40.7,213.3,154.2,35.0,8.3,177.88,610.25,3.766666
223,2011,12,71.8,218.8,153.5,46.699999999999996,6.8,178.74,596.0,7.166667
224,2011,13,3.8,224.0,155.1,54.599999999999994,7.5,182.12,574.0,7.966667000000001
225,2011,14,44.8,219.29999999999998,155.6,40.3,5.3,180.2,602.75,7.600001000000001
226,2011,15,100.5,220.1,152.3,49.6,4.1,179.06,577.75,6.333333
227,2011,16,134.8,209.4,154.1,24.5,5.3999999999999995,174.12,610.5,8.800001
228,2011,17,84.1,216.1,155.3,45.0,12.5,178.82000000000002,602.25,5.699999000000001
229,2011,18,20.5,216.40000000000003,158.50000000000003,41.8,15.2,178.24,572.0,7.266667
230,2011,19,14.7,212.8,160.79999999999998,31.2,13.100000000000001,181.94,592.75,6.766666
231,2011,20,49.8,216.8,160.3,41.21181202370872,18.5,182.24,555.75,7.100001000000001
232,2011,21,44.8,216.9,157.8,47.800000000000004,17.5,181.02,577.5,4.3666670000000005
233,2011,22,4.7,215.49999999999997,158.0,53.0,20.4,181.42,554.5,7.666667
234,2011,23,26.0,215.3,146.3,51.300000000000004,18.8,176.98,541.75,3.666666
235,2011,24,4.9,220.29999999999998,150.29999999999998,57.099999999999994,23.999999999999996,179.18,547.25,9.233333
236,2011,25,0.2,224.2,143.9,59.5,37.5,180.20000000000002,521.25,9.033332
237,2011,26,28.9,219.4,149.5,46.5,25.4,179.34,543.5,6.666666
238,2011,27,1.5,225.8,148.4,59.4,32.1,180.82000000000002,532.75,6.8833329999999995
239,2011,28,15.0,214.2,151.29999999999998,43.2,36.10000000000001,178.3,595.0,6.400000000000001
240,2011,29,15.0,213.7,150.3,43.49999999999999,34.699999999999996,177.06,557.9076825127335,3.8
241,2011,30,20.7,230.00000000000003,146.20000000000002,60.99999999999999,36.9,183.48000000000002,510.90768251273346,4.05
242,2011,31,0.0,231.5,141.2,58.400000000000006,61.6,184.17999999999998,477.90768251273346,6.250000000000001
243,2011,32,0.0,243.9,143.6,61.19999999999999,57.3,186.9,452.75,8.866665
244,2011,33,0.4,246.5,147.4,69.6,68.5,191.5,420.0,14.299999000000001
245,2011,34,0.0,249.10000000000002,143.3,67.9,76.6,190.6,392.75,12.066666
246,2011,35,6.7,240.79999999999998,150.5,60.400000000000006,79.8,190.05999999999997,414.75,17.333334
247,2011,36,0.0,251.2,144.9,66.00000000000001,84.4,191.2,399.75,17.933332999999998
248,2011,37,0.0,253.8,143.7,68.7,80.4216622458002,193.92000000000002,455.0,22.666667
249,2011,38,0.0,254.49999999999997,149.60000000000002,66.5,86.9,196.62,464.0,22.75
250,2011,39,0.0,260.2,149.29999999999998,72.2,90.5,197.54,468.0,22.75
251,2011,40,0.0,261.0,152.8,68.9,88.6,198.51999999999998,481.75,27.25
252,2011,41,0.0,262.0,155.5,69.0,98.5,199.21999999999997,398.25,22.0
253,2011,42,0.0,256.40000000000003,160.6,56.00000000000001,84.3,197.1,419.75,14.233334000000001
254,2011,43,41.0,243.8,160.0,36.4,53.7,191.46,483.75,12.833334
255,2011,44,0.0,251.3,156.3,67.4,79.5,195.66,408.25,15.433333000000001
256,2011,45,0.2,244.60000000000002,151.79999999999998,56.2,64.60000000000001,192.62,437.0,17.5
257,2011,46,0.0,256.7,151.4,67.0,84.30000000000001,197.35999999999999,383.75,17.9
258,2011,47,0.0,257.8,147.9,70.39999999999999,84.80000000000001,196.46,388.75,21.233333
259,2011,48,0.0,255.8,151.0,56.49999999999999,81.7,196.58,404.25,15.466667000000001
260,2011,49,0.0,257.09999999999997,156.8,58.9,73.0,196.36,440.75,16.933333
261,2011,50,0.0,256.09999999999997,147.4,67.80000000000001,88.2,197.51999999999998,458.0,30.75
262,2011,51,0.0,256.5,152.20000000000002,66.50000000000001,82.4,196.22,478.90768251273346,21.0
263,2011,52,0.0,259.7,161.5,58.69999999999999,86.3,200.48,492.0,30.25
264,2011,53,0.0,258.7,159.9,60.099999999999994,83.4,200.6,478.25,21.333333
265,2012,1,0.0,255.9,161.5,61.8,87.6,200.0,415.75,21.999999
266,2012,2,0.0,259.59999999999997,157.79999999999998,65.5,96.69999999999999,201.58,391.25,18.5
267,2012,3,73.2,237.7,160.3,31.9,55.7,189.52,492.75,13.166667
268,2012,4,31.4,232.9,159.2,34.9,44.1,188.52,494.5,8.466667
269,2012,5,0.8,244.7,156.70000000000002,69.2,69.5,194.54000000000002,409.5,18.333332
270,2012,6,1.8,248.9,159.0,48.800000000000004,81.8,195.90000000000003,417.0,16.8
271,2012,7,5.800000000000001,232.5,159.9,27.799999999999997,47.1,185.82,512.5,13.100001
272,2012,8,80.5,234.59999999999997,151.50000000000003,55.2,33.199999999999996,182.6,544.25,9.419252
273,2012,9,7.300000000000001,226.4,152.0,55.900000000000006,35.6,183.3,524.25,8.333333999999999
274,2012,10,0.4,234.39999999999998,157.2,56.81181202370872,45.9,188.00000000000003,520.5,11.681106
275,2012,11,19.3,235.59999999999997,158.9,42.611812023708715,35.6,188.6,496.5,10.733334000000001
276,2012,12,45.79999999999999,230.3,153.60000000000002,40.4,41.0,185.18,564.75,6.933332999999999
277,2012,13,124.6,222.5,157.2,32.5,24.8,182.60000000000002,555.75,13.633334000000001
278,2012,14,8.6,231.39999999999998,157.39999999999998,49.3,26.699999999999996,188.07999999999998,554.5,6.900001
279,2012,15,2.8,238.79999999999998,157.1,54.099999999999994,42.9,191.12,464.0,8.533334
280,2012,16,23.2,222.99999999999997,157.7,32.300000000000004,21.1,181.98000000000002,598.0,6.066667
281,2012,17,15.600000000000001,237.59999999999997,156.5,55.71181202370873,29.5,189.4,504.25,10.466667999999999
282,2012,18,0.0,245.3,150.6,62.3,53.900000000000006,192.0,447.0,11.533334
283,2012,19,0.0,250.7,155.20000000000002,53.800000000000004,62.19999999999999,195.16,420.75,16.433332999999998
284,2012,20,0.2,253.2,159.9,61.6,58.9,195.76,424.75,18.066667
285,2012,21,6.9,241.09999999999997,149.29999999999998,52.50000000000001,58.800000000000004,188.5,460.25,7.100000999999999
286,2012,22,0.0,250.8,151.0,59.0,50.800000000000004,194.82,396.5,12.699999
287,2012,23,0.0,245.8,151.00000000000003,43.699999999999996,66.0,193.70000000000002,434.25,18.033333
288,2012,24,0.0,252.10000000000002,148.1,57.5,77.5,194.89999999999998,396.5,15.566666
289,2012,25,0.1,250.5,154.00000000000003,52.8,64.1,192.74,454.0,14.666666
290,2012,26,0.0,249.5,149.3,60.2,69.6,194.64,400.25,15.2
291,2012,27,0.0,245.19999999999996,154.2,47.8,85.8,195.3,424.0,6.0
292,2012,28,0.0,252.7,154.7,56.099999999999994,81.6,195.34000000000003,463.0,7.65
293,2012,29,0.0,248.7,150.10000000000002,50.099999999999994,78.7,192.60000000000002,462.0,8.549999999999999
294,2012,30,0.0,252.4,149.9,69.60000000000001,93.30000000000001,197.5,403.0,14.1
295,2012,31,0.0,251.6,140.9,73.1,97.39999999999999,194.24,358.5,11.5
296,2012,32,0.0,251.6,159.1,60.10000000000001,78.7,196.8,405.75,21.166666
297,2012,33,0.0,252.2,149.10000000000002,61.8,99.5,197.32,378.0,18.9
298,2012,34,0.0,254.10000000000002,145.2,74.30000000000001,102.3,196.68,358.75,20.833333
299,2012,35,0.0,256.8,148.0,70.3,95.5,194.82,401.25,19.233333000000002
300,2012,36,0.0,254.4,149.4,75.2,101.40000000000002,196.4,448.0,30.75
301,2012,37,0.0,257.4,149.60000000000002,69.5,93.6,196.79999999999998,470.0,27.25
302,2012,38,0.0,257.2,155.0,68.10000000000001,96.60000000000001,199.20000000000002,466.0,22.75
303,2012,39,0.0,257.0,157.2,70.6,93.89999999999999,198.48,476.0,20.25
304,2012,40,0.0,259.54043946756804,155.50924831081105,72.3,79.8,198.02575052854127,436.90768251273346,24.713032898240396
305,2012,41,0.0,259.5,159.60000000000002,62.6,90.60000000000001,199.84,401.75,20.233334
306,2012,42,0.0,256.4,159.9,61.7,97.8,198.86,395.5,18.133334
307,2012,43,1.0,263.2,155.7,66.3,98.39999999999999,198.78,402.0,16.833333
308,2012,44,0.0,258.0,156.8,63.8,89.60000000000001,196.48000000000002,436.5,17.438147999999998
309,2012,45,0.0,257.9,158.8,69.8,96.69999999999999,198.34,405.25,15.166667
310,2012,46,0.0,262.90000000000003,156.39999999999998,69.71181202370872,83.7,198.4,392.0,16.200000000000003
311,2012,47,0.0,262.8,160.79999999999998,67.9,98.89999999999999,201.57999999999998,381.0,11.933331999999998
312,2012,48,0.0,251.39999999999998,164.9,52.9,84.1,200.29999999999998,423.5,14.866666
313,2012,49,0.0,256.2,160.2,58.599999999999994,85.4,200.0,490.0,28.0
314,2012,50,0.0,261.1,161.60000000000002,63.900000000000006,87.7,202.66000000000003,473.0,25.25
315,2012,51,0.0,258.9,166.60000000000002,57.4,84.39999999999999,203.93999999999997,480.0,20.0
316,2012,52,0.0,260.79999999999995,166.1,55.800000000000004,84.2,203.5,491.0,17.5
317,2012,53,0.0,74.2,48.3,12.899999999999999,22.5,58.379999999999995,126.25,4.0
318,2013,1,73.9,167.0,114.69999999999999,12.900000000000002,34.60000000000001,134.36,368.5,7.433333
319,2013,2,12.3,243.60000000000002,165.60000000000002,49.1,60.9,197.24,461.25,12.400000000000002
320,2013,3,1.2,242.9,164.0,49.99999999999999,66.7216622458002,196.70000000000002,481.75,8.866667
321,2013,4,14.2,245.89999999999998,161.1,47.8,47.400000000000006,195.42000000000002,505.5,11.0
322,2013,5,0.0,258.29999999999995,159.70000000000002,63.1,82.69999999999999,201.16000000000003,417.0,14.566666000000001
323,2013,6,1.2000000000000002,256.6,162.39999999999998,54.10000000000001,82.7,201.07999999999998,430.75,15.966667
324,2013,7,46.6,241.5,169.0,45.800000000000004,64.7,196.88,489.5,11.400001
325,2013,8,68.8,229.20000000000005,155.70000000000002,50.8,33.2,187.75999999999996,528.75,9.033332999999999
326,2013,9,0.0,246.90000000000003,160.79999999999998,71.39999999999999,73.4,199.70000000000002,430.0,13.066667
327,2013,10,0.0,253.0,164.8,55.89999999999999,83.4,202.77999999999997,428.25,11.966664999999999
328,2013,11,0.0,259.5,168.4,55.5,71.1,204.68,433.25,14.7
329,2013,12,21.400000000000002,242.4,165.3,43.99999999999999,54.3216622458002,195.92000000000002,483.75,10.166667
330,2013,13,88.89999999999999,227.60000000000002,158.3,49.800000000000004,26.2,186.51999999999998,537.0,7.933333999999999
331,2013,14,21.3,229.9,159.8,51.1,30.1,190.04,515.25,10.433333000000001
332,2013,15,1.2,238.70000000000002,162.3,61.2,39.0,193.72000000000003,475.5,10.633333
333,2013,16,29.700000000000003,229.8,160.0,44.0,37.800000000000004,187.41999999999996,497.0,7.500001000000001
334,2013,17,20.099999999999998,226.7,159.0,49.6,24.2,185.8,530.25,6.0
335,2013,18,45.2,224.5,155.9,46.5,25.799999999999997,183.52,560.0,4.466667
336,2013,19,6.5,227.5,158.2,53.2,25.200000000000003,186.48,538.0,6.533334
337,2013,20,29.2,223.0,156.9,42.4,27.7,184.08,533.0,5.100001000000001
338,2013,21,28.500000000000004,221.5,157.70000000000002,41.0,16.5,182.3,564.0,5.633333
339,2013,22,0.0,231.59999999999997,142.6,68.8,41.2,182.0,497.5,7.566667000000001
340,2013,23,4.1,234.6,147.70000000000002,66.2,40.0,185.5,487.0,7.0999989999999995
341,2013,24,27.6,230.8,158.0,47.099999999999994,48.8,187.03999999999996,487.5,6.933333000000001
342,2013,25,20.7,229.50000000000003,146.7,52.6,44.1,182.4,506.75,8.266667
343,2013,26,7.0,230.5,152.6,52.599999999999994,36.9,186.78000000000003,490.25,6.199999
344,2013,27,16.4,226.1,150.70000000000002,48.400000000000006,42.4,182.82,535.0,3.566667
345,2013,28,7.699999999999999,232.3,146.89999999999998,57.2,49.7,184.57999999999998,514.9076825127335,6.0
346,2013,29,24.4,230.39999999999998,144.4,56.10000000000001,46.1,182.18,534.0,5.1
347,2013,30,3.7,237.70000000000002,147.5,55.7,57.3,188.04,507.0,8.25
348,2013,31,0.0,247.80000000000004,138.7,73.60000000000001,76.6,189.66,394.75,7.066666
349,2013,32,0.0,249.60000000000002,143.2,69.89999999999999,85.0,191.7,373.25,9.833333999999999
350,2013,33,0.0,254.29999999999998,155.3,67.0,83.80000000000001,196.04000000000002,408.75,13.166668
351,2013,34,0.0,254.60000000000002,155.00000000000003,70.3,88.69999999999999,197.06,396.5,13.833333
352,2013,35,0.0,256.3,158.9,61.199999999999996,91.80000000000001,199.52,406.5,12.566667
353,2013,36,0.0,255.2,158.20000000000002,67.2,94.8,198.06,374.75,13.1
354,2013,37,0.0,258.6,159.3,68.39999999999999,88.8,198.59999999999997,408.25,14.0
355,2013,38,0.0,258.5,158.6,74.3,94.1433244916004,200.92,362.0,17.399999
356,2013,39,0.0,259.7,155.3,72.5,93.8,197.64000000000001,419.25,13.899999
357,2013,40,0.0,262.09999999999997,151.70000000000002,73.0,97.2,197.90000000000003,380.25,12.333333
358,2013,41,0.0,265.0,158.29999999999998,66.9,101.0,202.18,371.5,13.133332999999999
359,2013,42,0.0,258.8,157.5,72.2,106.69999999999999,200.74,370.5,16.0
360,2013,43,0.0,262.0,156.7,68.5,98.69999999999999,200.4,412.5,13.666667
361,2013,44,0.7,257.1,158.2,69.0,92.80000000000001,198.61999999999998,394.5,16.4
362,2013,45,55.9,252.2,154.1,51.599999999999994,80.5,195.27999999999997,441.5,14.333333
363,2013,46,0.0,250.5,157.4,57.1,90.10000000000001,196.62000000000003,393.5,14.133334000000001
364,2013,47,0.7,248.70000000000002,153.89999999999998,53.2,85.4,195.81999999999996,422.5,14.866666
365,2013,48,0.0,252.90000000000003,154.6,56.0,70.3,196.4,401.75,12.499998999999999
366,2013,49,0.0,259.20000000000005,155.2,69.8,85.8,199.55999999999997,439.0,14.25
367,2013,50,0.0,255.40000000000003,152.7,70.10000000000001,84.5,196.42000000000002,490.0,18.25
368,2013,51,13.700000000000001,241.89999999999998,159.2,37.6,64.7,193.58,489.0,11.5
369,2013,52,0.6,255.29999999999998,153.4,57.71181202370872,74.69999999999999,198.86,488.0,12.75
370,2013,53,0.0,109.9,62.6,26.599999999999998,25.800000000000004,84.56,185.75,6.666667
371,2014,1,0.3,141.6,87.89999999999999,33.4,41.8,111.58,255.75,6.999999000000001
372,2014,2,59.4,234.9,153.0,41.0,42.5,184.07999999999998,509.25,9.333333999999999
373,2014,3,0.0,237.20000000000002,160.1,46.6,65.6,193.06,489.75,9.499999
374,2014,4,2.6,246.4,155.2,48.7,65.8,195.42,432.75,11.366667000000001
375,2014,5,19.5,246.40000000000003,151.70000000000002,48.2,64.80000000000001,192.73999999999998,484.25,10.266667
376,2014,6,0.0,241.49999999999997,156.70000000000002,37.800000000000004,48.3,192.79999999999998,483.5,10.4
377,2014,7,41.7,239.29999999999998,161.0,32.5,49.10000000000001,193.95999999999998,509.0,6.4
378,2014,8,138.8,224.89999999999998,153.3,35.9,23.799999999999997,181.61999999999998,562.5,4.466666
379,2014,9,0.7,236.40000000000003,150.79999999999998,57.99999999999999,47.900000000000006,189.72,494.75,7.666666000000001
380,2014,10,25.2,232.70000000000002,157.1,45.900000000000006,36.0,188.62,533.0,7.633333
381,2014,11,16.2,221.5,156.2,40.3,25.299999999999997,181.73999999999998,573.5,8.066666999999999
382,2014,12,52.5,227.1,153.10000000000002,47.6,31.2,183.94000000000003,566.75,5.3666659999999995
383,2014,13,2.2,234.3,155.4,58.3,37.4,189.02,537.75,7.799999
384,2014,14,96.30000000000001,224.60000000000002,150.1,36.699999999999996,21.400000000000002,179.0,598.25,4.633334
385,2014,15,78.9,217.4,152.7,34.1,14.5,179.06,618.75,2.9333329999999997
386,2014,16,34.9,222.4,153.10000000000002,49.9,20.3,184.16000000000003,580.75,3.2666660000000003
387,2014,17,7.7,229.00000000000003,157.00924831081105,42.0,23.1,186.26000000000002,565.25,7.49273179648079
388,2014,18,73.4,218.89999999999998,152.9,36.6,14.3,179.0,588.5,5.721611796480791
389,2014,19,1.9,226.89999999999998,153.4,52.5,28.1,184.54000000000002,577.25,9.789589491201976
390,2014,20,75.5,217.4,152.60000000000002,35.5,16.000000000000004,179.26,597.5,10.824561287682767
391,2014,21,33.099999999999994,227.2,151.6,55.599999999999994,19.6,184.06,570.5,10.278195389442372
392,2014,22,5.9,225.60000000000002,146.7,55.1,13.3,182.06,568.25,4.466666000000001
393,2014,23,0.6,232.29999999999995,146.3,63.2,26.099999999999998,185.94,528.75,5.466666
394,2014,24,2.4,238.00000000000003,145.0,60.5,42.7,186.04,500.0,5.166667
395,2014,25,0.0,237.7,147.9,45.7,65.1,189.84,497.75,6.899999
396,2014,26,7.0,239.59999999999997,145.5,51.800000000000004,80.8,189.6,460.0,9.4
397,2014,27,0.0,248.39999999999998,139.20000000000002,62.199999999999996,84.39999999999999,190.54,487.7230475382004,8.133333
398,2014,28,0.0,247.79999999999998,149.3,57.199999999999996,96.1216622458002,194.38000000000002,494.8153650254669,7.800000000000001
399,2014,29,0.0,249.0,142.3,72.7,96.7,193.09999999999997,469.0,10.15
400,2014,30,0.0,245.79999999999998,137.9,63.099999999999994,91.9,192.04,462.0,8.25
401,2014,31,0.0,253.6,141.1,70.6,74.2,194.56,442.15768251273346,10.566666
402,2014,32,0.0,252.70000000000002,142.1,64.30000000000001,84.0,192.86,437.25,12.966667000000001
403,2014,33,0.0,254.2,138.5,67.1,90.10000000000001,194.96,393.75,12.366667000000001
404,2014,34,0.0,255.5,142.9,70.0,79.3,195.7,402.5,11.033332999999999
405,2014,35,0.0,252.5,151.6,61.4,95.60000000000001,197.04,411.5,14.166667
406,2014,36,0.0,255.59999999999997,154.8,61.300000000000004,88.6,196.48000000000002,406.0,13.733334000000001
407,2014,37,0.0,256.0,159.09999999999997,62.5,90.5,199.98,389.0,14.333333
408,2014,38,0.0,256.6,158.9,66.1,88.5,197.56,412.25,16.833334
409,2014,39,0.0,260.8,154.40000000000003,69.19999999999999,94.80000000000001,198.68,378.25,12.399999
410,2014,40,0.0,258.4,165.4,58.2,92.2,200.82000000000002,409.0,16.066667
411,2014,41,0.0,260.1,165.1,69.1,93.7,203.38,381.75,11.833333
412,2014,42,0.0,265.8,160.6,72.4,103.7,204.14,384.0,13.833334
413,2014,43,0.0,260.09999999999997,157.4,70.0,88.4,199.3,398.0,10.466667000000001
414,2014,44,0.0,260.20000000000005,152.7,70.0,106.1,199.76,347.25,14.666666
415,2014,45,0.0,256.3,163.4,54.800000000000004,84.10000000000001,199.18,392.75,12.733333
416,2014,46,0.0,258.4,155.20000000000002,56.41181202370873,82.0,197.54000000000002,370.25,15.833333
417,2014,47,3.6,250.8,169.79999999999998,54.800000000000004,76.0,200.00000000000003,396.5,15.666667
418,2014,48,0.0,258.1,154.7,68.8,88.4,199.11999999999998,370.0,14.833331999999999
419,2014,49,0.0,256.2,157.9,61.900000000000006,74.39999999999999,200.49999999999997,399.0,13.583333
420,2014,50,0.0,253.7,161.4,53.199999999999996,84.5,200.32,435.0,15.75
421,2014,51,0.0,254.6,159.9,56.099999999999994,75.39999999999999,199.68000000000004,440.90768251273346,11.5
422,2014,52,0.0,249.60000000000002,162.0,41.2,87.5,200.84000000000003,419.0,15.75
423,2014,53,2.6,144.5,93.1,26.6,40.3,112.96,260.25,5.983333
424,2015,1,0.0,104.99999999999999,72.6,19.0,33.3,83.28,195.25,4.233334
425,2015,2,13.600000000000001,248.8,159.7,56.599999999999994,70.4,196.08,419.0,11.433333999999999
426,2015,3,0.0,258.79999999999995,163.39999999999998,64.7,101.1,203.86,372.5,15.233333
427,2015,4,1.4,253.10000000000002,163.50000000000003,49.2,87.3,199.79999999999998,401.75,11.133333
428,2015,5,0.0,259.1,155.6,64.2,92.8,200.99999999999997,360.0,10.5
429,2015,6,25.9,248.40000000000003,161.89999999999998,43.4,62.9,195.08,480.0,9.4
430,2015,7,0.0,258.40000000000003,163.2,66.1,89.9,205.18,379.5,14.266667
431,2015,8,54.69999999999999,229.3,158.39999999999998,25.700000000000003,42.5,185.7,536.25,5.666665999999999
432,2015,9,101.6,220.2,155.5,29.900000000000002,22.4,180.64000000000001,571.75,5.433333
433,2015,10,40.9,220.3,156.50000000000003,40.3,17.9,180.60000000000002,567.75,4.799999
434,2015,11,10.7,226.60000000000002,157.5,48.400000000000006,26.4,184.88000000000002,539.25,5.200001
435,2015,12,2.0,230.09999999999997,161.0,43.3,34.199999999999996,188.02,523.25,6.633334000000001
436,2015,13,42.00000000000001,216.0,158.9,33.3,17.8,179.56,569.0,3.7
437,2015,14,93.69999999999999,221.1,158.00000000000003,34.7,15.7,178.64000000000001,613.75,4.3999999999999995
438,2015,15,17.0,221.99999999999997,159.5,35.3,16.9,182.48,598.5,4.966665
439,2015,16,28.299999999999997,220.89999999999998,155.60000000000002,38.9,17.2,182.22000000000003,577.0,5.133333
440,2015,17,12.1,220.40000000000003,158.5,49.8,19.7,183.00000000000003,578.75,4.466667
441,2015,18,0.0,233.09999999999997,150.2,62.699999999999996,33.800000000000004,185.79999999999998,536.0,7.9666679999999985
442,2015,19,15.1,230.70000000000002,155.4,50.8,36.9,187.10000000000002,543.0,6.900001
443,2015,20,9.4,234.09999999999997,147.5,67.89999999999999,41.0,186.5,510.25,7.733332000000001
444,2015,21,5.1,238.60000000000002,154.0,48.300000000000004,47.9,190.76,518.0,6.75
445,2015,22,0.0,246.09999999999997,151.89999999999998,52.2,49.7,192.87999999999997,536.0,9.5
446,2015,23,40.0,243.0,155.8,50.49999999999999,49.2,189.96,475.0,9.499999999999998
447,2015,24,2.1,243.3,149.1,53.099999999999994,51.0,190.51999999999998,458.0,12.333332
448,2015,25,1.2,247.99999999999997,142.5,65.8,75.4,189.62,424.0,9.833333
449,2015,26,1.6,246.0,146.5,55.3,66.2,189.62,424.0,10.833334
450,2015,27,8.4,236.79999999999998,151.6,39.60000000000001,61.3,189.42000000000002,499.75,7.1
451,2015,28,28.0,236.99999999999997,144.8,58.5,51.0,186.28000000000003,479.90768251273346,6.449999999999999
452,2015,29,0.0,231.79999999999998,146.0,48.6,71.62166224580021,186.45999999999998,454.0,8.35
453,2015,30,0.0,244.3,149.20000000000002,56.8,70.1,191.08,481.0,8.5
454,2015,31,0.0,248.39999999999998,149.3,63.7,75.7,193.56,451.5,10.3
455,2015,32,0.0,251.49999999999997,140.29999999999998,73.3,88.1,193.16000000000003,405.75,10.033333
456,2015,33,0.0,251.0,144.2,67.8,91.7,193.79999999999998,400.75,10.133334
457,2015,34,0.0,257.7,148.5,72.0,89.80000000000001,195.92,399.0,8.166666
458,2015,35,0.0,258.90000000000003,149.1,70.8,89.1,194.50000000000003,422.25,13.299999
459,2015,36,0.0,255.9,155.7,57.8,79.7,194.34,442.5,9.1
460,2015,37,0.0,257.6,154.2,68.2,95.10000000000001,197.32000000000002,410.5,11.500001000000001
461,2015,38,0.0,257.8,154.60000000000002,69.8,91.60000000000001,197.07999999999998,405.0,11.966668
462,2015,39,0.0,257.7,148.9,64.7,101.0,195.74,397.0,14.500001000000001
463,2015,40,0.0,260.5,152.8,65.8,99.2,197.68,385.25,9.5
464,2015,41,0.0,260.2,159.3,66.6,104.7,199.84,403.75,13.733333
465,2015,42,0.0,262.9,158.0,69.69999999999999,108.1,202.49999999999997,354.75,14.999998999999999
466,2015,43,0.0,264.2,154.9,71.39999999999999,101.0,199.39999999999998,388.5,11.066666
467,2015,44,0.0,255.5,150.50000000000003,60.8,99.5,195.78,374.75,12.4
468,2015,45,0.0,263.8,153.3,75.8,103.10000000000001,200.5,358.5,10.733333
469,2015,46,0.0,259.20000000000005,160.3,61.5,92.10000000000001,198.22,389.5,8.966667
470,2015,47,0.0,266.1,152.2,74.60000000000001,102.9,201.02,379.5,10.9
471,2015,48,0.0,264.2,157.0,67.1,94.9,201.04,392.0,7.266667
472,2015,49,0.0,265.20000000000005,162.0,74.2,109.50000000000001,204.56,420.5,14.0
473,2015,50,0.0,264.2,159.0,65.9,83.9,203.12,447.0,13.25
474,2015,51,0.6,262.3,161.7,60.3,91.7,203.44,461.0,12.25
475,2015,52,0.7,260.3,162.79999999999998,64.8,89.50000000000001,203.44,426.0,12.5
476,2015,53,5.1,180.89999999999998,117.5,33.1,66.8,145.01999999999998,292.0,6.583333
477,2016,1,0.0,72.5,49.7,9.200000000000001,23.8,58.44,124.25,2.666667
478,2016,2,63.4,239.79999999999998,170.29999999999998,38.800000000000004,67.3,195.50000000000003,515.5,9.933333
479,2016,3,10.9,240.0,165.60000000000002,51.400000000000006,51.099999999999994,197.12,479.25,8.266665999999999
480,2016,4,103.1,212.29999999999998,162.9,18.5,23.6,181.46,595.75,4.533333
481,2016,5,38.2,217.99999999999997,160.5,37.400000000000006,24.2,184.44000000000003,556.25,4.933333
482,2016,6,69.10000000000001,213.79999999999998,154.60000000000002,28.799999999999997,21.2,178.56,608.5,3.3666669999999996
483,2016,7,1.8,231.5,156.8,60.199999999999996,30.3,188.48000000000002,549.5,6.766666000000001
484,2016,8,5.699999999999999,228.20000000000002,157.3,45.5,32.6,186.18,543.25,5.416665999999999
485,2016,9,0.4,237.90000000000003,160.2,43.89999999999999,37.0,192.58,506.5,6.933334
486,2016,10,24.900000000000002,237.6,157.20000000000002,48.1,37.6,191.86,484.75,6.733334
487,2016,11,26.800000000000004,239.89999999999998,158.5,50.2,30.6,192.67999999999998,503.5,7.733331999999999
488,2016,12,47.2,233.89999999999998,165.2,51.7,23.8,192.42,525.75,5.066667
489,2016,13,17.400000000000002,234.2,162.8,54.7,25.3,192.8,528.75,4.666665999999999
490,2016,14,115.39999999999999,221.49999999999997,161.1,24.900000000000002,14.499999999999998,183.35999999999999,572.75,3.916666
491,2016,15,81.19999999999999,214.89999999999998,161.8,27.3,8.7,182.38000000000002,600.25,4.3666659999999995
492,2016,16,31.999999999999996,224.4,156.9,49.5,18.7,186.10000000000002,573.25,3.166667
493,2016,17,14.399999999999999,223.29999999999998,159.7,53.60000000000001,19.9,187.54,567.0,3.866667
494,2016,18,0.0,237.7,152.3,63.1,27.500000000000004,189.52,539.25,4.3
495,2016,19,2.6,235.3,153.70000000000002,49.99999999999999,26.599999999999998,187.82000000000002,562.5,5.566666
496,2016,20,29.999999999999996,233.20000000000002,154.9,49.2,20.7,187.84,592.25,3.733333
497,2016,21,2.5,242.7,148.1,63.9,31.9,190.26,508.75,4.3333319999999995
498,2016,22,0.0,246.4,147.2,61.6,49.099999999999994,192.51999999999998,492.75,5.333334000000001
499,2016,23,2.3,246.50000000000003,149.9,50.0,46.199999999999996,191.6,533.25,4.733332
500,2016,24,9.2,242.4,148.10000000000002,46.3,42.599999999999994,188.08,532.75,5.1333329999999995
501,2016,25,1.9,249.10000000000002,141.8,63.6,60.3,190.00000000000003,463.75,5.166666
502,2016,26,0.0,253.29999999999998,144.3,63.4,68.4,193.9,435.75,5.6333329999999995
503,2016,27,0.0,250.1,139.6,63.6,87.1,193.72,405.75,6.133333
504,2016,28,0.0,245.1,148.6,47.79999999999999,82.8,193.61999999999995,478.0,6.25
505,2016,29,0.7,251.4,140.1,64.9,68.9,191.66,478.90768251273346,6.75
506,2016,30,0.0,253.7,141.3,64.1,74.0,191.56,478.0,6.8999999999999995
507,2016,31,0.0,253.6,141.4,63.099999999999994,85.7,193.66,443.0,10.25
508,2016,32,0.0,257.9,140.79999999999998,72.9,98.1,196.3,372.25,7.499999
509,2016,33,0.0,258.9,143.7,67.2,86.6,192.32000000000002,415.25,6.533332999999999
510,2016,34,0.0,257.59999999999997,140.1,72.2,88.1,193.76000000000002,394.75,9.733332
511,2016,35,0.0,260.09999999999997,151.8,66.4,95.4,196.79999999999998,401.75,9.266667
512,2016,36,0.0,261.0,153.0,73.89999999999999,102.89999999999999,199.98,386.25,9.083333
513,2016,37,0.0,265.2,152.70000000000002,73.3,95.7,198.02,464.0,10.5
514,2016,38,0.3,262.7,155.3,64.8,92.9,198.68,466.0,11.5
515,2016,39,0.0,261.8,147.3,65.39999999999999,96.5,195.45999999999998,449.0,14.25
516,2016,40,0.0,258.1,154.00000000000003,60.8,87.8,196.94,464.25,15.083333
517,2016,41,0.0,262.7,157.2,71.0,102.59999999999998,202.70000000000002,377.0,11.266667
518,2016,42,0.0,265.0,155.5,76.4,118.7,202.4,364.25,11.733333
519,2016,43,0.0,264.5,162.9,59.6,102.19999999999999,202.92,403.5,9.633333
520,2016,44,0.0,266.3,155.6,70.69999999999999,110.9,202.36,384.0,9.633334
521,2016,45,0.0,264.90000000000003,160.70000000000002,71.99999999999999,119.4,205.35999999999999,375.75,13.566667
522,2016,46,0.6,261.3,165.6,61.300000000000004,106.10000000000001,204.29999999999998,397.75,11.3
523,2016,47,0.0,256.79999999999995,160.00000000000003,57.8,93.8,200.74,423.0,10.066666
524,2016,48,0.0,265.5,154.70000000000002,68.8,99.6,202.57999999999998,386.0,11.733333
525,2016,49,0.0,264.5,161.00000000000003,66.5,103.99999999999999,203.42000000000002,413.75,12.116665999999999
526,2016,50,0.0,266.4,160.00000000000003,64.10000000000001,88.2,203.55999999999997,471.0,10.5
527,2016,51,0.5,253.50000000000003,167.2,34.6,79.9,201.45999999999998,478.0,9.0
528,2016,52,6.7,244.2,165.5,28.8,74.9,198.46,495.0,8.25
529,2016,53,8.2,255.00000000000003,168.39999999999998,45.3,83.69999999999999,203.43999999999997,472.75,9.4
530,2017,1,32.9,256.09999999999997,160.4,52.8,69.3,197.81999999999996,477.90768251273346,7.666667
531,2017,2,3.0,242.10000000000002,160.0,47.49999999999999,59.0,194.20000000000002,476.25,8.733334
532,2017,3,11.599999999999998,239.5,163.10000000000002,40.3,51.9,193.72,511.25,6.133331999999999
533,2017,4,28.800000000000004,235.5,160.90000000000003,44.6,42.8,191.18,550.5,6.733331999999999
534,2017,5,13.7,241.5,157.3,55.0,47.400000000000006,192.98000000000002,509.75,5.9
535,2017,6,75.6,228.49999999999997,163.0,39.1,43.199999999999996,189.56000000000003,578.75,5.166666
536,2017,7,25.200000000000003,223.50000000000003,159.20000000000002,29.699999999999996,21.2,182.64000000000001,605.0,4.833333
537,2017,8,78.89999999999999,220.70000000000002,156.79999999999998,45.3,19.1,182.76,610.25,4.566667
538,2017,9,71.0,216.09999999999997,155.3,31.6,17.2,177.86,655.5,3.366666
539,2017,10,93.5,221.1,157.8,36.1,18.099999999999998,181.96,627.25,6.066665999999999
540,2017,11,94.2,217.10000000000002,159.79999999999998,30.4,11.8,179.5,651.75,3.833333
541,2017,12,89.8,216.10000000000002,158.5,36.9,15.400000000000002,180.44,644.5,3.466667
542,2017,13,95.8,215.5,158.2,29.199999999999996,14.3,180.32,643.0,2.9000009999999996
543,2017,14,48.0,221.7,159.4,49.70000000000001,19.5,184.39999999999998,589.75,3.338147
544,2017,15,25.5,217.2,160.9,39.9,17.1,182.92000000000002,607.75,3.466668
545,2017,16,23.7,225.0,161.3,59.6,26.099999999999998,187.44,583.5,3.9
546,2017,17,52.50000000000001,223.5,156.4,48.5,17.5,184.08,603.5,4.166667
547,2017,18,0.7,219.4,157.20000000000002,40.4,20.5,183.7,587.0,3.966667
548,2017,19,30.0,223.2,161.4,43.49999999999999,20.9,185.62,605.25,3.500001
549,2017,20,23.700000000000003,228.70000000000002,157.0,61.1,22.199999999999996,186.74,580.75,3.833334
550,2017,21,2.9,232.79999999999998,151.29999999999998,60.7,31.700000000000003,183.94,540.5,4.366668
551,2017,22,41.2,218.89999999999998,156.4,45.9,18.900000000000002,180.85999999999999,602.5,3.666667
552,2017,23,0.0,230.2,147.4,64.79999999999998,37.5,181.60000000000002,518.25,4.4
553,2017,24,3.4,226.39999999999998,150.3,51.199999999999996,35.300000000000004,180.86,545.75,4.433333999999999
554,2017,25,0.0,239.5,148.89999999999998,52.39999999999999,46.8,187.66,486.5,5.200000999999999
555,2017,26,0.0,238.79999999999998,152.8,37.4,53.6,188.44,478.75,5.316668
556,2017,27,0.3,236.5,149.2,51.7,56.5,189.08,479.0,4.0
557,2017,28,0.0,243.50000000000003,145.20000000000002,55.6,78.0,193.83999999999997,366.0,4.4
558,2017,29,6.2,239.70000000000002,148.1,45.599999999999994,64.3,188.34,489.0,4.95
559,2017,30,0.0,246.40000000000003,144.7,62.400000000000006,76.89999999999999,194.04,429.0,5.8500000000000005
560,2017,31,0.0,251.90000000000003,148.9,67.8,85.60000000000001,194.34,405.5,7.549999999999999
561,2017,32,0.0,255.99999999999997,146.89999999999998,72.6,82.3,194.44000000000003,384.0,9.500000000000002
562,2017,33,0.0,258.2,145.79999999999998,62.39999999999999,85.5,194.8,402.5,7.066667000000001
563,2017,34,1.4,258.1,153.6,66.80000000000001,98.30000000000001,198.06,396.75,7.366667
564,2017,35,0.3,258.1,148.7,68.7,85.7,198.36,358.75,10.2
565,2017,36,0.0,255.4,151.10000000000002,68.19999999999999,91.6216622458002,196.77999999999997,372.75,12.633333
566,2017,37,0.0,259.7,155.70000000000002,71.2,111.2,201.54000000000002,350.0,12.833334
567,2017,38,0.0,261.90000000000003,155.70000000000002,70.3,108.69999999999999,200.52,371.5,9.266667
568,2017,39,0.0,260.8,159.00000000000003,71.7,99.7,200.04000000000002,370.0,11.566666
569,2017,40,0.0,263.4,158.4,76.2,119.10000000000001,201.82,359.75,16.066665999999998
570,2017,41,0.0,261.7,161.6,64.1,93.8,199.56,405.75,9.999998
571,2017,42,0.0,258.5,162.6,64.5,102.9,199.98,410.75,15.666667
572,2017,43,0.0,266.90000000000003,163.7,72.8,119.3,206.6,364.25,15.166667
573,2017,44,0.0,262.4,156.1,65.0,102.5,201.0,400.5,12.066667
574,2017,45,0.0,253.8,153.0,44.1,93.39999999999999,195.7,395.75,8.700001
575,2017,46,0.0,255.8,151.29999999999998,61.300000000000004,92.6,197.16,390.25,15.200000000000001
576,2017,47,0.0,257.7,154.7,55.199999999999996,93.9,198.42,400.25,12.699999
577,2017,48,0.0,257.9,155.0,57.9,89.8,198.66000000000003,411.0,13.316666
578,2017,49,0.0,262.79999999999995,157.29999999999998,67.3,102.1,202.54,449.0,15.75
579,2017,50,0.0,258.9,158.7,56.9,89.4,201.04,458.0,14.0
580,2017,51,0.0,241.90000000000003,163.0,26.5,71.4,196.18000000000004,505.0,9.25
581,2017,52,1.6,258.4,165.1,48.8,75.2,201.98000000000002,489.90768251273346,12.25
582,2017,53,0.0,37.7,23.7,10.2,14.3,29.36,57.5,1.566667
583,2018,1,0.0,219.0,141.79999999999998,43.6,81.39999999999999,172.96,358.5,11.666667
584,2018,2,2.1,250.0,156.1,44.4,84.3,197.21999999999997,422.75,11.566667
585,2018,3,1.2999999999999998,256.29999999999995,162.00000000000003,49.1,83.29999999999998,202.1,405.5,13.5
586,2018,4,38.6,243.70000000000002,163.5,31.7,56.6,192.98,521.0,9.199998999999998
587,2018,5,38.7,232.20000000000002,156.0,33.9,47.300000000000004,189.56000000000003,519.0,9.666667
588,2018,6,92.19999999999999,225.29999999999998,159.4,37.800000000000004,26.4,183.32,589.5,10.549999
589,2018,7,67.0,212.70000000000002,150.0,29.0,16.7,172.9,625.75,3.3000000000000003
590,2018,8,15.4,222.10000000000002,156.8,46.1,20.999999999999996,181.3,619.5,5.766666
591,2018,9,57.3,223.60000000000002,156.5,51.5,20.699999999999996,182.78000000000003,602.0,4.266666
592,2018,10,38.4,223.60000000000002,156.5,45.0,19.099999999999998,182.62,606.75,5.133333
593,2018,11,15.600000000000001,228.90000000000003,158.6,54.2,24.6,188.10000000000002,577.0,4.4333350000000005
594,2018,12,18.8,230.3,162.20000000000002,50.4,31.1,190.06,556.0,5.766667
595,2018,13,118.9,219.89999999999998,159.0,29.8,20.1,182.14,615.75,3.233334
596,2018,14,28.5,219.4,157.2,37.49999999999999,15.499999999999998,180.55999999999997,605.4076825127335,3.516667
597,2018,15,72.0,215.4,152.8,36.800000000000004,15.2,175.32,621.75,2.5
598,2018,16,29.1,216.09999999999997,150.9,43.9,17.799999999999997,179.38,607.25,2.800001
599,2018,17,8.5,219.4,153.6,48.0,20.700000000000003,181.62,590.75,3.3333329999999997
600,2018,18,11.9,219.6,153.5,44.900000000000006,20.2,182.45999999999998,597.0,2.749999
601,2018,19,69.0,212.2,153.2,21.1,13.5,177.54000000000002,629.25,3.533333
602,2018,20,4.6,220.8,151.0,65.0,21.7,180.14,582.0,4.933334
603,2018,21,16.5,220.8,151.9,45.7,21.2,180.22,587.0,3.8333329999999997
604,2018,22,1.8,222.40000000000003,146.7,46.1,26.599999999999998,180.42000000000002,553.0,2.800001
605,2018,23,9.600000000000001,226.8,142.39999999999998,41.9,27.7,177.88,577.25,3.8000009999999995
606,2018,24,2.1,236.1,131.6,67.3,45.0,178.01999999999998,497.5,6.766667
607,2018,25,1.3,231.8,138.0,43.3,40.4,178.71999999999997,519.25,5.3999999999999995
608,2018,26,0.0,244.0,134.20000000000002,61.599999999999994,60.400000000000006,185.24,456.75,6.466666999999999
609,2018,27,1.8,240.6,143.0,46.8,59.8,187.2,532.0,6.0
610,2018,28,7.0,237.3,147.89999999999998,51.5,43.60000000000001,184.89999999999998,560.0,4.307220000000001
611,2018,29,0.0,249.90000000000003,133.6,64.4,75.8,187.32000000000002,489.0,5.25
612,2018,30,0.0,246.10000000000002,143.9,50.7,74.0,190.89999999999998,487.0,7.85
613,2018,31,0.0,250.8,141.8,58.9,67.9,188.45999999999998,476.40768251273346,7.199999
614,2018,32,0.0,254.29999999999995,142.4,59.39999999999999,80.30000000000001,191.28000000000003,445.75,10.066668
615,2018,33,0.0,256.3,136.3,60.7,80.8,190.84,434.5,14.066666999999999
616,2018,34,0.0,257.8,139.20000000000002,72.1,92.3,193.74,392.75,14.5
617,2018,35,0.0,259.0,147.5,63.099999999999994,82.0,194.85999999999999,420.75,13.166667
618,2018,36,0.0,258.6,145.8,67.5,85.4,195.55999999999997,412.0,12.333334
619,2018,37,0.0,262.7,143.2,71.3,98.10000000000001,195.98000000000002,378.75,14.566665
620,2018,38,0.0,265.59999999999997,151.0,74.6,108.5,201.12,370.25,15.0
621,2018,39,0.0,262.6,149.50000000000003,69.2,95.1,198.11999999999998,385.5,14.533333
622,2018,40,0.0,260.0,156.4,59.300000000000004,90.6,196.68,408.0,12.966666
623,2018,41,0.0,263.6,146.3,71.30000000000001,98.89999999999999,198.44,375.5,15.366668
624,2018,42,0.0,260.5,156.2,59.9,77.80000000000001,198.6,415.5,13.499998999999999
625,2018,43,0.0,266.5,152.20000000000002,72.1,100.9,201.11999999999998,386.0,11.666667
626,2018,44,0.0,263.7,155.6,64.0,96.0,201.12,396.75,11.966666
627,2018,45,0.4,261.59999999999997,155.29999999999998,58.6,91.0,201.10000000000002,398.75,11.566668
628,2018,46,0.0,264.5,152.70000000000002,66.7,106.3,203.0,367.0,13.4
629,2018,47,0.5,262.09999999999997,158.6,61.7,109.80000000000001,205.02000000000004,382.0,13.733333
630,2018,48,0.0,255.60000000000002,163.49999999999997,39.8,89.10000000000001,203.3,428.5,12.333333
631,2018,49,36.0,245.39999999999998,158.70000000000002,31.1,40.300000000000004,194.26,506.0,7.25
632,2018,50,56.1,235.6,149.5,42.0,55.49999999999999,187.95999999999998,564.0,6.75
633,2018,51,21.200000000000003,236.9,151.5,51.7,46.0,189.85999999999999,522.0,10.5
634,2018,52,19.9,227.5,149.1,50.1,43.599999999999994,184.67999999999998,568.0,9.0
635,2018,53,0.0,69.4,42.5,18.1,16.5,54.96,153.0,3.35
636,2019,1,0.0,182.4,106.9,45.4,57.2,141.9,314.75,7.700000000000001
637,2019,2,8.2,240.00000000000003,151.29999999999998,32.099999999999994,57.0,190.12,508.5,5.299999
638,2019,3,33.6,220.60000000000002,152.20000000000002,27.2,22.3,179.77999999999997,613.0,5.633331999999999
639,2019,4,17.3,235.69999999999996,152.7,55.4,38.800000000000004,187.92000000000002,526.75,6.833333
640,2019,5,56.5,234.2,154.0,39.4,37.699999999999996,188.11999999999998,559.25,6.038147
641,2019,6,48.199999999999996,222.29999999999998,160.9,38.599999999999994,22.7,185.48,606.5,6.466666999999999
642,2019,7,17.099999999999998,230.10000000000002,163.60000000000002,41.1,37.9,190.23999999999998,561.5,5.966666
643,2019,8,90.89999999999999,220.59999999999997,162.1,35.699999999999996,18.0,183.76000000000002,625.75,4.600001
644,2019,9,23.9,220.3,157.90000000000003,36.4,16.7,180.6,618.5,3.5
645,2019,10,48.3,217.20000000000002,156.6,34.5,18.500000000000004,180.12,619.75,5.100001
646,2019,11,30.300000000000004,215.79999999999998,157.1,34.199999999999996,17.4,179.7,617.0,5.4
647,2019,12,63.1,224.09999999999997,159.20000000000002,44.9,16.3,183.74,619.5,6.633331999999999
648,2019,13,113.1,218.4,161.1,39.9,14.2,181.38,629.0,3.066667
649,2019,14,116.89999999999999,214.70000000000002,161.0,28.0,13.9,180.4,620.25,5.406253
650,2019,15,7.6000000000000005,223.20000000000002,160.0,48.2,19.4,184.9,614.5,5.144399999999999
651,2019,16,84.0,215.5,157.0,31.1,9.400000000000002,179.5,640.25,3.77256
652,2019,17,8.700000000000001,219.20000000000002,162.6,42.8,18.3,185.64,599.0,3.9440399999999998
653,2019,18,49.5,216.8,156.8,45.599999999999994,15.8,180.16,618.75,4.287
654,2019,19,27.9,218.79999999999998,158.6,43.5,22.0,182.94,591.75,4.6299600000000005
655,2019,20,24.0,223.2,157.90000000000003,56.0,21.3,184.33999999999997,598.75,5.144399999999999
656,2019,21,61.5,219.10000000000002,157.29999999999998,48.9,18.700000000000003,184.3057505285413,587.6576825127335,6.94494
657,2019,22,0.0,222.70000000000002,154.29999999999998,54.8,30.121662245800195,182.86,586.0,5.1444
658,2019,23,0.0,231.74043946756802,149.60000000000002,61.01181202370872,57.55163572060138,184.6857505285413,548.6576825127335,4.02978
659,2019,24,9.3,185.6,133.50924831081105,25.1,49.329973474801186,157.32575052854128,512.0,4.45848
660,2019,25,0.0,233.14043946756803,159.20000000000002,55.611812023708715,57.55163572060138,187.10575052854128,526.9076825127335,4.887180000000001
661,2019,26,0.0,236.54043946756804,142.4,61.41181202370872,57.55163572060138,184.78575052854129,494.90768251273346,6.8592
662,2019,27,0.0,238.64043946756803,146.6,54.611812023708715,57.55163572060138,187.14575052854127,548.9076825127335,4.88718
663,2019,28,8.7,237.0,152.70000000000002,55.699999999999996,57.55163572060138,186.38000000000002,556.0,4.887180000000001
664,2019,29,0.0,172.38087893513605,107.4,38.723624047417445,41.10831122900099,135.97150105708255,359.8153650254669,3.60108
665,2019,30,3.94532601814729,204.2,128.10924831081104,47.400000000000006,49.329973474801186,162.24575052854127,428.0,3.60108
666,2019,31,0.0,250.1,148.0,63.89999999999999,57.55163572060138,191.76,482.25,9.60288
667,2019,32,0.9,244.7,145.4,56.1,57.55163572060138,189.34,437.0,8.059560000000001
668,2019,33,0.0,254.29999999999998,147.6,68.9,57.55163572060138,194.88,419.0,8.91696
669,2019,34,0.0,255.9,147.4,72.3,57.55163572060138,193.26,415.5,8.40252
670,2019,35,0.0,252.8,151.70000000000002,71.1,57.55163572060138,195.76,377.0,10.63176
671,2019,36,0.0,256.2,154.89999999999998,63.8,57.55163572060138,195.57999999999998,421.5,8.916960000000001
672,2019,37,0.0,257.8,154.0,70.2,57.55163572060138,197.34,384.75,12.518040000000001
673,2019,38,0.0,261.20000000000005,154.8,70.8,57.55163572060138,197.66000000000003,389.25,10.974720000000001
674,2019,39,0.0,260.6,161.6,66.1,57.55163572060138,199.04000000000002,426.0,11.48916
675,2019,40,0.0,255.1,154.3,63.8,57.55163572060138,195.8,405.25,11.83212
676,2019,41,0.0,259.0,153.29999999999998,66.6,57.55163572060138,197.39999999999998,402.5,13.546920000000002
677,2019,42,0.0,261.40000000000003,158.8,62.900000000000006,57.55163572060138,200.16000000000003,409.75,14.40432
678,2019,43,0.0,261.7,159.0,56.9,57.55163572060138,198.20000000000005,442.0,10.80324
679,2019,44,0.0,264.79999999999995,152.1,71.89999999999999,57.55163572060138,199.17999999999995,410.75,10.63176
680,2019,45,0.0,263.8,161.5,65.60000000000001,57.55163572060138,206.94,405.25,12.17508
681,2019,46,0.0,263.7,159.0,66.9,57.55163572060138,201.9,416.75,11.489160000000002
682,2019,47,0.0,260.0,162.99999999999997,58.3,57.55163572060138,201.76,424.0,10.80324
683,2019,48,0.0,263.29999999999995,160.9,70.0,57.55163572060138,203.07999999999998,419.5,10.97472
684,2019,49,0.0,263.5,162.4,70.60000000000001,57.55163572060138,202.82000000000002,485.0,13.11822
685,2019,50,0.0,258.2,167.3,54.4,57.55163572060138,202.42000000000002,500.0,14.66154
686,2019,51,0.0,261.59999999999997,163.6,59.0,57.55163572060138,205.48,455.0,13.88988
687,2019,52,0.0,263.70000000000005,165.10000000000002,60.99999999999999,57.55163572060138,206.3,446.0,13.11822
