Ano,Semana,Precipitacao,TempMaxima,TempMinima,Insolacao,Evaporacao,TempMedia,Umidade,VelVento,Infectados
2007,1,20.40,215.10,138.90,48.20,34.60,168.76,387.50,14.80,4
2007,2,5.30,254.80,162.90,51.10,47.30,200.50,413.00,11.27,6
2007,3,0.50,260.90,158.90,54.80,60.90,206.22,364.75,17.37,6
2007,4,0.00,259.30,162.10,66.80,66.00,203.62,396.50,16.01,4
2007,5,2.70,254.40,169.50,41.90,54.10,200.40,470.50,19.37,8
2007,6,58.10,235.90,165.10,34.50,23.60,191.06,534.75,11.90,2
2007,7,75.30,219.80,158.50,27.50,19.50,181.04,612.75,9.07,8
2007,8,84.20,213.20,155.10,32.80,12.70,176.98,605.00,3.70,6
2007,9,24.30,222.50,157.90,50.70,17.10,182.92,586.00,8.03,2
2007,10,22.40,223.90,158.70,44.40,18.10,184.12,583.75,8.53,10
2007,11,39.10,218.10,154.10,35.50,14.60,179.34,596.25,6.10,12
2007,12,88.20,222.00,155.10,40.70,11.00,181.22,612.50,6.37,26
2007,13,18.40,226.60,156.60,52.60,19.60,186.60,535.25,8.97,31
2007,14,36.00,228.50,159.60,53.70,17.30,186.78,555.75,7.77,58
2007,15,36.30,222.40,161.30,43.50,15.60,186.60,570.75,12.60,117
2007,16,80.60,211.70,160.10,27.50,12.30,181.18,627.50,2.60,121
2007,17,59.40,216.40,157.40,36.60,8.30,179.02,628.25,7.37,104
2007,18,44.70,218.90,156.90,49.00,13.00,181.98,592.25,10.20,152
2007,19,1.60,222.20,157.50,47.50,16.30,184.04,570.75,7.97,225
2007,20,6.80,225.60,150.20,60.90,16.90,181.88,549.75,5.57,392
2007,21,20.50,232.00,155.40,55.80,15.40,185.50,554.75,6.37,500
2007,22,5.30,235.70,147.80,68.00,23.20,184.66,509.25,5.90,517
2007,23,5.80,235.00,152.20,51.70,23.90,184.88,541.25,8.20,563
2007,24,0.20,235.50,144.50,57.80,31.60,182.42,484.25,7.47,594
2007,25,9.80,238.30,143.30,58.60,39.00,184.08,430.50,11.00,440
2007,26,5.00,240.00,140.90,58.20,35.00,185.22,440.00,7.58,209
2007,27,0.00,245.90,145.00,67.40,48.60,190.50,449.00,7.85,101
2007,28,0.60,241.80,147.60,53.60,51.80,189.56,492.00,9.85,75
2007,29,2.10,249.50,145.30,64.80,54.30,188.58,489.00,8.75,40
2007,30,0.00,244.30,145.00,56.60,55.20,188.54,480.00,6.10,24
2007,31,0.00,248.60,148.60,66.70,71.60,194.36,385.25,8.98,34
2007,32,0.00,251.30,146.50,69.80,75.50,195.08,379.00,12.93,42
2007,33,0.00,250.70,143.30,68.90,82.60,195.02,351.50,11.20,29
2007,34,0.00,253.00,151.70,68.80,67.30,194.28,393.25,17.60,10
2007,35,0.00,253.40,149.20,70.60,83.00,194.00,371.25,17.14,4
2007,36,0.00,250.20,145.30,62.80,75.40,193.70,372.50,19.03,0
2007,37,0.00,257.10,152.80,73.50,83.00,199.32,348.50,12.53,6
2007,38,0.00,258.10,151.10,65.20,77.50,196.28,379.25,19.03,2
2007,39,0.00,258.50,152.00,70.60,76.30,197.18,354.00,14.64,0
2007,40,0.00,258.20,151.20,69.90,83.10,196.96,351.25,16.73,2
2007,41,0.00,260.00,157.70,71.00,78.50,198.40,378.25,15.53,2
2007,42,0.00,258.60,152.00,65.30,81.60,196.34,387.00,16.23,4
2007,43,0.00,259.20,156.10,73.90,80.60,200.06,364.75,19.00,1
2007,44,1.10,263.00,156.00,65.60,75.10,199.44,384.50,16.80,3
2007,45,0.00,263.80,157.00,74.50,78.30,201.62,359.75,15.90,0
2007,46,0.00,259.80,154.70,71.40,74.20,199.36,392.25,19.57,3
2007,47,0.00,260.20,162.70,61.70,82.70,201.56,387.50,11.57,0
2007,48,0.10,257.10,160.90,57.70,59.60,199.32,413.00,12.58,2
2007,49,3.00,254.50,165.70,56.90,57.40,200.46,456.00,18.15,4
2007,50,1.00,251.80,160.80,43.60,52.10,197.02,516.00,19.75,0
2007,51,43.00,239.60,152.70,53.50,44.10,190.74,537.00,15.20,2
2007,52,0.00,243.70,159.90,58.40,65.50,195.56,462.00,20.55,0
2007,53,1.60,63.80,46.50,8.80,16.80,54.34,141.75,4.98,0
2008,1,15.70,169.80,116.00,28.80,33.30,137.26,344.75,9.80,0
2008,2,5.60,248.10,155.30,53.00,62.30,192.60,475.25,8.87,0
2008,3,20.30,226.30,161.90,27.70,32.90,184.80,584.75,8.83,0
2008,4,56.80,221.90,159.40,34.10,36.70,182.88,582.75,6.20,2
2008,5,38.40,224.40,161.20,41.40,27.30,185.16,591.75,6.13,4
2008,6,28.40,237.50,156.00,66.00,31.40,189.76,499.00,8.77,4
2008,7,21.50,233.80,158.80,45.30,33.20,188.30,545.50,9.17,10
2008,8,57.80,229.60,159.20,40.80,18.20,186.40,570.25,3.90,11
2008,9,8.60,226.30,162.80,43.10,23.00,185.92,568.00,5.60,10
2008,10,99.30,217.20,152.60,32.40,12.90,175.84,610.75,5.10,12
2008,11,13.10,214.80,152.30,40.20,13.10,176.64,611.25,5.03,7
2008,12,36.50,219.50,151.00,48.20,13.10,174.44,602.75,4.57,8
2008,13,115.90,215.50,159.40,28.70,10.70,177.48,625.25,4.57,14
2008,14,118.60,214.20,155.80,36.90,12.70,176.20,620.75,3.97,12
2008,15,149.10,211.00,155.40,35.00,9.10,176.06,638.75,5.50,10
2008,16,21.40,216.10,158.50,44.20,11.20,180.62,613.50,5.33,12
2008,17,30.00,216.40,158.00,41.50,9.70,180.66,614.75,4.97,16
2008,18,66.40,217.40,159.80,42.70,14.40,181.24,604.75,4.93,0
2008,19,100.40,217.90,156.30,44.91,10.00,178.86,607.00,3.90,10
2008,20,5.00,209.50,156.00,29.60,12.30,176.88,599.50,4.17,15
2008,21,15.00,218.10,150.40,57.00,12.90,178.24,583.50,6.93,11
2008,22,40.10,217.90,154.30,52.60,15.80,180.00,572.00,6.37,6
2008,23,0.10,216.50,150.40,42.80,15.90,176.68,573.00,5.07,4
2008,24,2.50,218.80,153.20,37.70,18.80,179.00,566.75,4.50,6
2008,25,0.30,223.80,145.60,53.30,32.90,179.66,509.00,6.33,6
2008,26,0.00,230.80,139.30,47.30,51.70,182.12,474.00,4.13,0
2008,27,3.40,231.10,147.60,44.40,40.50,185.78,499.50,6.85,2
2008,28,0.10,234.60,145.20,55.30,40.20,185.00,450.00,5.15,0
2008,29,0.80,236.10,147.90,51.00,27.40,185.98,470.00,4.80,0
2008,30,0.00,246.60,147.40,60.50,40.70,192.12,487.00,6.00,2
2008,31,1.20,236.10,147.20,45.20,51.10,188.86,466.25,5.02,8
2008,32,19.60,242.00,147.10,54.10,39.80,186.54,458.50,14.70,2
2008,33,4.90,246.70,147.40,69.50,42.40,191.54,405.00,9.70,0
2008,34,0.00,252.10,150.70,62.70,59.40,194.82,414.25,15.00,2
2008,35,0.00,256.00,150.20,63.60,59.50,195.24,449.00,19.00,2
2008,36,0.00,252.40,149.30,68.90,59.10,195.04,458.00,21.75,0
2008,37,0.00,257.40,157.50,71.40,74.30,200.70,426.00,24.25,0
2008,38,0.00,260.30,154.30,73.90,88.90,201.20,413.00,19.50,0
2008,39,0.00,261.90,150.70,69.60,76.60,198.88,431.00,29.15,0
2008,40,0.00,260.10,156.40,62.90,61.80,201.46,499.00,22.00,0
2008,41,0.00,263.00,154.70,66.60,78.70,200.18,364.25,14.83,0
2008,42,0.00,263.20,158.40,70.10,89.30,202.26,371.50,18.37,0
2008,43,0.00,262.60,158.10,73.60,77.70,202.22,363.00,16.07,2
2008,44,0.00,267.30,159.00,73.00,100.10,203.16,356.50,22.27,0
2008,45,0.00,263.00,157.40,65.60,81.30,200.88,398.75,15.93,0
2008,46,9.80,257.10,158.40,63.80,66.20,198.86,395.50,19.33,0
2008,47,0.00,261.20,151.80,67.90,80.50,199.10,393.00,17.07,0
2008,48,0.00,261.20,158.70,64.80,104.80,202.46,386.75,20.67,0
2008,49,0.00,257.70,163.70,58.50,86.00,202.58,433.50,20.38,0
2008,50,0.00,261.80,163.00,63.30,82.50,201.84,465.00,24.00,0
2008,51,0.00,258.20,160.80,59.30,86.60,201.80,481.91,23.50,0
2008,52,0.30,256.20,158.60,54.30,82.20,200.68,483.00,19.75,0
2008,53,0.40,149.60,94.10,32.20,38.50,116.86,256.50,12.08,0
2009,1,1.00,111.10,70.40,25.10,33.80,86.50,202.25,8.17,0
2009,2,2.00,259.50,161.10,54.90,84.90,203.02,395.00,14.23,0
2009,3,0.00,254.60,168.00,52.50,87.30,202.12,414.25,13.50,0
2009,4,126.90,228.30,161.60,32.90,35.30,185.46,579.50,10.13,0
2009,5,45.80,224.60,159.80,41.20,31.80,186.34,553.50,12.37,1
2009,6,23.40,225.10,159.80,47.30,27.80,187.00,551.25,8.10,1
2009,7,6.80,232.10,159.90,58.81,40.20,189.52,521.00,11.17,2
2009,8,41.60,221.50,156.90,38.40,19.60,181.94,593.25,9.20,4
2009,9,79.10,213.90,156.10,27.50,14.00,176.64,632.25,6.73,5
2009,10,50.40,210.40,157.90,25.40,12.00,177.36,623.25,7.80,2
2009,11,54.00,220.20,161.80,37.00,17.40,182.64,584.50,8.17,1
2009,12,60.00,217.00,158.30,36.20,15.30,179.04,606.00,10.10,2
2009,13,90.60,213.00,160.40,27.50,12.30,179.58,627.75,5.93,2
2009,14,89.60,215.00,158.70,38.50,15.20,178.40,609.00,7.33,2
2009,15,91.00,217.50,158.60,36.50,15.10,178.78,612.00,6.87,1
2009,16,13.90,211.00,158.90,28.90,14.30,178.84,600.00,11.87,1
2009,17,136.30,215.60,161.50,32.50,15.90,179.20,604.75,6.70,3
2009,18,48.60,214.60,159.10,35.90,14.10,179.76,604.25,7.33,0
2009,19,89.10,210.90,158.40,34.90,11.70,176.88,605.25,5.10,0
2009,20,45.80,216.20,157.50,41.80,14.40,178.44,592.50,6.17,1
2009,21,78.00,210.40,157.60,26.40,13.50,178.80,611.50,5.33,1
2009,22,54.60,212.90,156.40,34.80,12.80,177.36,600.25,5.53,1
2009,23,47.60,218.20,156.10,54.10,18.20,180.34,592.50,5.77,0
2009,24,6.80,213.30,152.80,46.80,17.70,177.24,581.75,8.60,1
2009,25,7.40,216.90,150.80,49.90,19.20,178.10,575.50,6.13,1
2009,26,24.30,209.40,147.60,42.90,16.30,174.54,576.50,6.87,1
2009,27,0.20,216.70,144.70,61.40,27.50,174.40,573.66,4.13,1
2009,28,12.70,213.80,145.40,40.50,15.50,173.20,600.00,3.00,0
2009,29,11.90,218.70,149.60,43.50,12.20,177.66,596.00,3.10,0
2009,30,15.20,216.60,149.30,50.50,7.50,176.16,598.00,3.50,0
2009,31,0.00,233.70,138.20,72.50,36.10,178.20,547.75,3.10,1
2009,32,7.20,233.90,139.90,65.30,51.30,179.86,504.25,12.47,0
2009,33,3.00,237.60,142.40,60.30,39.20,183.66,464.75,7.33,0
2009,34,0.00,247.40,138.80,71.60,61.30,187.18,451.75,16.43,0
2009,35,8.60,239.50,149.30,54.30,68.50,185.36,479.75,11.40,0
2009,36,0.00,252.40,140.60,72.40,84.10,191.22,412.25,14.97,0
2009,37,0.00,253.20,142.80,69.90,77.10,191.58,408.75,15.33,0
2009,38,0.00,255.50,157.00,61.80,65.60,195.80,438.50,21.00,1
2009,39,0.30,256.60,151.60,64.90,77.50,195.04,396.50,17.77,1
2009,40,0.00,259.70,149.20,75.00,90.10,198.22,377.00,24.73,0
2009,41,0.00,257.30,150.90,65.30,88.10,194.28,407.25,17.80,0
2009,42,0.00,256.60,147.10,64.80,65.30,193.70,408.25,16.98,1
2009,43,0.00,260.40,151.70,60.80,62.40,194.16,466.00,14.60,0
2009,44,0.00,220.80,127.20,46.00,50.42,166.60,354.50,18.07,0
2009,45,0.00,261.40,151.90,68.20,84.20,198.96,392.00,21.83,0
2009,46,0.00,258.90,158.20,61.50,83.40,199.04,406.25,22.67,0
2009,47,0.00,254.80,153.10,59.51,85.20,196.68,398.25,17.90,0
2009,48,0.00,258.70,147.50,66.90,84.20,196.60,395.75,22.83,0
2009,49,0.00,257.60,157.10,49.00,90.40,200.32,426.25,20.08,0
2009,50,0.70,257.00,156.90,54.00,85.30,200.34,470.00,24.25,0
2009,51,0.60,254.60,159.20,57.50,70.00,200.02,466.00,25.75,0
2009,52,0.00,256.50,164.80,49.20,76.70,203.82,428.00,24.00,2
2009,53,0.60,180.50,118.40,28.90,48.60,143.50,310.50,17.67,0
2010,1,0.40,65.20,48.00,3.90,14.10,54.00,139.25,3.70,0
2010,2,1.60,244.10,156.70,33.70,58.90,194.02,461.25,12.53,0
2010,3,10.70,249.80,157.50,46.70,55.60,196.56,437.00,12.63,2
2010,4,57.40,249.10,158.10,56.40,56.60,197.04,437.00,16.07,0
2010,5,104.60,238.90,162.10,48.30,34.80,190.44,531.75,12.53,0
2010,6,1.90,243.90,164.60,59.50,46.20,199.62,424.25,18.40,2
2010,7,33.70,226.80,158.50,27.80,27.40,186.82,560.50,8.23,0
2010,8,30.70,240.40,159.50,61.70,31.80,194.20,471.25,16.00,0
2010,9,0.00,257.20,162.60,63.40,56.00,202.12,432.00,12.73,0
2010,10,1.10,263.10,161.70,66.10,63.60,202.98,395.75,16.77,2
2010,11,0.00,262.40,167.40,59.40,65.30,203.98,429.50,14.60,0
2010,12,25.70,257.10,162.90,54.30,71.30,200.68,440.50,16.53,0
2010,13,16.50,239.00,166.00,35.80,34.70,193.34,511.50,9.83,4
2010,14,92.50,232.70,165.40,40.00,27.70,188.56,580.50,7.07,0
2010,15,15.30,227.80,165.80,42.20,23.50,189.92,557.25,7.57,0
2010,16,3.20,232.20,161.90,51.10,24.40,190.68,505.50,11.37,0
2010,17,40.50,225.70,164.60,42.10,18.90,187.44,562.25,7.10,0
2010,18,19.00,235.90,158.00,51.60,32.20,188.92,524.50,9.57,0
2010,19,23.90,230.60,161.60,47.80,20.50,187.90,561.50,6.27,2
2010,20,1.30,239.60,158.30,59.80,30.00,192.50,482.00,11.03,0
2010,21,0.00,252.50,154.70,65.20,55.90,196.86,438.50,12.37,0
2010,22,13.90,252.40,162.10,58.00,51.50,199.28,441.00,14.63,0
2010,23,69.50,241.10,161.00,52.80,52.30,191.62,511.25,10.23,0
2010,24,0.00,241.80,149.80,69.30,51.80,191.88,432.50,10.57,0
2010,25,3.60,240.30,153.30,52.80,58.00,194.62,417.25,11.07,0
2010,26,0.00,252.10,145.60,68.00,72.70,195.32,383.75,13.10,0
2010,27,0.00,250.20,151.10,57.10,77.20,198.16,403.00,11.75,0
2010,28,8.80,253.00,150.40,58.70,81.10,198.28,440.00,10.40,2
2010,29,0.00,249.10,153.90,53.10,81.10,197.30,460.00,9.45,1
2010,30,0.00,251.80,152.80,56.40,80.40,198.62,453.00,7.35,0
2010,31,0.00,256.70,150.80,67.40,98.20,200.80,451.00,8.00,6
2010,32,0.00,256.50,155.70,62.00,93.30,199.00,442.25,14.43,0
2010,33,0.00,254.70,145.20,67.80,95.20,196.14,423.50,15.80,0
2010,34,0.00,256.20,147.80,72.10,97.40,196.30,458.50,13.17,0
2010,35,0.00,261.90,157.60,71.50,98.00,200.56,438.50,17.17,3
2010,36,0.00,258.60,150.70,70.00,97.10,199.32,427.00,15.83,8
2010,37,0.00,260.20,152.90,72.30,96.00,197.76,425.75,19.50,8
2010,38,0.00,263.90,152.20,73.50,106.60,201.02,399.75,17.73,2
2010,39,0.00,263.10,151.80,73.50,99.00,204.40,355.00,21.50,12
2010,40,0.00,265.90,157.40,74.40,104.10,200.66,380.75,20.40,6
2010,41,0.00,270.10,153.30,73.40,99.40,200.96,361.00,19.17,5
2010,42,0.00,262.30,156.80,65.10,100.00,201.16,359.25,18.17,6
2010,43,9.90,256.50,161.40,51.10,82.90,197.90,424.75,15.27,16
2010,44,0.00,260.90,165.60,58.90,73.90,200.54,412.75,10.80,7
2010,45,0.00,266.30,160.70,72.90,95.30,203.84,366.25,24.00,2
2010,46,0.00,268.80,156.30,74.20,100.20,205.88,356.00,17.67,2
2010,47,0.00,260.40,165.00,57.70,89.30,202.86,399.00,20.73,6
2010,48,0.00,262.30,158.30,63.90,91.10,201.36,385.25,21.90,7
2010,49,0.00,261.00,164.30,59.20,93.50,204.80,404.00,23.75,8
2010,50,0.00,255.50,163.20,54.10,81.50,200.54,458.00,25.75,2
2010,51,25.20,230.40,158.90,20.00,43.40,186.44,565.00,12.50,4
2010,52,9.60,247.30,157.40,57.00,64.00,195.42,495.00,19.25,6
2010,53,24.40,211.60,138.90,54.90,46.50,168.06,415.75,17.25,4
2011,1,0.00,35.90,20.80,10.90,11.20,28.08,52.75,3.00,0
2011,2,54.10,234.60,160.70,47.20,51.00,189.80,493.50,13.90,7
2011,3,44.00,219.00,152.70,40.80,30.60,181.04,545.50,9.27,6
2011,4,29.20,209.00,153.30,18.80,20.40,173.88,591.00,10.73,8
2011,5,52.30,212.00,151.10,38.00,18.50,176.90,588.00,7.90,9
2011,6,34.40,227.40,159.80,57.00,21.50,185.00,550.00,13.43,15
2011,7,2.50,225.30,156.70,47.50,18.80,185.26,535.75,8.13,9
2011,8,28.30,218.40,157.80,34.30,17.60,179.22,578.75,8.63,7
2011,9,59.70,219.40,154.60,43.20,13.30,177.90,630.25,7.23,7
2011,10,70.50,215.90,155.60,43.10,14.00,176.96,589.75,6.33,13
2011,11,40.70,213.30,154.20,35.00,8.30,177.88,610.25,3.77,6
2011,12,71.80,218.80,153.50,46.70,6.80,178.74,596.00,7.17,6
2011,13,3.80,224.00,155.10,54.60,7.50,182.12,574.00,7.97,1
2011,14,44.80,219.30,155.60,40.30,5.30,180.20,602.75,7.60,1
2011,15,100.50,220.10,152.30,49.60,4.10,179.06,577.75,6.33,0
2011,16,134.80,209.40,154.10,24.50,5.40,174.12,610.50,8.80,0
2011,17,84.10,216.10,155.30,45.00,12.50,178.82,602.25,5.70,1
2011,18,20.50,216.40,158.50,41.80,15.20,178.24,572.00,7.27,0
2011,19,14.70,212.80,160.80,31.20,13.10,181.94,592.75,6.77,0
2011,20,49.80,216.80,160.30,41.21,18.50,182.24,555.75,7.10,0
2011,21,44.80,216.90,157.80,47.80,17.50,181.02,577.50,4.37,0
2011,22,4.70,215.50,158.00,53.00,20.40,181.42,554.50,7.67,0
2011,23,26.00,215.30,146.30,51.30,18.80,176.98,541.75,3.67,0
2011,24,4.90,220.30,150.30,57.10,24.00,179.18,547.25,9.23,0
2011,25,0.20,224.20,143.90,59.50,37.50,180.20,521.25,9.03,0
2011,26,28.90,219.40,149.50,46.50,25.40,179.34,543.50,6.67,0
2011,27,1.50,225.80,148.40,59.40,32.10,180.82,532.75,6.88,0
2011,28,15.00,214.20,151.30,43.20,36.10,178.30,595.00,6.40,0
2011,29,15.00,213.70,150.30,43.50,34.70,177.06,557.91,3.80,0
2011,30,20.70,230.00,146.20,61.00,36.90,183.48,510.91,4.05,0
2011,31,0.00,231.50,141.20,58.40,61.60,184.18,477.91,6.25,0
2011,32,0.00,243.90,143.60,61.20,57.30,186.90,452.75,8.87,0
2011,33,0.40,246.50,147.40,69.60,68.50,191.50,420.00,14.30,0
2011,34,0.00,249.10,143.30,67.90,76.60,190.60,392.75,12.07,0
2011,35,6.70,240.80,150.50,60.40,79.80,190.06,414.75,17.33,0
2011,36,0.00,251.20,144.90,66.00,84.40,191.20,399.75,17.93,0
2011,37,0.00,253.80,143.70,68.70,80.42,193.92,455.00,22.67,0
2011,38,0.00,254.50,149.60,66.50,86.90,196.62,464.00,22.75,0
2011,39,0.00,260.20,149.30,72.20,90.50,197.54,468.00,22.75,0
2011,40,0.00,261.00,152.80,68.90,88.60,198.52,481.75,27.25,0
2011,41,0.00,262.00,155.50,69.00,98.50,199.22,398.25,22.00,0
2011,42,0.00,256.40,160.60,56.00,84.30,197.10,419.75,14.23,0
2011,43,41.00,243.80,160.00,36.40,53.70,191.46,483.75,12.83,0
2011,44,0.00,251.30,156.30,67.40,79.50,195.66,408.25,15.43,0
2011,45,0.20,244.60,151.80,56.20,64.60,192.62,437.00,17.50,0
2011,46,0.00,256.70,151.40,67.00,84.30,197.36,383.75,17.90,0
2011,47,0.00,257.80,147.90,70.40,84.80,196.46,388.75,21.23,0
2011,48,0.00,255.80,151.00,56.50,81.70,196.58,404.25,15.47,0
2011,49,0.00,257.10,156.80,58.90,73.00,196.36,440.75,16.93,0
2011,50,0.00,256.10,147.40,67.80,88.20,197.52,458.00,30.75,0
2011,51,0.00,256.50,152.20,66.50,82.40,196.22,478.91,21.00,0
2011,52,0.00,259.70,161.50,58.70,86.30,200.48,492.00,30.25,1
2011,53,0.00,258.70,159.90,60.10,83.40,200.60,478.25,21.33,1
2012,1,0.00,255.90,161.50,61.80,87.60,200.00,415.75,22.00,1
2012,2,0.00,259.60,157.80,65.50,96.70,201.58,391.25,18.50,0
2012,3,73.20,237.70,160.30,31.90,55.70,189.52,492.75,13.17,1
2012,4,31.40,232.90,159.20,34.90,44.10,188.52,494.50,8.47,0
2012,5,0.80,244.70,156.70,69.20,69.50,194.54,409.50,18.33,0
2012,6,1.80,248.90,159.00,48.80,81.80,195.90,417.00,16.80,1
2012,7,5.80,232.50,159.90,27.80,47.10,185.82,512.50,13.10,0
2012,8,80.50,234.60,151.50,55.20,33.20,182.60,544.25,9.42,2
2012,9,7.30,226.40,152.00,55.90,35.60,183.30,524.25,8.33,2
2012,10,0.40,234.40,157.20,56.81,45.90,188.00,520.50,11.68,0
2012,11,19.30,235.60,158.90,42.61,35.60,188.60,496.50,10.73,0
2012,12,45.80,230.30,153.60,40.40,41.00,185.18,564.75,6.93,1
2012,13,124.60,222.50,157.20,32.50,24.80,182.60,555.75,13.63,0
2012,14,8.60,231.40,157.40,49.30,26.70,188.08,554.50,6.90,0
2012,15,2.80,238.80,157.10,54.10,42.90,191.12,464.00,8.53,2
2012,16,23.20,223.00,157.70,32.30,21.10,181.98,598.00,6.07,2
2012,17,15.60,237.60,156.50,55.71,29.50,189.40,504.25,10.47,0
2012,18,0.00,245.30,150.60,62.30,53.90,192.00,447.00,11.53,2
2012,19,0.00,250.70,155.20,53.80,62.20,195.16,420.75,16.43,1
2012,20,0.20,253.20,159.90,61.60,58.90,195.76,424.75,18.07,1
2012,21,6.90,241.10,149.30,52.50,58.80,188.50,460.25,7.10,2
2012,22,0.00,250.80,151.00,59.00,50.80,194.82,396.50,12.70,0
2012,23,0.00,245.80,151.00,43.70,66.00,193.70,434.25,18.03,0
2012,24,0.00,252.10,148.10,57.50,77.50,194.90,396.50,15.57,0
2012,25,0.10,250.50,154.00,52.80,64.10,192.74,454.00,14.67,0
2012,26,0.00,249.50,149.30,60.20,69.60,194.64,400.25,15.20,0
2012,27,0.00,245.20,154.20,47.80,85.80,195.30,424.00,6.00,0
2012,28,0.00,252.70,154.70,56.10,81.60,195.34,463.00,7.65,2
2012,29,0.00,248.70,150.10,50.10,78.70,192.60,462.00,8.55,1
2012,30,0.00,252.40,149.90,69.60,93.30,197.50,403.00,14.10,0
2012,31,0.00,251.60,140.90,73.10,97.40,194.24,358.50,11.50,1
2012,32,0.00,251.60,159.10,60.10,78.70,196.80,405.75,21.17,0
2012,33,0.00,252.20,149.10,61.80,99.50,197.32,378.00,18.90,1
2012,34,0.00,254.10,145.20,74.30,102.30,196.68,358.75,20.83,0
2012,35,0.00,256.80,148.00,70.30,95.50,194.82,401.25,19.23,0
2012,36,0.00,254.40,149.40,75.20,101.40,196.40,448.00,30.75,0
2012,37,0.00,257.40,149.60,69.50,93.60,196.80,470.00,27.25,0
2012,38,0.00,257.20,155.00,68.10,96.60,199.20,466.00,22.75,0
2012,39,0.00,257.00,157.20,70.60,93.90,198.48,476.00,20.25,0
2012,40,0.00,259.54,155.51,72.30,79.80,198.03,436.91,24.71,0
2012,41,0.00,259.50,159.60,62.60,90.60,199.84,401.75,20.23,0
2012,42,0.00,256.40,159.90,61.70,97.80,198.86,395.50,18.13,1
2012,43,1.00,263.20,155.70,66.30,98.40,198.78,402.00,16.83,0
2012,44,0.00,258.00,156.80,63.80,89.60,196.48,436.50,17.44,0
2012,45,0.00,257.90,158.80,69.80,96.70,198.34,405.25,15.17,0
2012,46,0.00,262.90,156.40,69.71,83.70,198.40,392.00,16.20,0
2012,47,0.00,262.80,160.80,67.90,98.90,201.58,381.00,11.93,0
2012,48,0.00,251.40,164.90,52.90,84.10,200.30,423.50,14.87,0
2012,49,0.00,256.20,160.20,58.60,85.40,200.00,490.00,28.00,0
2012,50,0.00,261.10,161.60,63.90,87.70,202.66,473.00,25.25,0
2012,51,0.00,258.90,166.60,57.40,84.40,203.94,480.00,20.00,0
2012,52,0.00,260.80,166.10,55.80,84.20,203.50,491.00,17.50,0
2012,53,0.00,74.20,48.30,12.90,22.50,58.38,126.25,4.00,0
2013,1,73.90,167.00,114.70,12.90,34.60,134.36,368.50,7.43,0
2013,2,12.30,243.60,165.60,49.10,60.90,197.24,461.25,12.40,0
2013,3,1.20,242.90,164.00,50.00,66.72,196.70,481.75,8.87,0
2013,4,14.20,245.90,161.10,47.80,47.40,195.42,505.50,11.00,0
2013,5,0.00,258.30,159.70,63.10,82.70,201.16,417.00,14.57,0
2013,6,1.20,256.60,162.40,54.10,82.70,201.08,430.75,15.97,0
2013,7,46.60,241.50,169.00,45.80,64.70,196.88,489.50,11.40,0
2013,8,68.80,229.20,155.70,50.80,33.20,187.76,528.75,9.03,0
2013,9,0.00,246.90,160.80,71.40,73.40,199.70,430.00,13.07,0
2013,10,0.00,253.00,164.80,55.90,83.40,202.78,428.25,11.97,0
2013,11,0.00,259.50,168.40,55.50,71.10,204.68,433.25,14.70,0
2013,12,21.40,242.40,165.30,44.00,54.32,195.92,483.75,10.17,0
2013,13,88.90,227.60,158.30,49.80,26.20,186.52,537.00,7.93,0
2013,14,21.30,229.90,159.80,51.10,30.10,190.04,515.25,10.43,1
2013,15,1.20,238.70,162.30,61.20,39.00,193.72,475.50,10.63,2
2013,16,29.70,229.80,160.00,44.00,37.80,187.42,497.00,7.50,0
2013,17,20.10,226.70,159.00,49.60,24.20,185.80,530.25,6.00,1
2013,18,45.20,224.50,155.90,46.50,25.80,183.52,560.00,4.47,0
2013,19,6.50,227.50,158.20,53.20,25.20,186.48,538.00,6.53,0
2013,20,29.20,223.00,156.90,42.40,27.70,184.08,533.00,5.10,0
2013,21,28.50,221.50,157.70,41.00,16.50,182.30,564.00,5.63,0
2013,22,0.00,231.60,142.60,68.80,41.20,182.00,497.50,7.57,0
2013,23,4.10,234.60,147.70,66.20,40.00,185.50,487.00,7.10,0
2013,24,27.60,230.80,158.00,47.10,48.80,187.04,487.50,6.93,0
2013,25,20.70,229.50,146.70,52.60,44.10,182.40,506.75,8.27,0
2013,26,7.00,230.50,152.60,52.60,36.90,186.78,490.25,6.20,0
2013,27,16.40,226.10,150.70,48.40,42.40,182.82,535.00,3.57,1
2013,28,7.70,232.30,146.90,57.20,49.70,184.58,514.91,6.00,0
2013,29,24.40,230.40,144.40,56.10,46.10,182.18,534.00,5.10,0
2013,30,3.70,237.70,147.50,55.70,57.30,188.04,507.00,8.25,1
2013,31,0.00,247.80,138.70,73.60,76.60,189.66,394.75,7.07,2
2013,32,0.00,249.60,143.20,69.90,85.00,191.70,373.25,9.83,3
2013,33,0.00,254.30,155.30,67.00,83.80,196.04,408.75,13.17,1
2013,34,0.00,254.60,155.00,70.30,88.70,197.06,396.50,13.83,2
2013,35,0.00,256.30,158.90,61.20,91.80,199.52,406.50,12.57,0
2013,36,0.00,255.20,158.20,67.20,94.80,198.06,374.75,13.10,1
2013,37,0.00,258.60,159.30,68.40,88.80,198.60,408.25,14.00,0
2013,38,0.00,258.50,158.60,74.30,94.14,200.92,362.00,17.40,0
2013,39,0.00,259.70,155.30,72.50,93.80,197.64,419.25,13.90,1
2013,40,0.00,262.10,151.70,73.00,97.20,197.90,380.25,12.33,0
2013,41,0.00,265.00,158.30,66.90,101.00,202.18,371.50,13.13,1
2013,42,0.00,258.80,157.50,72.20,106.70,200.74,370.50,16.00,1
2013,43,0.00,262.00,156.70,68.50,98.70,200.40,412.50,13.67,0
2013,44,0.70,257.10,158.20,69.00,92.80,198.62,394.50,16.40,0
2013,45,55.90,252.20,154.10,51.60,80.50,195.28,441.50,14.33,0
2013,46,0.00,250.50,157.40,57.10,90.10,196.62,393.50,14.13,0
2013,47,0.70,248.70,153.90,53.20,85.40,195.82,422.50,14.87,0
2013,48,0.00,252.90,154.60,56.00,70.30,196.40,401.75,12.50,0
2013,49,0.00,259.20,155.20,69.80,85.80,199.56,439.00,14.25,0
2013,50,0.00,255.40,152.70,70.10,84.50,196.42,490.00,18.25,0
2013,51,13.70,241.90,159.20,37.60,64.70,193.58,489.00,11.50,0
2013,52,0.60,255.30,153.40,57.71,74.70,198.86,488.00,12.75,0
2013,53,0.00,109.90,62.60,26.60,25.80,84.56,185.75,6.67,0
2014,1,0.30,141.60,87.90,33.40,41.80,111.58,255.75,7.00,0
2014,2,59.40,234.90,153.00,41.00,42.50,184.08,509.25,9.33,0
2014,3,0.00,237.20,160.10,46.60,65.60,193.06,489.75,9.50,1
2014,4,2.60,246.40,155.20,48.70,65.80,195.42,432.75,11.37,0
2014,5,19.50,246.40,151.70,48.20,64.80,192.74,484.25,10.27,0
2014,6,0.00,241.50,156.70,37.80,48.30,192.80,483.50,10.40,0
2014,7,41.70,239.30,161.00,32.50,49.10,193.96,509.00,6.40,0
2014,8,138.80,224.90,153.30,35.90,23.80,181.62,562.50,4.47,0
2014,9,0.70,236.40,150.80,58.00,47.90,189.72,494.75,7.67,1
2014,10,25.20,232.70,157.10,45.90,36.00,188.62,533.00,7.63,1
2014,11,16.20,221.50,156.20,40.30,25.30,181.74,573.50,8.07,0
2014,12,52.50,227.10,153.10,47.60,31.20,183.94,566.75,5.37,2
2014,13,2.20,234.30,155.40,58.30,37.40,189.02,537.75,7.80,0
2014,14,96.30,224.60,150.10,36.70,21.40,179.00,598.25,4.63,1
2014,15,78.90,217.40,152.70,34.10,14.50,179.06,618.75,2.93,1
2014,16,34.90,222.40,153.10,49.90,20.30,184.16,580.75,3.27,1
2014,17,7.70,229.00,157.01,42.00,23.10,186.26,565.25,7.49,1
2014,18,73.40,218.90,152.90,36.60,14.30,179.00,588.50,5.72,3
2014,19,1.90,226.90,153.40,52.50,28.10,184.54,577.25,9.79,4
2014,20,75.50,217.40,152.60,35.50,16.00,179.26,597.50,10.82,6
2014,21,33.10,227.20,151.60,55.60,19.60,184.06,570.50,10.28,3
2014,22,5.90,225.60,146.70,55.10,13.30,182.06,568.25,4.47,10
2014,23,0.60,232.30,146.30,63.20,26.10,185.94,528.75,5.47,13
2014,24,2.40,238.00,145.00,60.50,42.70,186.04,500.00,5.17,27
2014,25,0.00,237.70,147.90,45.70,65.10,189.84,497.75,6.90,17
2014,26,7.00,239.60,145.50,51.80,80.80,189.60,460.00,9.40,40
2014,27,0.00,248.40,139.20,62.20,84.40,190.54,487.72,8.13,46
2014,28,0.00,247.80,149.30,57.20,96.12,194.38,494.82,7.80,68
2014,29,0.00,249.00,142.30,72.70,96.70,193.10,469.00,10.15,54
2014,30,0.00,245.80,137.90,63.10,91.90,192.04,462.00,8.25,42
2014,31,0.00,253.60,141.10,70.60,74.20,194.56,442.16,10.57,34
2014,32,0.00,252.70,142.10,64.30,84.00,192.86,437.25,12.97,19
2014,33,0.00,254.20,138.50,67.10,90.10,194.96,393.75,12.37,10
2014,34,0.00,255.50,142.90,70.00,79.30,195.70,402.50,11.03,11
2014,35,0.00,252.50,151.60,61.40,95.60,197.04,411.50,14.17,6
2014,36,0.00,255.60,154.80,61.30,88.60,196.48,406.00,13.73,3
2014,37,0.00,256.00,159.10,62.50,90.50,199.98,389.00,14.33,6
2014,38,0.00,256.60,158.90,66.10,88.50,197.56,412.25,16.83,4
2014,39,0.00,260.80,154.40,69.20,94.80,198.68,378.25,12.40,2
2014,40,0.00,258.40,165.40,58.20,92.20,200.82,409.00,16.07,1
2014,41,0.00,260.10,165.10,69.10,93.70,203.38,381.75,11.83,1
2014,42,0.00,265.80,160.60,72.40,103.70,204.14,384.00,13.83,0
2014,43,0.00,260.10,157.40,70.00,88.40,199.30,398.00,10.47,2
2014,44,0.00,260.20,152.70,70.00,106.10,199.76,347.25,14.67,0
2014,45,0.00,256.30,163.40,54.80,84.10,199.18,392.75,12.73,0
2014,46,0.00,258.40,155.20,56.41,82.00,197.54,370.25,15.83,1
2014,47,3.60,250.80,169.80,54.80,76.00,200.00,396.50,15.67,1
2014,48,0.00,258.10,154.70,68.80,88.40,199.12,370.00,14.83,1
2014,49,0.00,256.20,157.90,61.90,74.40,200.50,399.00,13.58,2
2014,50,0.00,253.70,161.40,53.20,84.50,200.32,435.00,15.75,2
2014,51,0.00,254.60,159.90,56.10,75.40,199.68,440.91,11.50,0
2014,52,0.00,249.60,162.00,41.20,87.50,200.84,419.00,15.75,1
2014,53,2.60,144.50,93.10,26.60,40.30,112.96,260.25,5.98,0
2015,1,0.00,105.00,72.60,19.00,33.30,83.28,195.25,4.23,0
2015,2,13.60,248.80,159.70,56.60,70.40,196.08,419.00,11.43,0
2015,3,0.00,258.80,163.40,64.70,101.10,203.86,372.50,15.23,3
2015,4,1.40,253.10,163.50,49.20,87.30,199.80,401.75,11.13,1
2015,5,0.00,259.10,155.60,64.20,92.80,201.00,360.00,10.50,1
2015,6,25.90,248.40,161.90,43.40,62.90,195.08,480.00,9.40,1
2015,7,0.00,258.40,163.20,66.10,89.90,205.18,379.50,14.27,2
2015,8,54.70,229.30,158.40,25.70,42.50,185.70,536.25,5.67,0
2015,9,101.60,220.20,155.50,29.90,22.40,180.64,571.75,5.43,2
2015,10,40.90,220.30,156.50,40.30,17.90,180.60,567.75,4.80,1
2015,11,10.70,226.60,157.50,48.40,26.40,184.88,539.25,5.20,1
2015,12,2.00,230.10,161.00,43.30,34.20,188.02,523.25,6.63,0
2015,13,42.00,216.00,158.90,33.30,17.80,179.56,569.00,3.70,0
2015,14,93.70,221.10,158.00,34.70,15.70,178.64,613.75,4.40,4
2015,15,17.00,222.00,159.50,35.30,16.90,182.48,598.50,4.97,1
2015,16,28.30,220.90,155.60,38.90,17.20,182.22,577.00,5.13,0
2015,17,12.10,220.40,158.50,49.80,19.70,183.00,578.75,4.47,3
2015,18,0.00,233.10,150.20,62.70,33.80,185.80,536.00,7.97,3
2015,19,15.10,230.70,155.40,50.80,36.90,187.10,543.00,6.90,1
2015,20,9.40,234.10,147.50,67.90,41.00,186.50,510.25,7.73,3
2015,21,5.10,238.60,154.00,48.30,47.90,190.76,518.00,6.75,9
2015,22,0.00,246.10,151.90,52.20,49.70,192.88,536.00,9.50,4
2015,23,40.00,243.00,155.80,50.50,49.20,189.96,475.00,9.50,13
2015,24,2.10,243.30,149.10,53.10,51.00,190.52,458.00,12.33,9
2015,25,1.20,248.00,142.50,65.80,75.40,189.62,424.00,9.83,12
2015,26,1.60,246.00,146.50,55.30,66.20,189.62,424.00,10.83,9
2015,27,8.40,236.80,151.60,39.60,61.30,189.42,499.75,7.10,8
2015,28,28.00,237.00,144.80,58.50,51.00,186.28,479.91,6.45,4
2015,29,0.00,231.80,146.00,48.60,71.62,186.46,454.00,8.35,0
2015,30,0.00,244.30,149.20,56.80,70.10,191.08,481.00,8.50,0
2015,31,0.00,248.40,149.30,63.70,75.70,193.56,451.50,10.30,0
2015,32,0.00,251.50,140.30,73.30,88.10,193.16,405.75,10.03,0
2015,33,0.00,251.00,144.20,67.80,91.70,193.80,400.75,10.13,0
2015,34,0.00,257.70,148.50,72.00,89.80,195.92,399.00,8.17,0
2015,35,0.00,258.90,149.10,70.80,89.10,194.50,422.25,13.30,0
2015,36,0.00,255.90,155.70,57.80,79.70,194.34,442.50,9.10,0
2015,37,0.00,257.60,154.20,68.20,95.10,197.32,410.50,11.50,0
2015,38,0.00,257.80,154.60,69.80,91.60,197.08,405.00,11.97,0
2015,39,0.00,257.70,148.90,64.70,101.00,195.74,397.00,14.50,0
2015,40,0.00,260.50,152.80,65.80,99.20,197.68,385.25,9.50,0
2015,41,0.00,260.20,159.30,66.60,104.70,199.84,403.75,13.73,0
2015,42,0.00,262.90,158.00,69.70,108.10,202.50,354.75,15.00,0
2015,43,0.00,264.20,154.90,71.40,101.00,199.40,388.50,11.07,0
2015,44,0.00,255.50,150.50,60.80,99.50,195.78,374.75,12.40,0
2015,45,0.00,263.80,153.30,75.80,103.10,200.50,358.50,10.73,0
2015,46,0.00,259.20,160.30,61.50,92.10,198.22,389.50,8.97,0
2015,47,0.00,266.10,152.20,74.60,102.90,201.02,379.50,10.90,0
2015,48,0.00,264.20,157.00,67.10,94.90,201.04,392.00,7.27,0
2015,49,0.00,265.20,162.00,74.20,109.50,204.56,420.50,14.00,0
2015,50,0.00,264.20,159.00,65.90,83.90,203.12,447.00,13.25,0
2015,51,0.60,262.30,161.70,60.30,91.70,203.44,461.00,12.25,0
2015,52,0.70,260.30,162.80,64.80,89.50,203.44,426.00,12.50,0
2015,53,5.10,180.90,117.50,33.10,66.80,145.02,292.00,6.58,2
2016,1,0.00,72.50,49.70,9.20,23.80,58.44,124.25,2.67,0
2016,2,63.40,239.80,170.30,38.80,67.30,195.50,515.50,9.93,5
2016,3,10.90,240.00,165.60,51.40,51.10,197.12,479.25,8.27,2
2016,4,103.10,212.30,162.90,18.50,23.60,181.46,595.75,4.53,6
2016,5,38.20,218.00,160.50,37.40,24.20,184.44,556.25,4.93,7
2016,6,69.10,213.80,154.60,28.80,21.20,178.56,608.50,3.37,6
2016,7,1.80,231.50,156.80,60.20,30.30,188.48,549.50,6.77,10
2016,8,5.70,228.20,157.30,45.50,32.60,186.18,543.25,5.42,14
2016,9,0.40,237.90,160.20,43.90,37.00,192.58,506.50,6.93,11
2016,10,24.90,237.60,157.20,48.10,37.60,191.86,484.75,6.73,4
2016,11,26.80,239.90,158.50,50.20,30.60,192.68,503.50,7.73,7
2016,12,47.20,233.90,165.20,51.70,23.80,192.42,525.75,5.07,17
2016,13,17.40,234.20,162.80,54.70,25.30,192.80,528.75,4.67,22
2016,14,115.40,221.50,161.10,24.90,14.50,183.36,572.75,3.92,42
2016,15,81.20,214.90,161.80,27.30,8.70,182.38,600.25,4.37,36
2016,16,32.00,224.40,156.90,49.50,18.70,186.10,573.25,3.17,50
2016,17,14.40,223.30,159.70,53.60,19.90,187.54,567.00,3.87,30
2016,18,0.00,237.70,152.30,63.10,27.50,189.52,539.25,4.30,33
2016,19,2.60,235.30,153.70,50.00,26.60,187.82,562.50,5.57,49
2016,20,30.00,233.20,154.90,49.20,20.70,187.84,592.25,3.73,36
2016,21,2.50,242.70,148.10,63.90,31.90,190.26,508.75,4.33,34
2016,22,0.00,246.40,147.20,61.60,49.10,192.52,492.75,5.33,27
2016,23,2.30,246.50,149.90,50.00,46.20,191.60,533.25,4.73,53
2016,24,9.20,242.40,148.10,46.30,42.60,188.08,532.75,5.13,44
2016,25,1.90,249.10,141.80,63.60,60.30,190.00,463.75,5.17,25
2016,26,0.00,253.30,144.30,63.40,68.40,193.90,435.75,5.63,32
2016,27,0.00,250.10,139.60,63.60,87.10,193.72,405.75,6.13,27
2016,28,0.00,245.10,148.60,47.80,82.80,193.62,478.00,6.25,25
2016,29,0.70,251.40,140.10,64.90,68.90,191.66,478.91,6.75,10
2016,30,0.00,253.70,141.30,64.10,74.00,191.56,478.00,6.90,9
2016,31,0.00,253.60,141.40,63.10,85.70,193.66,443.00,10.25,4
2016,32,0.00,257.90,140.80,72.90,98.10,196.30,372.25,7.50,5
2016,33,0.00,258.90,143.70,67.20,86.60,192.32,415.25,6.53,3
2016,34,0.00,257.60,140.10,72.20,88.10,193.76,394.75,9.73,4
2016,35,0.00,260.10,151.80,66.40,95.40,196.80,401.75,9.27,5
2016,36,0.00,261.00,153.00,73.90,102.90,199.98,386.25,9.08,1
2016,37,0.00,265.20,152.70,73.30,95.70,198.02,464.00,10.50,0
2016,38,0.30,262.70,155.30,64.80,92.90,198.68,466.00,11.50,3
2016,39,0.00,261.80,147.30,65.40,96.50,195.46,449.00,14.25,0
2016,40,0.00,258.10,154.00,60.80,87.80,196.94,464.25,15.08,0
2016,41,0.00,262.70,157.20,71.00,102.60,202.70,377.00,11.27,0
2016,42,0.00,265.00,155.50,76.40,118.70,202.40,364.25,11.73,3
2016,43,0.00,264.50,162.90,59.60,102.20,202.92,403.50,9.63,4
2016,44,0.00,266.30,155.60,70.70,110.90,202.36,384.00,9.63,2
2016,45,0.00,264.90,160.70,72.00,119.40,205.36,375.75,13.57,1
2016,46,0.60,261.30,165.60,61.30,106.10,204.30,397.75,11.30,1
2016,47,0.00,256.80,160.00,57.80,93.80,200.74,423.00,10.07,1
2016,48,0.00,265.50,154.70,68.80,99.60,202.58,386.00,11.73,3
2016,49,0.00,264.50,161.00,66.50,104.00,203.42,413.75,12.12,0
2016,50,0.00,266.40,160.00,64.10,88.20,203.56,471.00,10.50,2
2016,51,0.50,253.50,167.20,34.60,79.90,201.46,478.00,9.00,1
2016,52,6.70,244.20,165.50,28.80,74.90,198.46,495.00,8.25,4
2016,53,8.20,255.00,168.40,45.30,83.70,203.44,472.75,9.40,0
2017,1,32.90,256.10,160.40,52.80,69.30,197.82,477.91,7.67,0
2017,2,3.00,242.10,160.00,47.50,59.00,194.20,476.25,8.73,0
2017,3,11.60,239.50,163.10,40.30,51.90,193.72,511.25,6.13,0
2017,4,28.80,235.50,160.90,44.60,42.80,191.18,550.50,6.73,0
2017,5,13.70,241.50,157.30,55.00,47.40,192.98,509.75,5.90,0
2017,6,75.60,228.50,163.00,39.10,43.20,189.56,578.75,5.17,0
2017,7,25.20,223.50,159.20,29.70,21.20,182.64,605.00,4.83,1
2017,8,78.90,220.70,156.80,45.30,19.10,182.76,610.25,4.57,0
2017,9,71.00,216.10,155.30,31.60,17.20,177.86,655.50,3.37,0
2017,10,93.50,221.10,157.80,36.10,18.10,181.96,627.25,6.07,1
2017,11,94.20,217.10,159.80,30.40,11.80,179.50,651.75,3.83,0
2017,12,89.80,216.10,158.50,36.90,15.40,180.44,644.50,3.47,0
2017,13,95.80,215.50,158.20,29.20,14.30,180.32,643.00,2.90,0
2017,14,48.00,221.70,159.40,49.70,19.50,184.40,589.75,3.34,0
2017,15,25.50,217.20,160.90,39.90,17.10,182.92,607.75,3.47,0
2017,16,23.70,225.00,161.30,59.60,26.10,187.44,583.50,3.90,0
2017,17,52.50,223.50,156.40,48.50,17.50,184.08,603.50,4.17,1
2017,18,0.70,219.40,157.20,40.40,20.50,183.70,587.00,3.97,1
2017,19,30.00,223.20,161.40,43.50,20.90,185.62,605.25,3.50,1
2017,20,23.70,228.70,157.00,61.10,22.20,186.74,580.75,3.83,0
2017,21,2.90,232.80,151.30,60.70,31.70,183.94,540.50,4.37,0
2017,22,41.20,218.90,156.40,45.90,18.90,180.86,602.50,3.67,1
2017,23,0.00,230.20,147.40,64.80,37.50,181.60,518.25,4.40,0
2017,24,3.40,226.40,150.30,51.20,35.30,180.86,545.75,4.43,1
2017,25,0.00,239.50,148.90,52.40,46.80,187.66,486.50,5.20,0
2017,26,0.00,238.80,152.80,37.40,53.60,188.44,478.75,5.32,0
2017,27,0.30,236.50,149.20,51.70,56.50,189.08,479.00,4.00,0
2017,28,0.00,243.50,145.20,55.60,78.00,193.84,366.00,4.40,1
2017,29,6.20,239.70,148.10,45.60,64.30,188.34,489.00,4.95,0
2017,30,0.00,246.40,144.70,62.40,76.90,194.04,429.00,5.85,1
2017,31,0.00,251.90,148.90,67.80,85.60,194.34,405.50,7.55,0
2017,32,0.00,256.00,146.90,72.60,82.30,194.44,384.00,9.50,0
2017,33,0.00,258.20,145.80,62.40,85.50,194.80,402.50,7.07,0
2017,34,1.40,258.10,153.60,66.80,98.30,198.06,396.75,7.37,0
2017,35,0.30,258.10,148.70,68.70,85.70,198.36,358.75,10.20,0
2017,36,0.00,255.40,151.10,68.20,91.62,196.78,372.75,12.63,0
2017,37,0.00,259.70,155.70,71.20,111.20,201.54,350.00,12.83,0
2017,38,0.00,261.90,155.70,70.30,108.70,200.52,371.50,9.27,0
2017,39,0.00,260.80,159.00,71.70,99.70,200.04,370.00,11.57,0
2017,40,0.00,263.40,158.40,76.20,119.10,201.82,359.75,16.07,0
2017,41,0.00,261.70,161.60,64.10,93.80,199.56,405.75,10.00,0
2017,42,0.00,258.50,162.60,64.50,102.90,199.98,410.75,15.67,0
2017,43,0.00,266.90,163.70,72.80,119.30,206.60,364.25,15.17,0
2017,44,0.00,262.40,156.10,65.00,102.50,201.00,400.50,12.07,0
2017,45,0.00,253.80,153.00,44.10,93.40,195.70,395.75,8.70,0
2017,46,0.00,255.80,151.30,61.30,92.60,197.16,390.25,15.20,0
2017,47,0.00,257.70,154.70,55.20,93.90,198.42,400.25,12.70,0
2017,48,0.00,257.90,155.00,57.90,89.80,198.66,411.00,13.32,0
2017,49,0.00,262.80,157.30,67.30,102.10,202.54,449.00,15.75,0
2017,50,0.00,258.90,158.70,56.90,89.40,201.04,458.00,14.00,0
2017,51,0.00,241.90,163.00,26.50,71.40,196.18,505.00,9.25,0
2017,52,1.60,258.40,165.10,48.80,75.20,201.98,489.91,12.25,1
2017,53,0.00,37.70,23.70,10.20,14.30,29.36,57.50,1.57,0
2018,1,0.00,219.00,141.80,43.60,81.40,172.96,358.50,11.67,0
2018,2,2.10,250.00,156.10,44.40,84.30,197.22,422.75,11.57,0
2018,3,1.30,256.30,162.00,49.10,83.30,202.10,405.50,13.50,0
2018,4,38.60,243.70,163.50,31.70,56.60,192.98,521.00,9.20,0
2018,5,38.70,232.20,156.00,33.90,47.30,189.56,519.00,9.67,1
2018,6,92.20,225.30,159.40,37.80,26.40,183.32,589.50,10.55,0
2018,7,67.00,212.70,150.00,29.00,16.70,172.90,625.75,3.30,0
2018,8,15.40,222.10,156.80,46.10,21.00,181.30,619.50,5.77,0
2018,9,57.30,223.60,156.50,51.50,20.70,182.78,602.00,4.27,0
2018,10,38.40,223.60,156.50,45.00,19.10,182.62,606.75,5.13,0
2018,11,15.60,228.90,158.60,54.20,24.60,188.10,577.00,4.43,1
2018,12,18.80,230.30,162.20,50.40,31.10,190.06,556.00,5.77,0
2018,13,118.90,219.90,159.00,29.80,20.10,182.14,615.75,3.23,0
2018,14,28.50,219.40,157.20,37.50,15.50,180.56,605.41,3.52,0
2018,15,72.00,215.40,152.80,36.80,15.20,175.32,621.75,2.50,0
2018,16,29.10,216.10,150.90,43.90,17.80,179.38,607.25,2.80,0
2018,17,8.50,219.40,153.60,48.00,20.70,181.62,590.75,3.33,0
2018,18,11.90,219.60,153.50,44.90,20.20,182.46,597.00,2.75,0
2018,19,69.00,212.20,153.20,21.10,13.50,177.54,629.25,3.53,0
2018,20,4.60,220.80,151.00,65.00,21.70,180.14,582.00,4.93,0
2018,21,16.50,220.80,151.90,45.70,21.20,180.22,587.00,3.83,0
2018,22,1.80,222.40,146.70,46.10,26.60,180.42,553.00,2.80,0
2018,23,9.60,226.80,142.40,41.90,27.70,177.88,577.25,3.80,0
2018,24,2.10,236.10,131.60,67.30,45.00,178.02,497.50,6.77,0
2018,25,1.30,231.80,138.00,43.30,40.40,178.72,519.25,5.40,0
2018,26,0.00,244.00,134.20,61.60,60.40,185.24,456.75,6.47,0
2018,27,1.80,240.60,143.00,46.80,59.80,187.20,532.00,6.00,0
2018,28,7.00,237.30,147.90,51.50,43.60,184.90,560.00,4.31,0
2018,29,0.00,249.90,133.60,64.40,75.80,187.32,489.00,5.25,0
2018,30,0.00,246.10,143.90,50.70,74.00,190.90,487.00,7.85,0
2018,31,0.00,250.80,141.80,58.90,67.90,188.46,476.41,7.20,0
2018,32,0.00,254.30,142.40,59.40,80.30,191.28,445.75,10.07,0
2018,33,0.00,256.30,136.30,60.70,80.80,190.84,434.50,14.07,0
2018,34,0.00,257.80,139.20,72.10,92.30,193.74,392.75,14.50,0
2018,35,0.00,259.00,147.50,63.10,82.00,194.86,420.75,13.17,0
2018,36,0.00,258.60,145.80,67.50,85.40,195.56,412.00,12.33,0
2018,37,0.00,262.70,143.20,71.30,98.10,195.98,378.75,14.57,0
2018,38,0.00,265.60,151.00,74.60,108.50,201.12,370.25,15.00,1
2018,39,0.00,262.60,149.50,69.20,95.10,198.12,385.50,14.53,0
2018,40,0.00,260.00,156.40,59.30,90.60,196.68,408.00,12.97,0
2018,41,0.00,263.60,146.30,71.30,98.90,198.44,375.50,15.37,0
2018,42,0.00,260.50,156.20,59.90,77.80,198.60,415.50,13.50,0
2018,43,0.00,266.50,152.20,72.10,100.90,201.12,386.00,11.67,0
2018,44,0.00,263.70,155.60,64.00,96.00,201.12,396.75,11.97,0
2018,45,0.40,261.60,155.30,58.60,91.00,201.10,398.75,11.57,0
2018,46,0.00,264.50,152.70,66.70,106.30,203.00,367.00,13.40,0
2018,47,0.50,262.10,158.60,61.70,109.80,205.02,382.00,13.73,1
2018,48,0.00,255.60,163.50,39.80,89.10,203.30,428.50,12.33,0
2018,49,36.00,245.40,158.70,31.10,40.30,194.26,506.00,7.25,0
2018,50,56.10,235.60,149.50,42.00,55.50,187.96,564.00,6.75,0
2018,51,21.20,236.90,151.50,51.70,46.00,189.86,522.00,10.50,1
2018,52,19.90,227.50,149.10,50.10,43.60,184.68,568.00,9.00,0
2018,53,0.00,69.40,42.50,18.10,16.50,54.96,153.00,3.35,0
2019,1,0.00,182.40,106.90,45.40,57.20,141.90,314.75,7.70,0
2019,2,8.20,240.00,151.30,32.10,57.00,190.12,508.50,5.30,1
2019,3,33.60,220.60,152.20,27.20,22.30,179.78,613.00,5.63,0
2019,4,17.30,235.70,152.70,55.40,38.80,187.92,526.75,6.83,0
2019,5,56.50,234.20,154.00,39.40,37.70,188.12,559.25,6.04,0
2019,6,48.20,222.30,160.90,38.60,22.70,185.48,606.50,6.47,0
2019,7,17.10,230.10,163.60,41.10,37.90,190.24,561.50,5.97,1
2019,8,90.90,220.60,162.10,35.70,18.00,183.76,625.75,4.60,0
2019,9,23.90,220.30,157.90,36.40,16.70,180.60,618.50,3.50,0
2019,10,48.30,217.20,156.60,34.50,18.50,180.12,619.75,5.10,0
2019,11,30.30,215.80,157.10,34.20,17.40,179.70,617.00,5.40,1
2019,12,63.10,224.10,159.20,44.90,16.30,183.74,619.50,6.63,0
2019,13,113.10,218.40,161.10,39.90,14.20,181.38,629.00,3.07,0
2019,14,116.90,214.70,161.00,28.00,13.90,180.40,620.25,5.41,1
2019,15,7.60,223.20,160.00,48.20,19.40,184.90,614.50,5.14,0
2019,16,84.00,215.50,157.00,31.10,9.40,179.50,640.25,3.77,1
2019,17,8.70,219.20,162.60,42.80,18.30,185.64,599.00,3.94,0
2019,18,49.50,216.80,156.80,45.60,15.80,180.16,618.75,4287.00,2
2019,19,27.90,218.80,158.60,43.50,22.00,182.94,591.75,4.63,0
2019,20,24.00,223.20,157.90,56.00,21.30,184.34,598.75,5.14,0
2019,21,61.50,219.10,157.30,48.90,18.70,184.31,587.66,6.94,2
2019,22,0.00,222.70,154.30,54.80,30.12,182.86,586.00,5.14,2
2019,23,0.00,231.74,149.60,61.01,57.55,184.69,548.66,4.03,0
2019,24,9.30,185.60,133.51,25.10,49.33,157.33,512.00,4.46,2
2019,25,0.00,233.14,159.20,55.61,57.55,187.11,526.91,4.89,2
2019,26,0.00,236.54,142.40,61.41,57.55,184.79,494.91,6.86,0
2019,27,0.00,238.64,146.60,54.61,57.55,187.15,548.91,4.89,0
2019,28,8.70,237.00,152.70,55.70,57.55,186.38,556.00,4.89,2
2019,29,0.00,172.38,107.40,38.72,41.11,135.97,359.82,3.60,0
2019,30,3.95,204.20,128.11,47.40,49.33,162.25,428.00,3.60,1
2019,31,0.00,250.10,148.00,63.90,57.55,191.76,482.25,9.60,1
2019,32,0.90,244.70,145.40,56.10,57.55,189.34,437.00,8.06,13
2019,33,0.00,254.30,147.60,68.90,57.55,194.88,419.00,8.92,16
2019,34,0.00,255.90,147.40,72.30,57.55,193.26,415.50,8.40,13
2019,35,0.00,252.80,151.70,71.10,57.55,195.76,377.00,10.63,7
2019,36,0.00,256.20,154.90,63.80,57.55,195.58,421.50,8.92,13
2019,37,0.00,257.80,154.00,70.20,57.55,197.34,384.75,12.52,6
2019,38,0.00,261.20,154.80,70.80,57.55,197.66,389.25,10.97,3
2019,39,0.00,260.60,161.60,66.10,57.55,199.04,426.00,11.49,2
2019,40,0.00,255.10,154.30,63.80,57.55,195.80,405.25,11.83,0
2019,41,0.00,259.00,153.30,66.60,57.55,197.40,402.50,13.55,2
2019,42,0.00,261.40,158.80,62.90,57.55,200.16,409.75,14.40,0
2019,43,0.00,261.70,159.00,56.90,57.55,198.20,442.00,10.80,0
2019,44,0.00,264.80,152.10,71.90,57.55,199.18,410.75,10.63,0
2019,45,0.00,263.80,161.50,65.60,57.55,206.94,405.25,12.18,0
2019,46,0.00,263.70,159.00,66.90,57.55,201.90,416.75,11.49,0
2019,47,0.00,260.00,163.00,58.30,57.55,201.76,424.00,10.80,0
2019,48,0.00,263.30,160.90,70.00,57.55,203.08,419.50,10.97,0
2019,49,0.00,263.50,162.40,70.60,57.55,202.82,485.00,13.12,0
2019,50,0.00,258.20,167.30,54.40,57.55,202.42,500.00,14.66,0
2019,51,0.00,261.60,163.60,59.00,57.55,205.48,455.00,13.89,0
2019,52,0.00,263.70,165.10,61.00,57.55,206.30,446.00,13.12,0
