Semana,Ano,Precipitacao,TempMaxima,TempMinima,Insolacao,Evaporacao,TempMedia,Umidade,VelVento
1,2008,15.7,169.8,116,28.8,33.3,137.26,344.75,9.8
2,2008,5.6,248.1,155.3,53,62.3,192.6,475.25,8.866666
3,2008,20.3,226.3,161.9,27.7,32.9,184.8,584.75,8.833333
4,2008,56.8,221.9,159.4,34.1,36.7,182.88,582.75,6.200001
5,2008,38.4,224.4,161.2,41.4,27.3,185.16,591.75,6.133333
6,2008,28.4,237.5,156,66,31.4,189.76,499,8.766667
7,2008,21.5,233.8,158.6,45.3,33.2,188.3,545.5,9.166667
8,2008,57.8,229.6,159.2,40.8,18.2,186.4,570.25,3.9
9,2008,8.6,226.3,162.8,43.1,23,185.92,568,5.6
10,2008,99.3,217.2,152.6,32.4,12.9,175.84,610.75,5.100001
11,2008,13.1,214.8,152.3,40.2,13.1,176.64,611.25,5.033333
12,2008,36.5,219.5,151,48.2,13.1,174.44,602.75,4.566667
13,2008,115.9,215.5,159.4,28.7,10.7,177.48,625.25,4.566666
14,2008,118.6,214.2,155.8,36.9,12.7,176.2,620.75,3.966667
15,2008,149.1,211,155.4,35,9.1,176.06,638.75,5.500001
16,2008,21.4,216.1,158.5,44.2,11.2,180.62,613.5,5.333334
17,2008,30,216.4,158,41.5,9.7,180.66,614.75,4.966666
18,2008,66.4,217.4,159.8,42.7,14.4,181.24,604.75,4.933333
19,2008,100.4,217.9,156.3,44.9,10,178.86,607,3.9
20,2008,5,209.5,156,29.6,12.3,176.88,599.5,4.166666
21,2008,15,218.1,150.4,57,12.9,178.24,583.5,6.933333
22,2008,40.1,217.9,154.3,52.6,15.8,180,572,6.366666
23,2008,0.1,216.5,150.4,42.8,15.9,176.68,573,5.066667
24,2008,2.5,218.8,153.2,37.7,18.8,179,566.75,4.499999
25,2008,0.3,223.8,145.6,53.3,32.9,179.66,509,6.333333
26,2008,0,230.8,139.3,47.3,51.7,182.12,474,4.133333
27,2008,3.4,231.1,147.6,44.4,40.5,185.78,499.5,6.85
28,2008,0.1,234.6,145.2,55.3,40.2,185,450,5.15
29,2008,0.8,236.1,147.9,51,27.4,185.98,470,4.8
30,2008,0,246.6,147.4,60.5,40.7,192.12,487,6
31,2008,1.2,236.1,147.2,45.2,51.1,188.86,466.25,5.016667
32,2008,19.6,242,147.1,54.1,39.8,186.54,458.5,14.7
33,2008,4.9,246.7,147.4,69.5,42.4,191.54,405,9.7
34,2008,0,252.1,150.7,62.7,59.4,194.82,414.25,15
35,2008,0,256,150.2,63.6,59.5,195.24,449,19
36,2008,0,252.4,149.3,68.9,59.1,195.04,458,21.75
37,2008,0,257.4,157.5,71.4,74.3,200.7,426,24.25
38,2008,0,260.3,154.3,73.9,88.9,201.2,413,19.5
39,2008,0,261.9,150.7,69.6,76.6,198.88,431,29.15
40,2008,0,260.1,156.4,62.9,61.8,201.46,499,22
41,2008,0,263,154.7,66.6,78.7,200.18,364.25,14.833333
42,2008,0,263.2,158.4,70.1,89.3,202.26,371.5,18.366666
43,2008,0,262.6,158.1,73.6,77.7,202.22,363,16.066667
44,2008,0,267.3,159,73,100.1,203.16,356.5,22.266667
45,2008,0,263,157.4,65.6,81.3,200.88,398.75,15.933333
46,2008,9.8,257.1,158.4,63.8,66.2,198.86,395.5,19.333333
47,2008,0,261.2,151.8,67.9,80.5,199.1,393,17.066668
48,2008,0,261.2,158.7,64.8,104.8,202.46,386.75,20.666667
49,2008,0,257.7,163.7,58.5,86,202.58,433.5,20.381467
50,2008,0,261.8,163,63.3,82.5,201.84,465,24
51,2008,0,258.2,160.8,59.3,86.6,201.8,481.92,23.5
52,2008,0.3,256.2,158.6,54.3,82.2,200.68,483,19.75
53,2008,0.4,149.6,94.1,32.2,38.5,116.86,256.5,12.083333
1,2009,1,111.1,70.4,25.1,33.8,86.5,202.25,8.166666
2,2009,2,259.5,161.1,54.9,84.9,203.02,395,14.233335
3,2009,0,254.6,168,52.5,87.3,202.12,414.25,13.5
4,2009,126.9,228.3,161.6,32.9,35.3,185.46,579.5,10.133333
5,2009,45.8,224.6,159.8,41.2,31.8,186.34,553.5,12.366666
6,2009,23.4,225.1,159.8,47.3,27.8,187,551.25,8.099999
7,2009,6.8,232.1,159.9,58.8,40.2,189.52,521,11.166666
8,2009,41.6,221.5,156.9,38.4,19.6,181.94,593.25,9.2
9,2009,79.1,213.9,156.1,27.5,14,176.64,632.25,6.733334
10,2009,50.4,210.4,157.9,25.4,12,177.36,623.25,7.800002
11,2009,54,220.2,161.8,37,17.4,182.64,584.5,8.166667
12,2009,60,217,158.3,36.2,15.3,179.04,606,10.099999
13,2009,90.6,213,160.4,27.5,12.3,179.58,627.75,5.933333
14,2009,89.6,215,158.7,38.5,15.2,178.4,609,7.333333
15,2009,91,217.5,158.6,36.5,15.1,178.78,612,6.866667
16,2009,13.9,211,158.9,28.9,14.3,178.84,600,11.866667
17,2009,136.3,215.6,161.5,32.5,15.9,179.2,604.75,6.7
18,2009,48.6,214.6,159.1,35.9,14.1,179.76,604.25,7.333334
19,2009,89.1,210.9,158.4,34.9,11.7,176.88,605.25,5.1
20,2009,45.8,216.2,157.5,41.8,14.4,178.44,592.5,6.166667
21,2009,78,210.4,157.6,26.4,13.5,178.8,611.5,5.333333
22,2009,54.6,212.9,156.4,34.8,12.8,177.36,600.25,5.533333
23,2009,47.6,218.2,156.1,54.1,18.2,180.34,592.5,5.766667
24,2009,6.8,213.3,152.8,46.8,17.7,177.24,581.75,8.599999
25,2009,7.4,216.9,150.8,49.9,19.2,178.1,575.5,6.133334
26,2009,24.3,209.4,147.6,42.9,16.3,174.54,576.5,6.866668
27,2009,0.2,216.7,144.7,61.4,27.5,174.4,573.67,4.133333
28,2009,12.7,213.8,145.4,40.5,15.5,173.2,600,3
29,2009,11.9,218.7,149.6,43.5,12.2,177.66,596,3.1
30,2009,15.2,216.6,149.3,50.5,7.5,176.16,598,3.5
31,2009,0,233.7,138.2,72.5,36.1,178.2,547.75,3.1
32,2009,7.2,233.9,139.9,65.3,51.3,179.86,504.25,12.466668
33,2009,3,237.6,142.4,60.3,39.2,183.66,464.75,7.333333
34,2009,0,247.4,138.8,71.6,61.3,187.18,451.75,16.433334
35,2009,8.6,239.5,149.3,54.3,68.5,185.36,479.75,11.4
36,2009,0,252.4,140.6,72.4,84.1,191.22,412.25,14.966666
37,2009,0,253.2,142.8,69.9,77.1,191.58,408.75,15.333334
38,2009,0,255.5,157,61.8,65.6,195.8,438.5,21
39,2009,0.3,256.6,151.6,64.9,77.5,195.04,396.5,17.766666
40,2009,0,259.7,149.2,75,90.1,198.22,377,24.733332
41,2009,0,257.3,150.9,65.3,88.1,194.28,407.25,17.8
42,2009,0,256.6,147.1,64.8,65.3,193.7,408.25,16.983334
43,2009,0,260.4,151.7,60.8,62.4,194.16,466,14.6
44,2009,0,220.8,127.2,46,50.42,166.6,354.5,18.066666
45,2009,0,261.4,151.9,68.2,84.2,198.96,392,21.833334
46,2009,0,258.9,158.2,61.5,83.4,199.04,406.25,22.666667
47,2009,0,254.8,153.1,59.5,85.2,196.68,398.25,17.9
48,2009,0,258.7,147.5,66.9,84.2,196.6,395.75,22.833334
49,2009,0,257.6,157.1,49,90.4,200.32,426.25,20.083334
50,2009,0.7,257,156.9,54,85.3,200.34,470,24.25
51,2009,0.6,254.6,159.2,57.5,70,200.02,466,25.75
52,2009,0,256.5,164.8,49.2,76.7,203.82,428,24
53,2009,0.6,217.2,142.2,36.6,56.3,172.12,370,21.333334
1,2010,1.5,65.2,48,3.9,14.1,54,139.25,3.7
2,2010,10.7,244.1,156.7,33.7,58.9,194.02,461.25,12.533333
3,2010,0.5,249.8,157.5,46.7,55.6,196.56,437,12.633333
4,2010,57.4,249.1,158.1,56.4,56.6,197.04,437,16.066668
5,2010,104.6,238.9,162.1,48.3,34.8,190.44,531.75,12.533334
6,2010,1.9,243.9,164.6,59.5,46.2,199.62,424.25,18.4
7,2010,48.6,226.8,158.5,27.8,27.4,186.82,560.5,8.233333
8,2010,15.8,240.4,159.5,61.7,31.8,194.2,471.25,16.000001
9,2010,1.1,257.2,162.6,63.4,56,202.12,432,12.733334
10,2010,0,263.1,161.7,66.1,63.6,202.98,395.75,16.766667
11,2010,0,262.4,167.4,59.4,65.3,203.98,429.5,14.6
12,2010,36.5,257.1,162.9,54.3,71.3,200.68,440.5,16.533333
13,2010,6.7,239,166,35.8,34.7,193.34,511.5,9.833334
14,2010,96.3,232.7,165.4,40,27.7,188.56,580.5,7.066667
15,2010,10.9,227.8,165.8,42.2,23.5,189.92,557.25,7.566666
16,2010,3.6,232.2,161.9,51.1,24.4,190.68,505.5,11.366666
17,2010,39.7,225.7,164.6,42.1,18.9,187.44,562.25,7.1
18,2010,19,235.9,158,51.6,32.2,188.92,524.5,9.566667
19,2010,23.9,230.6,161.6,47.8,20.5,187.9,561.5,6.266667
20,2010,1.3,239.6,158.3,59.8,30,192.5,482,11.033333
21,2010,0,252.5,154.7,65.2,55.9,196.86,438.5,12.366665
22,2010,13.9,252.4,162.1,58,51.5,199.28,441,14.633334
23,2010,69.5,241.1,161,52.8,52.3,191.62,511.25,10.233333
24,2010,0,241.8,149.8,69.3,51.8,191.88,432.5,10.566667
25,2010,3.6,240.3,153.3,52.8,58,194.62,417.25,11.066666
26,2010,0,252.1,145.6,68,72.7,195.32,383.75,13.1
27,2010,0,250.2,151.1,57.1,77.2,198.16,403,11.75
28,2010,8.8,253,150.4,58.7,81.1,198.28,440,10.4
29,2010,0,249.1,153.9,53.1,81.1,197.3,460,9.45
30,2010,0,251.8,152.8,56.4,80.4,198.62,453,7.35
31,2010,0,256.7,150.8,67.4,98.2,200.8,451,8
32,2010,0,256.5,155.7,62,93.3,199,442.25,14.433334
33,2010,0,254.7,145.2,67.8,95.2,196.14,423.5,15.8
34,2010,0,256.2,147.8,72.1,97.4,196.3,458.5,13.166666
35,2010,0,261.9,157.6,71.5,98,200.56,438.5,17.166666
36,2010,0,258.6,150.7,70,97.1,199.32,427,15.833334
37,2010,0,260.2,152.9,72.3,96,197.76,425.75,19.5
38,2010,0,263.9,152.2,73.5,106.6,201.02,399.75,17.733334
39,2010,0,263.1,151.8,73.5,99,204.4,355,21.500001
40,2010,0,265.9,157.4,74.4,104.1,200.66,380.75,20.399999
41,2010,0,270.1,153.3,73.4,99.4,200.96,361,19.166667
42,2010,0,262.3,156.8,65.1,100,201.16,359.25,18.166667
43,2010,9.9,256.5,161.4,51.1,82.9,197.9,424.75,15.266668
44,2010,0,260.9,165.6,58.9,73.9,200.54,412.75,10.8
45,2010,0,266.3,160.7,72.9,95.3,203.84,366.25,23.999999
46,2010,0,268.8,156.3,74.2,100.2,205.88,356,17.666666
47,2010,0,260.4,165,57.7,89.3,202.86,399,20.733333
48,2010,0,262.3,158.3,63.9,91.1,201.36,385.25,21.900001
49,2010,0,261,164.3,59.2,93.5,204.8,404,23.75
50,2010,0,255.5,163.2,54.1,81.5,200.54,458,25.75
51,2010,25.2,230.4,158.9,20,43.4,186.44,565,12.5
52,2010,34,247.3,157.4,57,64,195.42,495,19.25
53,2010,0,211.6,138.9,54.9,46.5,168.06,415.75,17.25
1,2011,0,35.9,20.8,10.9,11.2,28.08,52.75,3
2,2011,54.1,234.6,160.7,47.2,51,189.8,493.5,13.9
3,2011,44,219,152.7,40.8,30.6,181.04,545.5,9.266667
4,2011,30.5,209,153.3,18.8,20.4,173.88,591,10.733333
5,2011,57,212,151.1,38,18.5,176.9,588,7.900001
6,2011,28.4,227.4,159.8,57,21.5,185,550,13.433333
7,2011,20.3,225.3,156.7,47.5,18.8,185.26,535.75,8.133333
8,2011,31.4,218.4,157.8,34.3,17.6,179.22,578.75,8.633334
9,2011,44.5,219.4,154.6,43.2,13.3,177.9,630.25,7.233332
10,2011,70.4,215.9,155.6,43.1,14,176.96,589.75,6.333333
11,2011,92.7,213.3,154.2,35,8.3,177.88,610.25,3.766666
12,2011,14.2,218.8,153.5,46.7,6.8,178.74,596,7.166667
13,2011,3.8,224,155.1,54.6,7.5,182.12,574,7.966667
14,2011,54.1,219.3,155.6,40.3,5.3,180.2,602.75,7.600001
15,2011,98.3,220.1,152.3,49.6,4.1,179.06,577.75,6.333333
16,2011,169.4,209.4,154.1,24.5,5.4,174.12,610.5,8.800001
17,2011,42.4,216.1,155.3,45,12.5,178.82,602.25,5.699999
18,2011,21,216.4,158.5,41.8,15.2,178.24,572,7.266667
19,2011,14.2,212.8,160.8,31.2,13.1,181.94,592.75,6.766666
20,2011,49.8,216.8,160.3,41.2,18.5,182.24,555.75,7.100001
21,2011,44.8,216.9,157.8,47.8,17.5,181.02,577.5,4.366667
22,2011,4.7,215.5,158,53,20.4,181.42,554.5,7.666667
23,2011,26,215.3,146.3,51.3,18.8,176.98,541.75,3.666666
24,2011,4.9,220.3,150.3,57.1,24,179.18,547.25,9.233333
25,2011,0.2,224.2,143.9,59.5,37.5,180.2,521.25,9.033332
26,2011,28.9,219.4,149.5,46.5,25.4,179.34,543.5,6.666666
27,2011,1.5,225.8,148.4,59.4,32.1,180.82,532.75,6.883333
28,2011,19.9,214.2,151.3,43.2,36.1,178.3,595,6.4
29,2011,30.8,213.7,150.3,43.5,34.7,177.06,557.92,3.8
30,2011,0,230,146.2,61,36.9,183.48,510.92,4.05
31,2011,0,231.5,141.2,58.4,61.6,184.18,477.92,6.25
32,2011,0,243.9,143.6,61.2,57.3,186.9,452.75,8.866665
33,2011,0.4,246.5,147.4,69.6,68.5,191.5,420,14.299999
34,2011,0,249.1,143.3,67.9,76.6,190.6,392.75,12.066666
35,2011,6.7,240.8,150.5,60.4,79.8,190.06,414.75,17.333334
36,2011,0,251.2,144.9,66,84.4,191.2,399.75,17.933333
37,2011,0,253.8,143.7,68.7,80.42,193.92,455,22.666667
38,2011,0,254.5,149.6,66.5,86.9,196.62,464,22.75
39,2011,0,260.2,149.3,72.2,90.5,197.54,468,22.75
40,2011,0,261,152.8,68.9,88.6,198.52,481.75,27.25
41,2011,0,262,155.5,69,98.5,199.22,398.25,22
42,2011,0,256.4,160.6,56,84.3,197.1,419.75,14.233334
43,2011,41,243.8,160,36.4,53.7,191.46,483.75,12.833334
44,2011,0,251.3,156.3,67.4,79.5,195.66,408.25,15.433333
45,2011,0.2,244.6,151.8,56.2,64.6,192.62,437,17.5
46,2011,0,256.7,151.4,67,84.3,197.36,383.75,17.9
47,2011,0,257.8,147.9,70.4,84.8,196.46,388.75,21.233333
48,2011,0,255.8,151,56.5,81.7,196.58,404.25,15.466667
49,2011,0,257.1,156.8,58.9,73,196.36,440.75,16.933333
50,2011,0,256.1,147.4,67.8,88.2,197.52,458,30.75
51,2011,0,256.5,152.2,66.5,82.4,196.22,478.92,21
52,2011,0,259.7,161.5,58.7,86.3,200.48,492,30.25
53,2011,0,258.7,159.9,60.1,83.4,200.6,478.25,21.333333
1,2012,0,255.9,161.5,61.8,87.6,200,415.75,21.999999
2,2012,0,259.6,157.8,65.5,96.7,201.58,391.25,18.5
3,2012,95.8,237.7,160.3,31.9,55.7,189.52,492.75,13.166667
4,2012,9.6,232.9,159.2,34.9,44.1,188.52,494.5,8.466667
5,2012,0,244.7,156.7,69.2,69.5,194.54,409.5,18.333332
6,2012,1.8,248.9,159,48.8,81.8,195.9,417,16.8
7,2012,18.4,232.5,159.9,27.8,47.1,185.82,512.5,13.100001
8,2012,68.5,234.6,151.5,55.2,33.2,182.6,544.25,9.419252
9,2012,6.7,226.4,152,55.9,35.6,183.3,524.25,8.333334
10,2012,8.6,234.4,157.2,56.8,45.9,188,520.5,11.681106
11,2012,11.1,235.6,158.9,42.6,35.6,188.6,496.5,10.733334
12,2012,57.8,230.3,153.6,40.4,41,185.18,564.75,6.933333
13,2012,113,222.5,157.2,32.5,24.8,182.6,555.75,13.633334
14,2012,11,231.4,157.4,49.3,26.7,188.08,554.5,6.900001
15,2012,0,238.8,157.1,54.1,42.9,191.12,464,8.533334
16,2012,34.8,223,157.7,32.3,21.1,181.98,598,6.066667
17,2012,4,237.6,156.5,55.7,29.5,189.4,504.25,10.466668
18,2012,0,245.3,150.6,62.3,53.9,192,447,11.533334
19,2012,0,250.7,155.2,53.8,62.2,195.16,420.75,16.433333
20,2012,1.8,253.2,159.9,61.6,58.9,195.76,424.75,18.066667
21,2012,5.3,241.1,149.3,52.5,58.8,188.5,460.25,7.100001
22,2012,0,250.8,151,59,50.8,194.82,396.5,12.699999
23,2012,0,245.8,151,43.7,66,193.7,434.25,18.033333
24,2012,0,252.1,148.1,57.5,77.5,194.9,396.5,15.566666
25,2012,0.1,250.5,154,52.8,64.1,192.74,454,14.666666
26,2012,0,249.5,149.3,60.2,69.6,194.64,400.25,15.2
27,2012,0,245.2,154.2,47.8,85.8,195.3,424,6
28,2012,0,252.7,154.7,56.1,81.6,195.34,463,7.65
29,2012,0,248.7,150.1,50.1,78.7,192.6,462,8.55
30,2012,0,252.4,149.9,69.6,93.3,197.5,403,14.1
31,2012,0,251.6,140.9,73.1,97.4,194.24,358.5,11.5
32,2012,0,251.6,159.1,60.1,78.7,196.8,405.75,21.166666
33,2012,0,252.2,149.1,61.8,99.5,197.32,378,18.9
34,2012,0,254.1,145.2,74.3,102.3,196.68,358.75,20.833333
35,2012,0,256.8,148,70.3,95.5,194.82,401.25,19.233333
36,2012,0,254.4,149.4,75.2,101.4,196.4,448,30.75
37,2012,0,257.4,149.6,69.5,93.6,196.8,470,27.25
38,2012,0,257.2,155,68.1,96.6,199.2,466,22.75
39,2012,0,257,157.2,70.6,93.9,198.48,476,20.25
40,2012,0,259.53,155.51,72.3,79.8,198.02,436.92,24.706667
41,2012,0,259.5,159.6,62.6,90.6,199.84,401.75,20.233334
42,2012,0,256.4,159.9,61.7,97.8,198.86,395.5,18.133334
43,2012,1,263.2,155.7,66.3,98.4,198.78,402,16.833333
44,2012,0,258,156.8,63.8,89.6,196.48,436.5,17.438148
45,2012,0,257.9,158.8,69.8,96.7,198.34,405.25,15.166667
46,2012,0,262.9,156.4,69.7,83.7,198.4,392,16.2
47,2012,0,262.8,160.8,67.9,98.9,201.58,381,11.933332
48,2012,0,251.4,164.9,52.9,84.1,200.3,423.5,14.866666
49,2012,0,256.2,160.2,58.6,85.4,200,490,28
50,2012,0,261.1,161.6,63.9,87.7,202.66,473,25.25
51,2012,0,258.9,166.6,57.4,84.4,203.94,480,20
52,2012,0,260.8,166.1,55.8,84.2,203.5,491,17.5
53,2012,0,74.2,48.3,12.9,22.5,58.38,126.25,4
1,2013,73.9,167,114.7,12.9,34.6,134.36,368.5,7.433333
2,2013,12.3,243.6,165.6,49.1,60.9,197.24,461.25,12.4
3,2013,10.6,242.9,164,50,66.72,196.7,481.75,8.866667
4,2013,4.8,245.9,161.1,47.8,47.4,195.42,505.5,11
5,2013,0,258.3,159.7,63.1,82.7,201.16,417,14.566666
6,2013,1.2,256.6,162.4,54.1,82.7,201.08,430.75,15.966667
7,2013,50.4,241.5,169,45.8,64.7,196.88,489.5,11.400001
8,2013,65,229.2,155.7,50.8,33.2,187.76,528.75,9.033333
9,2013,0,246.9,160.8,71.4,73.4,199.7,430,13.066667
10,2013,0,253,164.8,55.9,83.4,202.78,428.25,11.966665
11,2013,0,259.5,168.4,55.5,71.1,204.68,433.25,14.7
12,2013,24.5,242.4,165.3,44,54.32,195.92,483.75,10.166667
13,2013,85.8,227.6,158.3,49.8,26.2,186.52,537,7.933334
14,2013,22.5,229.9,159.8,51.1,30.1,190.04,515.25,10.433333
15,2013,0,238.7,162.3,61.2,39,193.72,475.5,10.633333
16,2013,32.6,229.8,160,44,37.8,187.42,497,7.500001
17,2013,17.2,226.7,159,49.6,24.2,185.8,530.25,6
18,2013,46,224.5,155.9,46.5,25.8,183.52,560,4.466667
19,2013,5.7,227.5,158.2,53.2,25.2,186.48,538,6.533334
20,2013,51.8,223,156.9,42.4,27.7,184.08,533,5.100001
21,2013,5.9,221.5,157.7,41,16.5,182.3,564,5.633333
22,2013,0,231.6,142.6,68.8,41.2,182,497.5,7.566667
23,2013,4.1,234.6,147.7,66.2,40,185.5,487,7.099999
24,2013,27.6,230.8,158,47.1,48.8,187.04,487.5,6.933333
25,2013,27.7,229.5,146.7,52.6,44.1,182.4,506.75,8.266667
26,2013,0.8,230.5,152.6,52.6,36.9,186.78,490.25,6.199999
27,2013,18,226.1,150.7,48.4,42.4,182.82,535,3.566667
28,2013,5.3,232.3,146.9,57.2,49.7,184.58,514.92,6
29,2013,24.4,230.4,144.4,56.1,46.1,182.18,534,5.1
30,2013,3.7,237.7,147.5,55.7,57.3,188.04,507,8.25
31,2013,0,247.8,138.7,73.6,76.6,189.66,394.75,7.066666
32,2013,0,249.6,143.2,69.9,85,191.7,373.25,9.833334
33,2013,0,254.3,155.3,67,83.8,196.04,408.75,13.166668
34,2013,0,254.6,155,70.3,88.7,197.06,396.5,13.833333
35,2013,0,256.3,158.9,61.2,91.8,199.52,406.5,12.566667
36,2013,0,255.2,158.2,67.2,94.8,198.06,374.75,13.1
37,2013,0,258.6,159.3,68.4,88.8,198.6,408.25,14
38,2013,0,258.5,158.6,74.3,94.14,200.92,362,17.399999
39,2013,0,259.7,155.3,72.5,93.8,197.64,419.25,13.899999
40,2013,0,262.1,151.7,73,97.2,197.9,380.25,12.333333
41,2013,0,265,158.3,66.9,101,202.18,371.5,13.133333
42,2013,0,258.8,157.5,72.2,106.7,200.74,370.5,16
43,2013,0.7,262,156.7,68.5,98.7,200.4,412.5,13.666667
44,2013,0,257.1,158.2,69,92.8,198.62,394.5,16.4
45,2013,55.9,252.2,154.1,51.6,80.5,195.28,441.5,14.333333
46,2013,0,250.5,157.4,57.1,90.1,196.62,393.5,14.133334
47,2013,0.7,248.7,153.9,53.2,85.4,195.82,422.5,14.866666
48,2013,0,252.9,154.6,56,70.3,196.4,401.75,12.499999
49,2013,0,259.2,155.2,69.8,85.8,199.56,439,14.25
50,2013,0,255.4,152.7,70.1,84.5,196.42,490,18.25
51,2013,13.7,241.9,159.2,37.6,64.7,193.58,489,11.5
52,2013,0.6,255.3,153.4,57.7,74.7,198.86,488,12.75
53,2013,0,109.9,62.6,26.6,25.8,84.56,185.75,6.666667
1,2014,0.3,141.6,87.9,33.4,41.8,111.58,255.75,6.999999
2,2014,59.4,234.9,153,41,42.5,184.08,509.25,9.333334
3,2014,0.4,237.2,160.1,46.6,65.6,193.06,489.75,9.499999
4,2014,2.2,246.4,155.2,48.7,65.8,195.42,432.75,11.366667
5,2014,19.5,246.4,151.7,48.2,64.8,192.74,484.25,10.266667
6,2014,1.3,241.5,156.7,37.8,48.3,192.8,483.5,10.4
7,2014,88.6,239.3,161,32.5,49.1,193.96,509,6.4
8,2014,90.6,224.9,153.3,35.9,23.8,181.62,562.5,4.466666
9,2014,0.7,236.4,150.8,58,47.9,189.72,494.75,7.666666
10,2014,25.2,232.7,157.1,45.9,36,188.62,533,7.633333
11,2014,16.2,221.5,156.2,40.3,25.3,181.74,573.5,8.066667
12,2014,52.5,227.1,153.1,47.6,31.2,183.94,566.75,5.366666
13,2014,3.6,234.3,155.4,58.3,37.4,189.02,537.75,7.799999
14,2014,103.3,224.6,150.1,36.7,21.4,179,598.25,4.633334
15,2014,71.3,217.4,152.7,34.1,14.5,179.06,618.75,2.933333
16,2014,34.1,222.4,153.1,49.9,20.3,184.16,580.75,3.266666
17,2014,20.3,229,157.01,42,23.1,186.26,565.25,7.48
18,2014,60.8,218.9,152.9,36.6,14.3,179,588.5,5.70888
19,2014,46.8,226.9,153.4,52.5,28.1,184.54,577.25,9.75776
20,2014,31.4,217.4,152.6,35.5,16,179.26,597.5,10.78
21,2014,32.3,227.2,151.6,55.6,19.6,184.06,570.5,10.24
22,2014,5.9,225.6,146.7,55.1,13.3,182.06,568.25,4.466666
23,2014,0.6,232.3,146.3,63.2,26.1,185.94,528.75,5.466666
24,2014,2.4,238,145,60.5,42.7,186.04,500,5.166667
25,2014,0,237.7,147.9,45.7,65.1,189.84,497.75,6.899999
26,2014,7,239.6,145.5,51.8,80.8,189.6,460,9.4
27,2014,0,248.4,139.2,62.2,84.4,190.54,487.76,8.133333
28,2014,0,247.8,149.3,57.2,96.12,194.38,494.84,7.8
29,2014,0,249,142.3,72.7,96.7,193.1,469,10.15
30,2014,0,245.8,137.9,63.1,91.9,192.04,462,8.25
31,2014,0,253.6,141.1,70.6,74.2,194.56,442.17,10.566666
32,2014,0,252.7,142.1,64.3,84,192.86,437.25,12.966667
33,2014,0,254.2,138.5,67.1,90.1,194.96,393.75,12.366667
34,2014,0,255.5,142.9,70,79.3,195.7,402.5,11.033333
35,2014,0,252.5,151.6,61.4,95.6,197.04,411.5,14.166667
36,2014,0,255.6,154.8,61.3,88.6,196.48,406,13.733334
37,2014,0,256,159.1,62.5,90.5,199.98,389,14.333333
38,2014,0,256.6,158.9,66.1,88.5,197.56,412.25,16.833334
39,2014,0,260.8,154.4,69.2,94.8,198.68,378.25,12.399999
40,2014,0,258.4,165.4,58.2,92.2,200.82,409,16.066667
41,2014,0,260.1,165.1,69.1,93.7,203.38,381.75,11.833333
42,2014,0,265.8,160.6,72.4,103.7,204.14,384,13.833334
43,2014,0,260.1,157.4,70,88.4,199.3,398,10.466667
44,2014,0,260.2,152.7,70,106.1,199.76,347.25,14.666666
45,2014,0,256.3,163.4,54.8,84.1,199.18,392.75,12.733333
46,2014,0,258.4,155.2,56.4,82,197.54,370.25,15.833333
47,2014,3.6,250.8,169.8,54.8,76,200,396.5,15.666667
48,2014,0,258.1,154.7,68.8,88.4,199.12,370,14.833332
49,2014,0,256.2,157.9,61.9,74.4,200.5,399,13.583333
50,2014,0,253.7,161.4,53.2,84.5,200.32,435,15.75
51,2014,0,254.6,159.9,56.1,75.4,199.68,440.92,11.5
52,2014,0,249.6,162,41.2,87.5,200.84,419,15.75
53,2014,2.6,144.5,93.1,26.6,40.3,112.96,260.25,5.983333
1,2015,2.8,105,72.6,19,33.3,83.28,195.25,4.233334
2,2015,10.8,248.8,159.7,56.6,70.4,196.08,419,11.433334
3,2015,0,258.8,163.4,64.7,101.1,203.86,372.5,15.233333
4,2015,1.4,253.1,163.5,49.2,87.3,199.8,401.75,11.133333
5,2015,0,259.1,155.6,64.2,92.8,201,360,10.5
6,2015,25.9,248.4,161.9,43.4,62.9,195.08,480,9.4
7,2015,10.7,258.4,163.2,66.1,89.9,205.18,379.5,14.266667
8,2015,62.2,229.3,158.4,25.7,42.5,185.7,536.25,5.666666
9,2015,101.1,220.2,155.5,29.9,22.4,180.64,571.75,5.433333
10,2015,23.2,220.3,156.5,40.3,17.9,180.6,567.75,4.799999
11,2015,10.7,226.6,157.5,48.4,26.4,184.88,539.25,5.200001
12,2015,33.4,230.1,161,43.3,34.2,188.02,523.25,6.633334
13,2015,14.5,216,158.9,33.3,17.8,179.56,569,3.7
14,2015,93.6,221.1,158,34.7,15.7,178.64,613.75,4.4
15,2015,34.1,222,159.5,35.3,16.9,182.48,598.5,4.966665
16,2015,8,220.9,155.6,38.9,17.2,182.22,577,5.133333
17,2015,11.5,220.4,158.5,49.8,19.7,183,578.75,4.466667
18,2015,0,233.1,150.2,62.7,33.8,185.8,536,7.966668
19,2015,24.5,230.7,155.4,50.8,36.9,187.1,543,6.900001
20,2015,0,234.1,147.5,67.9,41,186.5,510.25,7.733332
21,2015,5.1,238.6,154,48.3,47.9,190.76,518,6.75
22,2015,0,246.1,151.9,52.2,49.7,192.88,536,9.5
23,2015,40,243,155.8,50.5,49.2,189.96,475,9.5
24,2015,2.1,243.3,149.1,53.1,51,190.52,458,12.333332
25,2015,1.2,248,142.5,65.8,75.4,189.62,424,9.833333
26,2015,1.6,246,146.5,55.3,66.2,189.62,424,10.833334
27,2015,31.2,236.8,151.6,39.6,61.3,189.42,499.75,7.1
28,2015,5.2,237,144.8,58.5,51,186.28,479.92,6.45
29,2015,0,231.8,146,48.6,71.62,186.46,454,8.35
30,2015,0,244.3,149.2,56.8,70.1,191.08,481,8.5
31,2015,0,248.4,149.3,63.7,75.7,193.56,451.5,10.3
32,2015,0,251.5,140.3,73.3,88.1,193.16,405.75,10.033333
33,2015,0,251,144.2,67.8,91.7,193.8,400.75,10.133334
34,2015,0,257.7,148.5,72,89.8,195.92,399,8.166666
35,2015,0,258.9,149.1,70.8,89.1,194.5,422.25,13.299999
36,2015,0,255.9,155.7,57.8,79.7,194.34,442.5,9.1
37,2015,0,257.6,154.2,68.2,95.1,197.32,410.5,11.500001
38,2015,0,257.8,154.6,69.8,91.6,197.08,405,11.966668
39,2015,0,257.7,148.9,64.7,101,195.74,397,14.500001
40,2015,0,260.5,152.8,65.8,99.2,197.68,385.25,9.5
41,2015,0,260.2,159.3,66.6,104.7,199.84,403.75,13.733333
42,2015,0,262.9,158,69.7,108.1,202.5,354.75,14.999999
43,2015,0,264.2,154.9,71.4,101,199.4,388.5,11.066666
44,2015,0,255.5,150.5,60.8,99.5,195.78,374.75,12.4
45,2015,0,263.8,153.3,75.8,103.1,200.5,358.5,10.733333
46,2015,0,259.2,160.3,61.5,92.1,198.22,389.5,8.966667
47,2015,0,266.1,152.2,74.6,102.9,201.02,379.5,10.9
48,2015,0,264.2,157,67.1,94.9,201.04,392,7.266667
49,2015,0,265.2,162,74.2,109.5,204.56,420.5,14
50,2015,0,264.2,159,65.9,83.9,203.12,447,13.25
51,2015,0.6,262.3,161.7,60.3,91.7,203.44,461,12.25
52,2015,0.7,260.3,162.8,64.8,89.5,203.44,426,12.5
53,2015,5.1,180.9,117.5,33.1,66.8,145.02,292,6.583333
